,entity,code,year,literacy_rate,mf_youth_and_adults__15_64_years__average_years_of_education,population_historical,owid_region
0,Afghanistan,AFG,1870,,0.01,4101170.0,Asia
1,Afghanistan,AFG,1875,,0.01,4193635.0,Asia
2,Afghanistan,AFG,1880,,0.01,4288021.0,Asia
3,Afghanistan,AFG,1885,,0.01,4384343.0,Asia
4,Afghanistan,AFG,1890,,0.01,4482635.0,Asia
5,Afghanistan,AFG,1895,,0.01,4582928.0,Asia
6,Afghanistan,AFG,1900,,0.01,4707744.0,Asia
7,Afghanistan,AFG,1905,,0.01,4982681.0,Asia
8,Afghanistan,AFG,1910,,0.01,5504191.0,Asia
9,Afghanistan,AFG,1915,,0.02,7654918.0,Asia
10,Afghanistan,AFG,1920,,0.03,10188845.0,Asia
11,Afghanistan,AFG,1925,,0.04,8416077.0,Asia
12,Afghanistan,AFG,1930,,0.04,6626142.0,Asia
13,Afghanistan,AFG,1935,,0.05,6409250.0,Asia
14,Afghanistan,AFG,1940,,0.2,6468510.0,Asia
15,Afghanistan,AFG,1945,,0.22,6917471.0,Asia
16,Afghanistan,AFG,1950,3.0,0.28,7776180.0,Asia
17,Afghanistan,AFG,1955,,0.32,8326981.0,Asia
18,Afghanistan,AFG,1960,,0.39,9035048.0,Asia
19,Afghanistan,AFG,1965,,0.44,10036003.0,Asia
20,Afghanistan,AFG,1970,,0.72,11290134.0,Asia
21,Afghanistan,AFG,1975,,0.97,12773966.0,Asia
22,Afghanistan,AFG,1979,18.16,,13655575.0,Asia
23,Afghanistan,AFG,1980,,1.29,13169313.0,Asia
24,Afghanistan,AFG,1985,,1.73,11426855.0,Asia
25,Afghanistan,AFG,1990,,2.06,12045664.0,Asia
26,Afghanistan,AFG,1995,,2.4,17065837.0,Asia
27,Afghanistan,AFG,2000,,3.03,20130334.0,Asia
28,Afghanistan,AFG,2005,,3.32,24404575.0,Asia
29,Afghanistan,AFG,2010,,3.93,28284088.0,Asia
30,Afghanistan,AFG,2011,31.45,,29347708.0,Asia
31,Afghanistan,AFG,2015,33.75,4.81,33831767.0,Asia
32,Afghanistan,AFG,2020,36.014965,5.69,39068977.0,Asia
33,Afghanistan,AFG,2021,37.27,,40000410.0,Asia
34,Africa,OWID_AFR,1870,,0.057632297,122086255.0,
35,Africa,OWID_AFR,1875,,0.0679372,125042995.0,
36,Africa,OWID_AFR,1880,,0.0829817,128194527.0,
37,Africa,OWID_AFR,1885,,0.10104209,131669056.0,
38,Africa,OWID_AFR,1890,,0.11763715,135054738.0,
39,Africa,OWID_AFR,1895,,0.12729484,136921163.0,
40,Africa,OWID_AFR,1900,,0.14558923,138755559.0,
41,Africa,OWID_AFR,1905,,0.17948055,141220048.0,
42,Africa,OWID_AFR,1910,,0.22879495,144068383.0,
43,Africa,OWID_AFR,1915,,0.3172326,147042086.0,
44,Africa,OWID_AFR,1920,,0.46067154,150865200.0,
45,Africa,OWID_AFR,1925,,0.5505489,159672951.0,
46,Africa,OWID_AFR,1930,,0.65101254,169928217.0,
47,Africa,OWID_AFR,1935,,0.7203865,181010603.0,
48,Africa,OWID_AFR,1940,,0.82451165,193310936.0,
49,Africa,OWID_AFR,1945,,0.9153555,209035596.0,
50,Africa,OWID_AFR,1950,,1.0554335,227776838.0,
51,Africa,OWID_AFR,1955,,1.181265,253538234.0,
52,Africa,OWID_AFR,1960,,1.3246403,283922294.0,
53,Africa,OWID_AFR,1965,,1.5626957,320995365.0,
54,Africa,OWID_AFR,1970,,1.900925,365456903.0,
55,Africa,OWID_AFR,1975,,2.2973142,418322666.0,
56,Africa,OWID_AFR,1980,,2.8511786,482922202.0,
57,Africa,OWID_AFR,1985,,3.4740546,559417482.0,
58,Africa,OWID_AFR,1990,,4.1424775,643490587.0,
59,Africa,OWID_AFR,1995,,4.7085795,732395090.0,
60,Africa,OWID_AFR,2000,,5.012495,830226481.0,
61,Africa,OWID_AFR,2005,,5.4465013,942115143.0,
62,Africa,OWID_AFR,2010,,5.890455,1071809929.0,
63,Africa,OWID_AFR,2015,,6.1954384,1219484027.0,
64,Africa,OWID_AFR,2020,,6.6818657,1379939686.0,
65,Albania,ALB,1870,,0.02,604928.0,Europe
66,Albania,ALB,1875,,0.03,634193.0,Europe
67,Albania,ALB,1880,,0.03,664842.0,Europe
68,Albania,ALB,1885,,0.04,696970.0,Europe
69,Albania,ALB,1890,,0.05,730840.0,Europe
70,Albania,ALB,1895,,0.06,767593.0,Europe
71,Albania,ALB,1900,,0.08,805974.0,Europe
72,Albania,ALB,1905,,0.1,843514.0,Europe
73,Albania,ALB,1910,,0.15,881057.0,Europe
74,Albania,ALB,1915,,0.24,911841.0,Europe
75,Albania,ALB,1920,,0.36,941221.0,Europe
76,Albania,ALB,1925,,0.51,966828.0,Europe
77,Albania,ALB,1930,,0.67,995454.0,Europe
78,Albania,ALB,1935,,0.84,1044694.0,Europe
79,Albania,ALB,1940,,1.08,1100833.0,Europe
80,Albania,ALB,1945,,1.8,1167887.0,Europe
81,Albania,ALB,1950,72.5,2.75,1247854.0,Europe
82,Albania,ALB,1955,,2.93,1418855.0,Europe
83,Albania,ALB,1960,,3.23,1649393.0,Europe
84,Albania,ALB,1965,,3.63,1894317.0,Europe
85,Albania,ALB,1970,,4.63,2181226.0,Europe
86,Albania,ALB,1975,,5.77,2454861.0,Europe
87,Albania,ALB,1980,,6.95,2735424.0,Europe
88,Albania,ALB,1985,,7.93,3026245.0,Europe
89,Albania,ALB,1990,,8.61,3277965.0,Europe
90,Albania,ALB,1995,,8.54,3258573.0,Europe
91,Albania,ALB,2000,,9.93,3166147.0,Europe
92,Albania,ALB,2001,98.71,,3147943.0,Europe
93,Albania,ALB,2005,,10.24,3076156.0,Europe
94,Albania,ALB,2008,95.94,,2992933.0,Europe
95,Albania,ALB,2010,,10.44,2928731.0,Europe
96,Albania,ALB,2011,96.85,,2911499.0,Europe
97,Albania,ALB,2012,97.25,,2910003.0,Europe
98,Albania,ALB,2015,,9.99,2898634.0,Europe
99,Albania,ALB,2017,98.81,,2898245.0,Europe
100,Albania,ALB,2020,,10.32,2871950.0,Europe
101,Albania,ALB,2023,97.68,,2811660.0,Europe
102,Algeria,DZA,1870,,0.1,3478884.0,Africa
103,Algeria,DZA,1875,,0.13,3660312.0,Africa
104,Algeria,DZA,1880,,0.16,3851201.0,Africa
105,Algeria,DZA,1885,,0.2,4052043.0,Africa
106,Algeria,DZA,1890,,0.23,4262454.0,Africa
107,Algeria,DZA,1895,,0.27,4477863.0,Africa
108,Algeria,DZA,1900,,0.39,4721802.0,Africa
109,Algeria,DZA,1905,,0.51,5102742.0,Africa
110,Algeria,DZA,1910,,0.6,5497750.0,Africa
111,Algeria,DZA,1915,,0.58,5678648.0,Africa
112,Algeria,DZA,1920,,0.65,5846192.0,Africa
113,Algeria,DZA,1925,,0.71,6155505.0,Africa
114,Algeria,DZA,1930,,0.74,6530132.0,Africa
115,Algeria,DZA,1935,,0.78,7101299.0,Africa
116,Algeria,DZA,1940,,0.8,7739370.0,Africa
117,Algeria,DZA,1945,,0.82,8351211.0,Africa
118,Algeria,DZA,1950,17.5,0.83,9018423.0,Africa
119,Algeria,DZA,1955,,0.82,10247429.0,Africa
120,Algeria,DZA,1960,,0.9,11424930.0,Africa
121,Algeria,DZA,1965,,1.15,12365979.0,Africa
122,Algeria,DZA,1970,,1.69,13783722.0,Africa
123,Algeria,DZA,1975,,2.26,15678603.0,Africa
124,Algeria,DZA,1980,,3.0,18607175.0,Africa
125,Algeria,DZA,1985,,4.28,22008542.0,Africa
126,Algeria,DZA,1987,49.63,,23443627.0,Africa
127,Algeria,DZA,1990,,5.05,25375815.0,Africa
128,Algeria,DZA,1995,,5.76,28470194.0,Africa
129,Algeria,DZA,2000,,6.06,30903894.0,Africa
130,Algeria,DZA,2002,69.87,,31750832.0,Africa
131,Algeria,DZA,2005,,6.43,33109258.0,Africa
132,Algeria,DZA,2006,72.65,,33623505.0,Africa
133,Algeria,DZA,2008,75.14,,34816963.0,Africa
134,Algeria,DZA,2010,,7.0,36188237.0,Africa
135,Algeria,DZA,2015,,7.55,40019528.0,Africa
136,Algeria,DZA,2020,,8.18,44042094.0,Africa
137,American Samoa,ASM,1950,96.5,,19070.0,Oceania
138,American Samoa,ASM,1980,97.34,,32427.0,Oceania
139,Andorra,AND,1950,82.5,,6018.0,Europe
140,Angola,AGO,1950,3.0,,4551869.0,Africa
141,Angola,AGO,2001,67.41,,16747204.0,Africa
142,Angola,AGO,2014,66.03,,27160767.0,Africa
143,Angola,AGO,2015,66.24,,28157802.0,Africa
144,Angola,AGO,2023,68.18,,36749909.0,Africa
145,Anguilla,AIA,1984,95.41,,6764.0,North America
146,Antigua and Barbuda,ATG,1950,82.5,,45462.0,North America
147,Antigua and Barbuda,ATG,2001,98.95,,76082.0,North America
148,Argentina,ARG,1870,,0.39,1793208.0,South America
149,Argentina,ARG,1875,,0.49,2099028.0,South America
150,Argentina,ARG,1880,,0.59,2456365.0,South America
151,Argentina,ARG,1885,,0.65,2874534.0,South America
152,Argentina,ARG,1890,,0.7,3366831.0,South America
153,Argentina,ARG,1895,,0.83,3964194.0,South America
154,Argentina,ARG,1900,,0.97,4685089.0,South America
155,Argentina,ARG,1905,,1.45,5636349.0,South America
156,Argentina,ARG,1910,,1.81,6748544.0,South America
157,Argentina,ARG,1914,64.9,,7533097.0,South America
158,Argentina,ARG,1915,,2.35,7730214.0,South America
159,Argentina,ARG,1920,,2.94,8818354.0,South America
160,Argentina,ARG,1925,,3.29,10197065.0,South America
161,Argentina,ARG,1930,,3.72,11726853.0,South America
162,Argentina,ARG,1935,,4.04,12887227.0,South America
163,Argentina,ARG,1940,,4.33,14078649.0,South America
164,Argentina,ARG,1945,,4.65,15474655.0,South America
165,Argentina,ARG,1947,86.4,,16077098.0,South America
166,Argentina,ARG,1950,87.5,4.91,17018032.0,South America
167,Argentina,ARG,1955,,5.24,18716036.0,South America
168,Argentina,ARG,1960,,5.69,20386055.0,South America
169,Argentina,ARG,1965,,6.03,22112634.0,South America
170,Argentina,ARG,1970,,6.48,23878330.0,South America
171,Argentina,ARG,1975,,7.03,25874106.0,South America
172,Argentina,ARG,1980,93.91,7.51,28011597.0,South America
173,Argentina,ARG,1985,,8.09,30336448.0,South America
174,Argentina,ARG,1990,,8.67,32755907.0,South America
175,Argentina,ARG,1991,96.04,,33230293.0,South America
176,Argentina,ARG,1995,,8.91,35070016.0,South America
177,Argentina,ARG,2000,,9.08,37213986.0,South America
178,Argentina,ARG,2001,97.19,,37624817.0,South America
179,Argentina,ARG,2005,,9.57,39216786.0,South America
180,Argentina,ARG,2010,,9.71,41288694.0,South America
181,Argentina,ARG,2015,,9.59,43477011.0,South America
182,Argentina,ARG,2020,99.14,9.86,45191960.0,South America
183,Armenia,ARM,1989,98.75,,3443095.0,Asia
184,Armenia,ARM,2001,99.4,,3084350.0,Asia
185,Armenia,ARM,2011,99.74,,2923269.0,Asia
186,Armenia,ARM,2015,,10.45,2921179.0,Asia
187,Armenia,ARM,2016,99.74,,2918796.0,Asia
188,Armenia,ARM,2017,99.74,,2914966.0,Asia
189,Armenia,ARM,2018,100.0,,2909971.0,Asia
190,Armenia,ARM,2019,100.0,,2903975.0,Asia
191,Armenia,ARM,2020,99.79,10.54,2890893.0,Asia
192,Armenia,ARM,2022,99.82,,2880880.0,Asia
193,Armenia,ARM,2023,99.84,,2943398.0,Asia
194,Aruba,ABW,2000,97.29,,88772.0,North America
195,Aruba,ABW,2010,96.82,,100127.0,North America
196,Asia,OWID_ASI,1870,,0.04039264,811727086.0,
197,Asia,OWID_ASI,1875,,0.04591134,822748807.0,
198,Asia,OWID_ASI,1880,,0.055607054,836588561.0,
199,Asia,OWID_ASI,1885,,0.07221849,859815828.0,
200,Asia,OWID_ASI,1890,,0.10366251,885113714.0,
201,Asia,OWID_ASI,1895,,0.13091978,907247338.0,
202,Asia,OWID_ASI,1900,,0.17004845,931021418.0,
203,Asia,OWID_ASI,1905,,0.22860081,963899803.0,
204,Asia,OWID_ASI,1910,,0.29932407,999734197.0,
205,Asia,OWID_ASI,1915,,0.38789332,1036849812.0,
206,Asia,OWID_ASI,1920,,0.5146221,1076882587.0,
207,Asia,OWID_ASI,1925,,0.64359754,1116816909.0,
208,Asia,OWID_ASI,1930,,0.7871046,1161422369.0,
209,Asia,OWID_ASI,1935,,0.9173573,1223537795.0,
210,Asia,OWID_ASI,1940,,1.4270936,1288504299.0,
211,Asia,OWID_ASI,1945,,1.5937337,1326525660.0,
212,Asia,OWID_ASI,1950,,1.83195,1367581793.0,
213,Asia,OWID_ASI,1955,,2.0868373,1523146415.0,
214,Asia,OWID_ASI,1960,,2.409065,1691762696.0,
215,Asia,OWID_ASI,1965,,2.7819846,1894030104.0,
216,Asia,OWID_ASI,1970,,3.3291256,2136911807.0,
217,Asia,OWID_ASI,1975,,3.858355,2388510805.0,
218,Asia,OWID_ASI,1980,,4.4891996,2631643580.0,
219,Asia,OWID_ASI,1985,,4.9444947,2906232641.0,
220,Asia,OWID_ASI,1990,,5.3408546,3209094423.0,
221,Asia,OWID_ASI,1995,,5.9571357,3486817949.0,
222,Asia,OWID_ASI,2000,,6.6289124,3746832777.0,
223,Asia,OWID_ASI,2005,,7.1300015,3992890580.0,
224,Asia,OWID_ASI,2010,,7.6118946,4238694946.0,
225,Asia,OWID_ASI,2015,,8.116568,4482088489.0,
226,Asia,OWID_ASI,2020,,8.571011,4686811214.0,
227,Australia,AUS,1870,,1.72,1759814.0,Oceania
228,Australia,AUS,1875,,1.86,1964491.0,Oceania
229,Australia,AUS,1880,,2.06,2201376.0,Oceania
230,Australia,AUS,1885,,2.39,2595117.0,Oceania
231,Australia,AUS,1890,,2.74,3051532.0,Oceania
232,Australia,AUS,1895,,2.97,3375772.0,Oceania
233,Australia,AUS,1900,,3.09,3693331.0,Oceania
234,Australia,AUS,1905,,3.36,3996273.0,Oceania
235,Australia,AUS,1910,,3.87,4329018.0,Oceania
236,Australia,AUS,1915,,4.29,4772426.0,Oceania
237,Australia,AUS,1920,,4.71,5274343.0,Oceania
238,Australia,AUS,1925,,5.46,5800229.0,Oceania
239,Australia,AUS,1930,,6.01,6332771.0,Oceania
240,Australia,AUS,1935,,6.56,6647662.0,Oceania
241,Australia,AUS,1940,,7.02,6967916.0,Oceania
242,Australia,AUS,1945,,7.48,7516465.0,Oceania
243,Australia,AUS,1950,98.5,8.21,8176751.0,Oceania
244,Australia,AUS,1955,,8.49,9205189.0,Oceania
245,Australia,AUS,1960,,8.78,10280815.0,Oceania
246,Australia,AUS,1965,,9.19,11357479.0,Oceania
247,Australia,AUS,1970,,10.11,12599414.0,Oceania
248,Australia,AUS,1975,,10.8,13893988.0,Oceania
249,Australia,AUS,1980,,11.4,14721345.0,Oceania
250,Australia,AUS,1985,,11.43,15835743.0,Oceania
251,Australia,AUS,1990,,11.44,17126304.0,Oceania
252,Australia,AUS,1995,,11.51,18095340.0,Oceania
253,Australia,AUS,2000,,11.37,19132472.0,Oceania
254,Australia,AUS,2005,,11.71,20294490.0,Oceania
255,Australia,AUS,2010,,11.69,22141583.0,Oceania
256,Australia,AUS,2015,,12.92,23947997.0,Oceania
257,Australia,AUS,2020,,12.93,25743787.0,Oceania
258,Austria,AUT,1870,,2.27,4528451.0,Europe
259,Austria,AUT,1875,,2.4,4728390.0,Europe
260,Austria,AUT,1880,,2.56,4943751.0,Europe
261,Austria,AUT,1885,,2.74,5166297.0,Europe
262,Austria,AUT,1890,,3.04,5403121.0,Europe
263,Austria,AUT,1895,,3.36,5681470.0,Europe
264,Austria,AUT,1900,,3.7,5979176.0,Europe
265,Austria,AUT,1905,,4.03,6292427.0,Europe
266,Austria,AUT,1910,,4.38,6571587.0,Europe
267,Austria,AUT,1915,,4.71,6541966.0,Europe
268,Austria,AUT,1920,,5.03,6486069.0,Europe
269,Austria,AUT,1925,,5.47,6576779.0,Europe
270,Austria,AUT,1930,,5.86,6679644.0,Europe
271,Austria,AUT,1935,,6.25,6702847.0,Europe
272,Austria,AUT,1940,,6.16,6725734.0,Europe
273,Austria,AUT,1945,,5.96,6827667.0,Europe
274,Austria,AUT,1950,98.5,5.89,6936455.0,Europe
275,Austria,AUT,1955,,5.64,6946659.0,Europe
276,Austria,AUT,1960,,5.67,7047274.0,Europe
277,Austria,AUT,1965,,6.54,7270413.0,Europe
278,Austria,AUT,1970,,7.26,7466320.0,Europe
279,Austria,AUT,1975,,7.44,7577833.0,Europe
280,Austria,AUT,1980,,7.6,7548407.0,Europe
281,Austria,AUT,1985,,7.84,7564310.0,Europe
282,Austria,AUT,1990,,8.26,7679627.0,Europe
283,Austria,AUT,1995,,8.93,7950322.0,Europe
284,Austria,AUT,2000,,9.43,8012929.0,Europe
285,Austria,AUT,2005,,9.89,8229204.0,Europe
286,Austria,AUT,2010,,10.13,8365087.0,Europe
287,Austria,AUT,2015,,10.27,8644037.0,Europe
288,Austria,AUT,2020,,10.39,8921402.0,Europe
289,Azerbaijan,AZE,1999,98.79,,8100472.0,Asia
290,Azerbaijan,AZE,2007,99.59,,8828313.0,Asia
291,Azerbaijan,AZE,2009,99.76,,9046336.0,Asia
292,Azerbaijan,AZE,2010,99.77,,9146852.0,Asia
293,Azerbaijan,AZE,2011,99.78,,9256156.0,Asia
294,Azerbaijan,AZE,2012,99.78,,9376179.0,Asia
295,Azerbaijan,AZE,2013,99.79,,9504417.0,Asia
296,Azerbaijan,AZE,2014,99.79,,9631136.0,Asia
297,Azerbaijan,AZE,2015,99.79,,9752859.0,Asia
298,Azerbaijan,AZE,2016,99.79,,9868434.0,Asia
299,Azerbaijan,AZE,2017,99.79,,9968510.0,Asia
300,Azerbaijan,AZE,2019,99.8,,10110483.0,Asia
301,Azerbaijan,AZE,2023,99.78,,10318209.0,Asia
302,Bahamas,BHS,1950,77.5,,83505.0,North America
303,Bahrain,BHR,1950,12.5,,117275.0,Asia
304,Bahrain,BHR,1981,69.75,,373534.0,Asia
305,Bahrain,BHR,1991,84.01,,531883.0,Asia
306,Bahrain,BHR,2001,86.55,,699964.0,Asia
307,Bahrain,BHR,2015,,7.82,1369656.0,Asia
308,Bahrain,BHR,2020,,8.21,1483081.0,Asia
309,Bahrain,BHR,2022,97.87,,1533460.0,Asia
310,Bahrain,BHR,2023,97.85,,1569674.0,Asia
311,Bangladesh,BGD,1870,,0.01,23756533.0,Asia
312,Bangladesh,BGD,1875,,0.02,24228546.0,Asia
313,Bangladesh,BGD,1880,,0.02,24737232.0,Asia
314,Bangladesh,BGD,1885,,0.03,25253705.0,Asia
315,Bangladesh,BGD,1890,,0.03,25777945.0,Asia
316,Bangladesh,BGD,1895,,0.04,26309922.0,Asia
317,Bangladesh,BGD,1900,,0.06,26849595.0,Asia
318,Bangladesh,BGD,1905,,0.2,27396914.0,Asia
319,Bangladesh,BGD,1910,,0.33,27913022.0,Asia
320,Bangladesh,BGD,1915,,0.44,28188438.0,Asia
321,Bangladesh,BGD,1920,,0.42,28623503.0,Asia
322,Bangladesh,BGD,1925,,0.5,29200387.0,Asia
323,Bangladesh,BGD,1930,,0.58,30077163.0,Asia
324,Bangladesh,BGD,1935,,0.65,32901598.0,Asia
325,Bangladesh,BGD,1940,,0.75,36071677.0,Asia
326,Bangladesh,BGD,1945,,0.85,37872937.0,Asia
327,Bangladesh,BGD,1950,,0.93,41206857.0,Asia
328,Bangladesh,BGD,1955,,0.95,45767686.0,Asia
329,Bangladesh,BGD,1960,,1.03,51828663.0,Asia
330,Bangladesh,BGD,1965,,1.27,59902522.0,Asia
331,Bangladesh,BGD,1970,,1.41,69058898.0,Asia
332,Bangladesh,BGD,1975,,1.63,77854352.0,Asia
333,Bangladesh,BGD,1980,,2.31,88016435.0,Asia
334,Bangladesh,BGD,1981,29.23,,90303104.0,Asia
335,Bangladesh,BGD,1985,,2.87,100253825.0,Asia
336,Bangladesh,BGD,1990,,3.15,111633722.0,Asia
337,Bangladesh,BGD,1991,35.32,,113787112.0,Asia
338,Bangladesh,BGD,1995,,3.72,122600372.0,Asia
339,Bangladesh,BGD,2000,,4.77,134544303.0,Asia
340,Bangladesh,BGD,2001,47.49,,136805810.0,Asia
341,Bangladesh,BGD,2005,,5.51,144715789.0,Asia
342,Bangladesh,BGD,2010,,6.22,152201978.0,Asia
343,Bangladesh,BGD,2011,58.77,,153591074.0,Asia
344,Bangladesh,BGD,2012,57.86,,155070110.0,Asia
345,Bangladesh,BGD,2013,61.02,,156532134.0,Asia
346,Bangladesh,BGD,2014,61.09,,157964931.0,Asia
347,Bangladesh,BGD,2015,65.14,6.76,159383179.0,Asia
348,Bangladesh,BGD,2016,72.76,,160811934.0,Asia
349,Bangladesh,BGD,2017,72.89,,162186146.0,Asia
350,Bangladesh,BGD,2018,73.91,,163523109.0,Asia
351,Bangladesh,BGD,2019,74.68,,164913060.0,Asia
352,Bangladesh,BGD,2020,74.91,7.23,166298024.0,Asia
353,Bangladesh,BGD,2021,76.36,,167658855.0,Asia
354,Bangladesh,BGD,2022,79.0,,169384891.0,Asia
355,Barbados,BRB,1870,,0.94,161956.0,North America
356,Barbados,BRB,1875,,1.06,166833.0,North America
357,Barbados,BRB,1880,,1.21,171907.0,North America
358,Barbados,BRB,1885,,1.28,177276.0,North America
359,Barbados,BRB,1890,,1.37,182909.0,North America
360,Barbados,BRB,1895,,1.41,189198.0,North America
361,Barbados,BRB,1900,,1.52,193451.0,North America
362,Barbados,BRB,1905,,1.97,183403.0,North America
363,Barbados,BRB,1910,,1.95,172186.0,North America
364,Barbados,BRB,1915,,2.29,164092.0,North America
365,Barbados,BRB,1920,,2.7,158593.0,North America
366,Barbados,BRB,1925,,2.96,165039.0,North America
367,Barbados,BRB,1930,,3.19,173809.0,North America
368,Barbados,BRB,1935,,3.53,183461.0,North America
369,Barbados,BRB,1940,,3.91,193407.0,North America
370,Barbados,BRB,1945,,4.33,201857.0,North America
371,Barbados,BRB,1950,92.5,4.68,209928.0,North America
372,Barbados,BRB,1955,,4.85,223296.0,North America
373,Barbados,BRB,1960,,5.08,230901.0,North America
374,Barbados,BRB,1965,,6.79,242421.0,North America
375,Barbados,BRB,1970,99.27,8.59,249398.0,North America
376,Barbados,BRB,1975,,7.95,251188.0,North America
377,Barbados,BRB,1980,,7.72,251533.0,North America
378,Barbados,BRB,1985,,8.42,255831.0,North America
379,Barbados,BRB,1990,,8.79,258583.0,North America
380,Barbados,BRB,1995,,9.07,262046.0,North America
381,Barbados,BRB,2000,,9.23,262071.0,North America
382,Barbados,BRB,2005,,9.41,268717.0,North America
383,Barbados,BRB,2010,,9.57,275251.0,North America
384,Barbados,BRB,2015,,9.46,278999.0,North America
385,Barbados,BRB,2020,,9.67,281706.0,North America
386,Belarus,BLR,1989,97.88,,10158779.0,Europe
387,Belarus,BLR,1999,99.59,,10039221.0,Europe
388,Belarus,BLR,2009,99.62,,9507334.0,Europe
389,Belarus,BLR,2019,99.87,,9435415.0,Europe
390,Belgium,BEL,1475,10.0,,1250000.0,Europe
391,Belgium,BEL,1550,17.0,,1500000.0,Europe
392,Belgium,BEL,1650,25.0,,1750000.0,Europe
393,Belgium,BEL,1750,13.0,,2578639.0,Europe
394,Belgium,BEL,1870,,2.43,5094086.0,Europe
395,Belgium,BEL,1875,,2.39,5306815.0,Europe
396,Belgium,BEL,1880,,2.56,5536082.0,Europe
397,Belgium,BEL,1885,,2.65,5801075.0,Europe
398,Belgium,BEL,1890,,2.64,6083656.0,Europe
399,Belgium,BEL,1895,,2.65,6384484.0,Europe
400,Belgium,BEL,1900,80.4,2.66,6705987.0,Europe
401,Belgium,BEL,1905,,2.77,7076924.0,Europe
402,Belgium,BEL,1910,86.6,3.09,7427418.0,Europe
403,Belgium,BEL,1915,,3.26,7497707.0,Europe
404,Belgium,BEL,1920,92.2,3.48,7551028.0,Europe
405,Belgium,BEL,1925,,3.75,7780807.0,Europe
406,Belgium,BEL,1930,94.1,4.27,8029570.0,Europe
407,Belgium,BEL,1935,,4.65,8179335.0,Europe
408,Belgium,BEL,1940,,5.17,8315772.0,Europe
409,Belgium,BEL,1945,,5.93,8459824.0,Europe
410,Belgium,BEL,1950,96.5,6.85,8617442.0,Europe
411,Belgium,BEL,1955,,7.17,8835492.0,Europe
412,Belgium,BEL,1960,,7.4,9102172.0,Europe
413,Belgium,BEL,1965,,7.56,9399851.0,Europe
414,Belgium,BEL,1970,,7.98,9630508.0,Europe
415,Belgium,BEL,1975,,8.39,9748472.0,Europe
416,Belgium,BEL,1980,,8.93,9833093.0,Europe
417,Belgium,BEL,1985,,9.41,9880338.0,Europe
418,Belgium,BEL,1990,,10.0,9960968.0,Europe
419,Belgium,BEL,1995,,10.64,10137264.0,Europe
420,Belgium,BEL,2000,,10.95,10251719.0,Europe
421,Belgium,BEL,2005,,11.11,10478883.0,Europe
422,Belgium,BEL,2010,,11.29,10936619.0,Europe
423,Belgium,BEL,2015,,11.36,11275332.0,Europe
424,Belgium,BEL,2020,,11.57,11540102.0,Europe
425,Belize,BLZ,1870,,0.4,25444.0,North America
426,Belize,BLZ,1875,,0.5,26330.0,North America
427,Belize,BLZ,1880,,0.61,27537.0,North America
428,Belize,BLZ,1885,,0.76,29478.0,North America
429,Belize,BLZ,1890,,0.94,31745.0,North America
430,Belize,BLZ,1895,,1.14,34693.0,North America
431,Belize,BLZ,1900,,1.36,37771.0,North America
432,Belize,BLZ,1905,,1.98,39605.0,North America
433,Belize,BLZ,1910,,2.56,41386.0,North America
434,Belize,BLZ,1915,,3.06,43907.0,North America
435,Belize,BLZ,1920,,3.78,46640.0,North America
436,Belize,BLZ,1925,,4.15,49630.0,North America
437,Belize,BLZ,1930,,4.53,52902.0,North America
438,Belize,BLZ,1935,,4.91,56832.0,North America
439,Belize,BLZ,1940,,5.3,60990.0,North America
440,Belize,BLZ,1945,,5.65,64546.0,North America
441,Belize,BLZ,1950,77.5,7.28,69085.0,North America
442,Belize,BLZ,1955,,7.46,79867.0,North America
443,Belize,BLZ,1960,,7.8,91330.0,North America
444,Belize,BLZ,1965,,7.91,104689.0,North America
445,Belize,BLZ,1970,,7.86,120746.0,North America
446,Belize,BLZ,1975,,8.11,130403.0,North America
447,Belize,BLZ,1980,,7.88,145072.0,North America
448,Belize,BLZ,1985,,8.1,163812.0,North America
449,Belize,BLZ,1990,,8.97,183090.0,North America
450,Belize,BLZ,1991,70.3,,187056.0,North America
451,Belize,BLZ,1995,,9.62,204165.0,North America
452,Belize,BLZ,2000,76.9,10.19,240809.0,North America
453,Belize,BLZ,2005,,10.77,279747.0,North America
454,Belize,BLZ,2010,,11.28,320256.0,North America
455,Belize,BLZ,2015,90.92,10.56,356341.0,North America
456,Belize,BLZ,2020,,10.71,390819.0,North America
457,Belize,BLZ,2022,87.88,,402741.0,North America
458,Benin,BEN,1870,,0.01,924897.0,Africa
459,Benin,BEN,1875,,0.01,973488.0,Africa
460,Benin,BEN,1880,,0.01,1023293.0,Africa
461,Benin,BEN,1885,,0.01,1065415.0,Africa
462,Benin,BEN,1890,,0.01,1106908.0,Africa
463,Benin,BEN,1895,,0.01,1145820.0,Africa
464,Benin,BEN,1900,,0.02,1187522.0,Africa
465,Benin,BEN,1905,,0.02,1244910.0,Africa
466,Benin,BEN,1910,,0.02,1306722.0,Africa
467,Benin,BEN,1915,,0.03,1367585.0,Africa
468,Benin,BEN,1920,,0.04,1429764.0,Africa
469,Benin,BEN,1925,,0.12,1533380.0,Africa
470,Benin,BEN,1930,,0.2,1650885.0,Africa
471,Benin,BEN,1935,,0.27,1770751.0,Africa
472,Benin,BEN,1940,,0.41,1902827.0,Africa
473,Benin,BEN,1945,,0.48,2075585.0,Africa
474,Benin,BEN,1950,,0.52,2250476.0,Africa
475,Benin,BEN,1955,,0.61,2353653.0,Africa
476,Benin,BEN,1960,,0.7,2517289.0,Africa
477,Benin,BEN,1965,,0.79,2757936.0,Africa
478,Benin,BEN,1970,,0.87,3065061.0,Africa
479,Benin,BEN,1975,,0.96,3445406.0,Africa
480,Benin,BEN,1979,16.48,,3818536.0,Africa
481,Benin,BEN,1980,,1.26,3925258.0,Africa
482,Benin,BEN,1985,,1.77,4538017.0,Africa
483,Benin,BEN,1990,,2.24,5281482.0,Africa
484,Benin,BEN,1992,27.25,,5617847.0,Africa
485,Benin,BEN,1995,,2.73,6226775.0,Africa
486,Benin,BEN,2000,,3.31,7221618.0,Africa
487,Benin,BEN,2002,34.66,,7675430.0,Africa
488,Benin,BEN,2005,,3.85,8426145.0,Africa
489,Benin,BEN,2010,,4.57,9797488.0,Africa
490,Benin,BEN,2011,44.68812,,10093626.0,Africa
491,Benin,BEN,2013,45.08,,10708831.0,Africa
492,Benin,BEN,2015,,5.42,11360681.0,Africa
493,Benin,BEN,2017,38.87,,12039777.0,Africa
494,Benin,BEN,2019,49.0,,12726760.0,Africa
495,Benin,BEN,2020,,6.27,13070169.0,Africa
496,Benin,BEN,2021,43.83,,13413423.0,Africa
497,Benin,BEN,2022,51.38,,13759507.0,Africa
498,Bermuda,BMU,1950,96.5,,37241.0,North America
499,Bhutan,BTN,1950,3.0,,169991.0,Asia
500,Bhutan,BTN,2005,52.81,,661875.0,Asia
501,Bhutan,BTN,2012,55.32,,717288.0,Asia
502,Bhutan,BTN,2017,66.56,,754343.0,Asia
503,Bhutan,BTN,2022,64.91,,780921.0,Asia
504,Bolivia,BOL,1870,,0.06,1509837.0,South America
505,Bolivia,BOL,1875,,0.08,1332352.0,South America
506,Bolivia,BOL,1880,,0.1,1186392.0,South America
507,Bolivia,BOL,1885,,0.12,1291389.0,South America
508,Bolivia,BOL,1890,,0.15,1450298.0,South America
509,Bolivia,BOL,1895,,0.19,1628674.0,South America
510,Bolivia,BOL,1900,,0.24,1813429.0,South America
511,Bolivia,BOL,1905,,0.29,1916363.0,South America
512,Bolivia,BOL,1910,,0.37,2017450.0,South America
513,Bolivia,BOL,1915,,0.47,2181829.0,South America
514,Bolivia,BOL,1920,,0.68,2354214.0,South America
515,Bolivia,BOL,1925,,0.86,2499110.0,South America
516,Bolivia,BOL,1930,,1.01,2647402.0,South America
517,Bolivia,BOL,1935,,1.71,2804535.0,South America
518,Bolivia,BOL,1940,,1.91,2955228.0,South America
519,Bolivia,BOL,1945,,2.11,3012318.0,South America
520,Bolivia,BOL,1950,32.5,2.44,3089975.0,South America
521,Bolivia,BOL,1955,,2.8,3358005.0,South America
522,Bolivia,BOL,1960,,3.15,3702323.0,South America
523,Bolivia,BOL,1965,,3.7,4109800.0,South America
524,Bolivia,BOL,1970,,4.14,4590008.0,South America
525,Bolivia,BOL,1975,,4.8,5137540.0,South America
526,Bolivia,BOL,1976,63.21,,5256497.0,South America
527,Bolivia,BOL,1980,,5.76,5758905.0,South America
528,Bolivia,BOL,1985,,6.7,6416193.0,South America
529,Bolivia,BOL,1990,,7.63,7130143.0,South America
530,Bolivia,BOL,1992,79.99,,7430337.0,South America
531,Bolivia,BOL,1995,,8.09,7874676.0,South America
532,Bolivia,BOL,2000,,8.73,8606330.0,South America
533,Bolivia,BOL,2001,86.72,,8752740.0,South America
534,Bolivia,BOL,2005,,8.77,9360758.0,South America
535,Bolivia,BOL,2007,90.29,,9685960.0,South America
536,Bolivia,BOL,2008,90.7,,9850859.0,South America
537,Bolivia,BOL,2009,91.17,,10016279.0,South America
538,Bolivia,BOL,2010,,8.57,10182345.0,South America
539,Bolivia,BOL,2011,92.23,,10348931.0,South America
540,Bolivia,BOL,2012,94.46,,10515814.0,South America
541,Bolivia,BOL,2015,92.46,8.62,11014707.0,South America
542,Bolivia,BOL,2020,93.85,9.06,11816301.0,South America
543,Bolivia,BOL,2023,95.55,,12244161.0,South America
544,Bosnia and Herzegovina,BIH,1991,89.06,,4458350.0,Europe
545,Bosnia and Herzegovina,BIH,2000,96.66,,4159785.0,Europe
546,Bosnia and Herzegovina,BIH,2013,96.99,,3610857.0,Europe
547,Botswana,BWA,1950,22.5,,413708.0,Africa
548,Botswana,BWA,1991,68.58,,1341767.0,Africa
549,Botswana,BWA,2003,81.19,,1775744.0,Africa
550,Botswana,BWA,2015,,10.27,2203276.0,Africa
551,Botswana,BWA,2020,,10.58,2365895.0,Africa
552,Brazil,BRA,1870,,0.14,9839950.0,South America
553,Brazil,BRA,1875,,0.18,10780598.0,South America
554,Brazil,BRA,1880,,0.22,11834544.0,South America
555,Brazil,BRA,1885,,0.26,12991849.0,South America
556,Brazil,BRA,1890,,0.3,14307331.0,South America
557,Brazil,BRA,1895,,0.33,16062818.0,South America
558,Brazil,BRA,1900,34.7,0.56,18058538.0,South America
559,Brazil,BRA,1905,,0.7,20110461.0,South America
560,Brazil,BRA,1910,,0.81,22361184.0,South America
561,Brazil,BRA,1915,,0.94,24850065.0,South America
562,Brazil,BRA,1920,35.1,1.07,27593186.0,South America
563,Brazil,BRA,1925,,1.18,30551576.0,South America
564,Brazil,BRA,1930,,1.35,33813213.0,South America
565,Brazil,BRA,1935,,1.51,37421510.0,South America
566,Brazil,BRA,1940,43.9,1.66,41568218.0,South America
567,Brazil,BRA,1945,,1.8,47230706.0,South America
568,Brazil,BRA,1950,47.5,2.11,53408551.0,South America
569,Brazil,BRA,1955,,2.3,62101393.0,South America
570,Brazil,BRA,1960,,2.53,72388124.0,South America
571,Brazil,BRA,1965,,2.82,83817586.0,South America
572,Brazil,BRA,1970,,3.28,95375656.0,South America
573,Brazil,BRA,1975,,2.87,107619567.0,South America
574,Brazil,BRA,1980,74.59,3.05,121207451.0,South America
575,Brazil,BRA,1985,,4.12,135515593.0,South America
576,Brazil,BRA,1990,,4.94,149143223.0,South America
577,Brazil,BRA,1995,,5.79,161735079.0,South America
578,Brazil,BRA,2000,86.37,6.76,174018278.0,South America
579,Brazil,BRA,2004,88.62,,182675144.0,South America
580,Brazil,BRA,2005,,7.67,184688101.0,South America
581,Brazil,BRA,2006,89.62,,186653099.0,South America
582,Brazil,BRA,2007,90.01,,188552311.0,South America
583,Brazil,BRA,2008,90.04,,190367297.0,South America
584,Brazil,BRA,2009,90.3,,192079958.0,South America
585,Brazil,BRA,2010,90.38,8.17,193701931.0,South America
586,Brazil,BRA,2011,91.41,,195284736.0,South America
587,Brazil,BRA,2012,91.34,,196876113.0,South America
588,Brazil,BRA,2013,91.48,,198478290.0,South America
589,Brazil,BRA,2014,91.73,,200085126.0,South America
590,Brazil,BRA,2015,92.05,7.66,201675534.0,South America
591,Brazil,BRA,2016,92.81,,203218108.0,South America
592,Brazil,BRA,2017,93.08,,204703440.0,South America
593,Brazil,BRA,2018,93.23,,206107265.0,South America
594,Brazil,BRA,2019,93.892624,,207455459.0,South America
595,Brazil,BRA,2020,94.74441,8.0,208660845.0,South America
596,Brazil,BRA,2021,94.77261,,209550291.0,South America
597,Brazil,BRA,2022,94.37687,,210306411.0,South America
598,Brazil,BRA,2023,94.57255,,211140731.0,South America
599,Brunei,BRN,1950,27.5,,48316.0,Asia
600,Brunei,BRN,1981,77.74,,191990.0,Asia
601,Brunei,BRN,1991,87.8,,262604.0,Asia
602,Brunei,BRN,2001,92.67,,333353.0,Asia
603,Brunei,BRN,2011,96.09,,399395.0,Asia
604,Brunei,BRN,2015,,9.08,422223.0,Asia
605,Brunei,BRN,2020,,9.28,447411.0,Asia
606,Bulgaria,BGR,1870,,0.94,2595993.0,Europe
607,Bulgaria,BGR,1875,,0.97,2765601.0,Europe
608,Bulgaria,BGR,1880,,1.01,2968348.0,Europe
609,Bulgaria,BGR,1885,,1.06,3185955.0,Europe
610,Bulgaria,BGR,1890,,1.13,3420766.0,Europe
611,Bulgaria,BGR,1895,,1.32,3681214.0,Europe
612,Bulgaria,BGR,1900,29.6,1.55,3956269.0,Europe
613,Bulgaria,BGR,1905,34.5,1.69,4208238.0,Europe
614,Bulgaria,BGR,1910,42.2,2.05,4467209.0,Europe
615,Bulgaria,BGR,1915,,3.02,4729527.0,Europe
616,Bulgaria,BGR,1920,53.3,3.35,5025707.0,Europe
617,Bulgaria,BGR,1925,,3.51,5460137.0,Europe
618,Bulgaria,BGR,1926,60.3,,5555149.0,Europe
619,Bulgaria,BGR,1930,,3.52,5925817.0,Europe
620,Bulgaria,BGR,1934,68.6,,6195623.0,Europe
621,Bulgaria,BGR,1935,,3.54,6258372.0,Europe
622,Bulgaria,BGR,1940,,3.78,6575077.0,Europe
623,Bulgaria,BGR,1945,,3.89,6864065.0,Europe
624,Bulgaria,BGR,1950,77.5,3.97,7248509.0,Europe
625,Bulgaria,BGR,1955,,4.82,7533657.0,Europe
626,Bulgaria,BGR,1960,,5.24,7862935.0,Europe
627,Bulgaria,BGR,1965,,4.71,8202417.0,Europe
628,Bulgaria,BGR,1970,,6.54,8490822.0,Europe
629,Bulgaria,BGR,1975,,7.41,8723145.0,Europe
630,Bulgaria,BGR,1980,,8.15,8859539.0,Europe
631,Bulgaria,BGR,1985,,8.76,8958855.0,Europe
632,Bulgaria,BGR,1990,,8.68,8822366.0,Europe
633,Bulgaria,BGR,1995,,9.31,8357576.0,Europe
634,Bulgaria,BGR,2000,,9.65,8000519.0,Europe
635,Bulgaria,BGR,2001,98.2,,7928455.0,Europe
636,Bulgaria,BGR,2005,,10.61,7695047.0,Europe
637,Bulgaria,BGR,2010,,11.07,7437594.0,Europe
638,Bulgaria,BGR,2011,98.35,,7380023.0,Europe
639,Bulgaria,BGR,2015,,10.71,7177515.0,Europe
640,Bulgaria,BGR,2020,,10.75,6933656.0,Europe
641,Burkina Faso,BFA,1975,8.83,,6147575.0,Africa
642,Burkina Faso,BFA,1991,13.57,,9394631.0,Africa
643,Burkina Faso,BFA,1996,12.85,,10655943.0,Africa
644,Burkina Faso,BFA,2003,21.82,,13082530.0,Africa
645,Burkina Faso,BFA,2005,23.52,,13932127.0,Africa
646,Burkina Faso,BFA,2006,22.47,,14373713.0,Africa
647,Burkina Faso,BFA,2007,27.88,,14816313.0,Africa
648,Burkina Faso,BFA,2014,34.6,,18229466.0,Africa
649,Burkina Faso,BFA,2018,39.35,,20438289.0,Africa
650,Burkina Faso,BFA,2019,29.66,,20961956.0,Africa
651,Burkina Faso,BFA,2021,36.97,,21995249.0,Africa
652,Burkina Faso,BFA,2022,40.92,,22509038.0,Africa
653,Burkina Faso,BFA,2023,41.567093,,23025777.0,Africa
654,Burundi,BDI,1979,22.51,,4203533.0,Africa
655,Burundi,BDI,1990,37.38,,5587051.0,Africa
656,Burundi,BDI,2000,59.3,,6470196.0,Africa
657,Burundi,BDI,2008,48.08,,8505643.0,Africa
658,Burundi,BDI,2014,61.29,,10799789.0,Africa
659,Burundi,BDI,2015,,4.3,11047581.0,Africa
660,Burundi,BDI,2016,65.69,,11239459.0,Africa
661,Burundi,BDI,2017,68.38,,11506764.0,Africa
662,Burundi,BDI,2020,71.33748,5.05,12617041.0,Africa
663,Cambodia,KHM,1870,,0.01,2336875.0,Asia
664,Cambodia,KHM,1875,,0.01,2408589.0,Asia
665,Cambodia,KHM,1880,,0.01,2489195.0,Asia
666,Cambodia,KHM,1885,,0.01,2572496.0,Asia
667,Cambodia,KHM,1890,,0.01,2658582.0,Asia
668,Cambodia,KHM,1895,,0.01,2747546.0,Asia
669,Cambodia,KHM,1900,,0.01,2839483.0,Asia
670,Cambodia,KHM,1905,,0.01,2934495.0,Asia
671,Cambodia,KHM,1910,,0.01,3012110.0,Asia
672,Cambodia,KHM,1915,,0.01,2962140.0,Asia
673,Cambodia,KHM,1920,,0.02,2895102.0,Asia
674,Cambodia,KHM,1925,,0.02,2830748.0,Asia
675,Cambodia,KHM,1930,,0.03,2788985.0,Asia
676,Cambodia,KHM,1935,,0.04,2883900.0,Asia
677,Cambodia,KHM,1940,,0.07,3061261.0,Asia
678,Cambodia,KHM,1945,,0.29,3645501.0,Asia
679,Cambodia,KHM,1950,17.5,0.44,4375252.0,Asia
680,Cambodia,KHM,1955,,0.67,4890375.0,Asia
681,Cambodia,KHM,1960,,1.23,5449964.0,Asia
682,Cambodia,KHM,1965,,1.53,6072288.0,Asia
683,Cambodia,KHM,1970,,1.91,6639187.0,Asia
684,Cambodia,KHM,1975,,2.31,6581373.0,Asia
685,Cambodia,KHM,1980,,2.66,5199874.0,Asia
686,Cambodia,KHM,1985,,2.89,6043782.0,Asia
687,Cambodia,KHM,1990,,3.2,7374754.0,Asia
688,Cambodia,KHM,1995,,3.41,10018500.0,Asia
689,Cambodia,KHM,1998,67.34,,12058180.0,Asia
690,Cambodia,KHM,2000,,3.64,12462343.0,Asia
691,Cambodia,KHM,2004,73.61,,13244737.0,Asia
692,Cambodia,KHM,2005,,4.26,13439203.0,Asia
693,Cambodia,KHM,2008,76.87,,14053479.0,Asia
694,Cambodia,KHM,2009,76.14,,14276819.0,Asia
695,Cambodia,KHM,2010,,4.94,14500730.0,Asia
696,Cambodia,KHM,2013,79.65,,15170210.0,Asia
697,Cambodia,KHM,2014,78.06,,15396771.0,Asia
698,Cambodia,KHM,2015,80.53,5.32,15623253.0,Asia
699,Cambodia,KHM,2019,87.66,,16481305.0,Asia
700,Cambodia,KHM,2020,82.55104,5.81,16725484.0,Asia
701,Cambodia,KHM,2021,71.93,,16974309.0,Asia
702,Cameroon,CMR,1870,,0.01,3020602.0,Africa
703,Cameroon,CMR,1875,,0.01,3103332.0,Africa
704,Cameroon,CMR,1880,,0.01,3190261.0,Africa
705,Cameroon,CMR,1885,,0.02,3279837.0,Africa
706,Cameroon,CMR,1890,,0.02,3351734.0,Africa
707,Cameroon,CMR,1895,,0.03,3297958.0,Africa
708,Cameroon,CMR,1900,,0.05,3216679.0,Africa
709,Cameroon,CMR,1905,,0.06,3082089.0,Africa
710,Cameroon,CMR,1910,,0.07,2952166.0,Africa
711,Cameroon,CMR,1915,,0.08,2873822.0,Africa
712,Cameroon,CMR,1920,,0.11,2839117.0,Africa
713,Cameroon,CMR,1925,,0.16,3001552.0,Africa
714,Cameroon,CMR,1930,,0.2,3205602.0,Africa
715,Cameroon,CMR,1935,,0.29,3418317.0,Africa
716,Cameroon,CMR,1940,,0.37,3653142.0,Africa
717,Cameroon,CMR,1945,,0.46,3963176.0,Africa
718,Cameroon,CMR,1950,7.5,0.72,4330088.0,Africa
719,Cameroon,CMR,1955,,0.92,4700267.0,Africa
720,Cameroon,CMR,1960,,1.12,5159059.0,Africa
721,Cameroon,CMR,1965,,1.51,5704688.0,Africa
722,Cameroon,CMR,1970,,1.92,6449795.0,Africa
723,Cameroon,CMR,1975,,2.58,7397126.0,Africa
724,Cameroon,CMR,1976,41.22,,7597962.0,Africa
725,Cameroon,CMR,1980,,3.25,8512217.0,Africa
726,Cameroon,CMR,1985,,3.94,9761728.0,Africa
727,Cameroon,CMR,1990,,4.65,11331827.0,Africa
728,Cameroon,CMR,1995,,5.3,13058517.0,Africa
729,Cameroon,CMR,2000,68.41,5.76,14912632.0,Africa
730,Cameroon,CMR,2005,,6.06,17074599.0,Africa
731,Cameroon,CMR,2007,70.68,,18049897.0,Africa
732,Cameroon,CMR,2010,71.19,6.41,19668063.0,Africa
733,Cameroon,CMR,2015,,7.05,22763418.0,Africa
734,Cameroon,CMR,2018,72.55,,24806377.0,Africa
735,Cameroon,CMR,2020,,7.37,26210566.0,Africa
736,Canada,CAN,1870,,2.68,3761273.0,North America
737,Canada,CAN,1875,,2.81,4034909.0,North America
738,Canada,CAN,1880,,2.94,4327935.0,North America
739,Canada,CAN,1885,,3.05,4584338.0,North America
740,Canada,CAN,1890,,3.18,4843260.0,North America
741,Canada,CAN,1895,,3.35,5095557.0,North America
742,Canada,CAN,1900,,3.99,5414425.0,North America
743,Canada,CAN,1901,82.9,,5526732.0,North America
744,Canada,CAN,1905,,4.34,6141319.0,North America
745,Canada,CAN,1910,,4.83,7002961.0,North America
746,Canada,CAN,1911,89.0,,7163537.0,North America
747,Canada,CAN,1915,,5.18,7765975.0,North America
748,Canada,CAN,1920,,5.54,8571309.0,North America
749,Canada,CAN,1921,94.3,,8732206.0,North America
750,Canada,CAN,1925,,5.92,9372783.0,North America
751,Canada,CAN,1930,,6.35,10191122.0,North America
752,Canada,CAN,1931,95.7,,10329362.0,North America
753,Canada,CAN,1935,,6.85,10800991.0,North America
754,Canada,CAN,1940,,7.14,11453308.0,North America
755,Canada,CAN,1945,,7.46,12486770.0,North America
756,Canada,CAN,1950,97.5,7.76,13741740.0,North America
757,Canada,CAN,1955,,8.11,15728281.0,North America
758,Canada,CAN,1960,,8.55,17898793.0,North America
759,Canada,CAN,1965,,8.85,19685517.0,North America
760,Canada,CAN,1970,,9.47,21440022.0,North America
761,Canada,CAN,1975,,10.02,23148981.0,North America
762,Canada,CAN,1980,,10.49,24533779.0,North America
763,Canada,CAN,1985,,10.29,25927463.0,North America
764,Canada,CAN,1990,,10.71,27789437.0,North America
765,Canada,CAN,1995,,11.11,29459138.0,North America
766,Canada,CAN,2000,,11.39,30891800.0,North America
767,Canada,CAN,2005,,12.49,32440172.0,North America
768,Canada,CAN,2010,,12.74,34196900.0,North America
769,Canada,CAN,2015,,12.83,35962236.0,North America
770,Canada,CAN,2020,,12.93,38171903.0,North America
771,Cape Verde,CPV,1950,22.5,,184986.0,Africa
772,Cape Verde,CPV,1990,62.8,,375437.0,Africa
773,Cape Verde,CPV,2009,82.218956,,506148.0,Africa
774,Cape Verde,CPV,2012,85.33,,511966.0,Africa
775,Cape Verde,CPV,2015,86.79,,512405.0,Africa
776,Cayman Islands,CYM,2007,98.87,,49709.0,North America
777,Cayman Islands,CYM,2017,98.87,,64561.0,North America
778,Central African Republic,CAF,1950,3.0,,1438062.0,Africa
779,Central African Republic,CAF,1975,18.24,,2313925.0,Africa
780,Central African Republic,CAF,1988,33.62,,2713967.0,Africa
781,Central African Republic,CAF,2000,50.65,,3833421.0,Africa
782,Central African Republic,CAF,2015,,4.21,4629322.0,Africa
783,Central African Republic,CAF,2019,42.44,,4944708.0,Africa
784,Central African Republic,CAF,2020,,4.64,5026629.0,Africa
785,Central and Southern Asia (SDG),,1975,38.64,,,
786,Central and Southern Asia (SDG),,1976,38.7,,,
787,Central and Southern Asia (SDG),,1977,39.37,,,
788,Central and Southern Asia (SDG),,1978,40.04,,,
789,Central and Southern Asia (SDG),,1979,40.69,,,
790,Central and Southern Asia (SDG),,1980,41.32,,,
791,Central and Southern Asia (SDG),,1981,41.92,,,
792,Central and Southern Asia (SDG),,1982,42.59,,,
793,Central and Southern Asia (SDG),,1983,43.31,,,
794,Central and Southern Asia (SDG),,1984,43.97,,,
795,Central and Southern Asia (SDG),,1985,44.62,,,
796,Central and Southern Asia (SDG),,1986,45.29,,,
797,Central and Southern Asia (SDG),,1987,45.95,,,
798,Central and Southern Asia (SDG),,1988,46.65,,,
799,Central and Southern Asia (SDG),,1989,47.41,,,
800,Central and Southern Asia (SDG),,1990,48.39,,,
801,Central and Southern Asia (SDG),,1991,49.09,,,
802,Central and Southern Asia (SDG),,1992,50.02,,,
803,Central and Southern Asia (SDG),,1993,50.95,,,
804,Central and Southern Asia (SDG),,1994,51.66,,,
805,Central and Southern Asia (SDG),,1995,52.5,,,
806,Central and Southern Asia (SDG),,1996,53.3,,,
807,Central and Southern Asia (SDG),,1997,54.09,,,
808,Central and Southern Asia (SDG),,1998,58.56,,,
809,Central and Southern Asia (SDG),,1999,59.33,,,
810,Central and Southern Asia (SDG),,2000,60.1,,,
811,Central and Southern Asia (SDG),,2001,60.9,,,
812,Central and Southern Asia (SDG),,2002,61.71,,,
813,Central and Southern Asia (SDG),,2003,62.61,,,
814,Central and Southern Asia (SDG),,2004,63.39,,,
815,Central and Southern Asia (SDG),,2005,63.29,,,
816,Central and Southern Asia (SDG),,2006,63.41,,,
817,Central and Southern Asia (SDG),,2007,64.22,,,
818,Central and Southern Asia (SDG),,2008,65.25,,,
819,Central and Southern Asia (SDG),,2009,66.07,,,
820,Central and Southern Asia (SDG),,2010,68.44,,,
821,Central and Southern Asia (SDG),,2011,68.79,,,
822,Central and Southern Asia (SDG),,2012,68.87,,,
823,Central and Southern Asia (SDG),,2013,69.82,,,
824,Central and Southern Asia (SDG),,2014,70.52,,,
825,Central and Southern Asia (SDG),,2015,71.76,,,
826,Central and Southern Asia (SDG),,2016,72.99,,,
827,Central and Southern Asia (SDG),,2017,73.52,,,
828,Central and Southern Asia (SDG),,2018,74.02,,,
829,Central and Southern Asia (SDG),,2019,73.87,,,
830,Central and Southern Asia (SDG),,2020,74.55,,,
831,Central and Southern Asia (SDG),,2021,75.3,,,
832,Central and Southern Asia (SDG),,2022,76.08,,,
833,Central and Southern Asia (SDG),,2023,76.74,,,
834,Chad,TCD,1993,10.89,,6629147.0,Africa
835,Chad,TCD,2000,25.65,,8512092.0,Africa
836,Chad,TCD,2004,28.38,,9920036.0,Africa
837,Chad,TCD,2016,22.31,,15114652.0,Africa
838,Chad,TCD,2019,30.63,,16685223.0,Africa
839,Channel Islands,OWID_CIS,1950,98.5,,,
840,Chile,CHL,1870,,0.43,1993622.0,South America
841,Chile,CHL,1875,,0.51,2165173.0,South America
842,Chile,CHL,1880,,0.58,2349056.0,South America
843,Chile,CHL,1885,,0.64,2538055.0,South America
844,Chile,CHL,1890,,0.69,2737912.0,South America
845,Chile,CHL,1895,,0.75,2936624.0,South America
846,Chile,CHL,1900,,1.58,3144546.0,South America
847,Chile,CHL,1905,,1.85,3351643.0,South America
848,Chile,CHL,1907,50.1,,3437240.0,South America
849,Chile,CHL,1910,,2.39,3569943.0,South America
850,Chile,CHL,1915,,2.92,3803843.0,South America
851,Chile,CHL,1920,63.1,3.43,4044201.0,South America
852,Chile,CHL,1925,,3.86,4323894.0,South America
853,Chile,CHL,1930,75.6,4.08,4638243.0,South America
854,Chile,CHL,1935,,4.31,5039853.0,South America
855,Chile,CHL,1940,73.6,4.59,5492530.0,South America
856,Chile,CHL,1945,,4.76,6022587.0,South America
857,Chile,CHL,1950,77.5,4.91,6628577.0,South America
858,Chile,CHL,1955,,5.04,7332311.0,South America
859,Chile,CHL,1960,,5.23,8153356.0,South America
860,Chile,CHL,1965,,5.71,9012944.0,South America
861,Chile,CHL,1970,,6.18,9845347.0,South America
862,Chile,CHL,1975,,6.7,10671567.0,South America
863,Chile,CHL,1980,,7.13,11508553.0,South America
864,Chile,CHL,1982,91.13,,11850214.0,South America
865,Chile,CHL,1985,,7.85,12395277.0,South America
866,Chile,CHL,1990,,8.58,13437181.0,South America
867,Chile,CHL,1992,94.29,,13884579.0,South America
868,Chile,CHL,1995,,8.92,14527382.0,South America
869,Chile,CHL,2000,,9.41,15503638.0,South America
870,Chile,CHL,2002,95.72,,15857926.0,South America
871,Chile,CHL,2005,,9.96,16348780.0,South America
872,Chile,CHL,2010,,10.35,17181463.0,South America
873,Chile,CHL,2011,96.7,,17351810.0,South America
874,Chile,CHL,2013,96.27,,17687006.0,South America
875,Chile,CHL,2015,96.87,10.49,18047630.0,South America
876,Chile,CHL,2017,96.4,,18558868.0,South America
877,Chile,CHL,2020,,10.74,19370621.0,South America
878,China,CHN,1870,,0.01,358200976.0,Asia
879,China,CHN,1875,,0.01,361066568.0,Asia
880,China,CHN,1880,,0.01,365789113.0,Asia
881,China,CHN,1885,,0.01,371212674.0,Asia
882,China,CHN,1890,,0.01,377255533.0,Asia
883,China,CHN,1895,,0.01,386205058.0,Asia
884,China,CHN,1900,,0.02,395929430.0,Asia
885,China,CHN,1905,,0.02,406610574.0,Asia
886,China,CHN,1910,,0.04,419058430.0,Asia
887,China,CHN,1915,,0.06,440794834.0,Asia
888,China,CHN,1920,,0.08,463330522.0,Asia
889,China,CHN,1925,,0.16,473684764.0,Asia
890,China,CHN,1930,,0.26,482831090.0,Asia
891,China,CHN,1935,,0.36,496610129.0,Asia
892,China,CHN,1940,,1.39,511303712.0,Asia
893,China,CHN,1945,,1.53,525143778.0,Asia
894,China,CHN,1950,47.5,1.79,544044355.0,Asia
895,China,CHN,1955,,2.18,603547014.0,Asia
896,China,CHN,1960,,2.8,654802068.0,Asia
897,China,CHN,1965,,3.4,723415737.0,Asia
898,China,CHN,1970,,4.16,823308964.0,Asia
899,China,CHN,1975,,4.83,916116796.0,Asia
900,China,CHN,1980,,5.74,983163540.0,Asia
901,China,CHN,1982,65.51,,1013588177.0,Asia
902,China,CHN,1985,,6.16,1059807818.0,Asia
903,China,CHN,1990,77.79,6.45,1153582725.0,Asia
904,China,CHN,1995,,7.17,1220133929.0,Asia
905,China,CHN,2000,90.92,7.79,1269581174.0,Asia
906,China,CHN,2005,,8.02,1310027135.0,Asia
907,China,CHN,2010,95.12,8.25,1351561505.0,Asia
908,China,CHN,2015,,8.51,1396134171.0,Asia
909,China,CHN,2020,96.74,8.99,1426106093.0,Asia
910,Cocos Islands,CCK,1950,17.5,,,Asia
911,Colombia,COL,1870,,0.32,2440990.0,South America
912,Colombia,COL,1875,,0.37,2615730.0,South America
913,Colombia,COL,1880,,0.42,2851550.0,South America
914,Colombia,COL,1885,,0.48,3108630.0,South America
915,Colombia,COL,1890,,0.51,3388871.0,South America
916,Colombia,COL,1895,,0.52,3694283.0,South America
917,Colombia,COL,1900,,0.85,4034733.0,South America
918,Colombia,COL,1905,,1.0,4457462.0,South America
919,Colombia,COL,1910,,1.44,4944811.0,South America
920,Colombia,COL,1915,,1.62,5565363.0,South America
921,Colombia,COL,1918,42.4,,5981524.0,South America
922,Colombia,COL,1920,,1.79,6275946.0,South America
923,Colombia,COL,1925,,2.01,7082116.0,South America
924,Colombia,COL,1928,51.6,,7615377.0,South America
925,Colombia,COL,1930,,2.17,7946343.0,South America
926,Colombia,COL,1935,,2.32,8602649.0,South America
927,Colombia,COL,1938,55.8,,8992512.0,South America
928,Colombia,COL,1940,,2.4,9311615.0,South America
929,Colombia,COL,1945,,2.53,10414773.0,South America
930,Colombia,COL,1950,52.5,2.38,11766991.0,South America
931,Colombia,COL,1955,,2.73,13473060.0,South America
932,Colombia,COL,1960,,3.1,15606209.0,South America
933,Colombia,COL,1965,,3.47,18169053.0,South America
934,Colombia,COL,1970,,3.98,20811790.0,South America
935,Colombia,COL,1975,,4.43,23344650.0,South America
936,Colombia,COL,1980,,4.99,26104503.0,South America
937,Colombia,COL,1985,,5.63,29268470.0,South America
938,Colombia,COL,1990,,6.16,32440064.0,South America
939,Colombia,COL,1993,91.06,,34441479.0,South America
940,Colombia,COL,1995,,6.68,35804670.0,South America
941,Colombia,COL,1996,91.21,,36462740.0,South America
942,Colombia,COL,2000,,7.12,39089939.0,South America
943,Colombia,COL,2004,92.8,,41543177.0,South America
944,Colombia,COL,2005,92.85,7.56,42128978.0,South America
945,Colombia,COL,2006,92.3,,42691081.0,South America
946,Colombia,COL,2007,92.65,,43235374.0,South America
947,Colombia,COL,2008,93.38,,43758805.0,South America
948,Colombia,COL,2009,93.24,,44271543.0,South America
949,Colombia,COL,2010,93.37,9.35,44777325.0,South America
950,Colombia,COL,2011,93.58,,45259614.0,South America
951,Colombia,COL,2014,94.19,,46565426.0,South America
952,Colombia,COL,2015,94.25,9.78,46969938.0,South America
953,Colombia,COL,2016,94.65,,47437513.0,South America
954,Colombia,COL,2017,94.88739,,48131076.0,South America
955,Colombia,COL,2018,95.09,,49024463.0,South America
956,Colombia,COL,2019,95.25,,49907987.0,South America
957,Colombia,COL,2020,95.64,10.2,50629997.0,South America
958,Colombia,COL,2021,95.66065,,51188174.0,South America
959,Colombia,COL,2022,95.31031,,51737944.0,South America
960,Colombia,COL,2023,95.45663,,52321152.0,South America
961,Comoros,COM,1950,22.5,,161951.0,Africa
962,Comoros,COM,1980,47.92,,337728.0,Africa
963,Comoros,COM,2000,68.25,,536084.0,Africa
964,Comoros,COM,2014,73.6495,,711512.0,Africa
965,Comoros,COM,2021,75.6202,,818178.0,Africa
966,Congo,COG,1984,59.62,,1999533.0,Africa
967,Congo,COG,2005,76.11,,3696399.0,Africa
968,Congo,COG,2015,,6.47,5097583.0,Africa
969,Congo,COG,2020,,6.74,5752792.0,Africa
970,Cook Islands,COK,1950,92.5,,14714.0,Oceania
971,Costa Rica,CRI,1870,,0.32,142062.0,North America
972,Costa Rica,CRI,1875,,0.4,163385.0,North America
973,Costa Rica,CRI,1880,,0.48,189610.0,North America
974,Costa Rica,CRI,1885,,0.59,220456.0,North America
975,Costa Rica,CRI,1890,,0.72,254968.0,North America
976,Costa Rica,CRI,1895,,0.87,285140.0,North America
977,Costa Rica,CRI,1900,,1.56,317246.0,North America
978,Costa Rica,CRI,1905,,1.89,352954.0,North America
979,Costa Rica,CRI,1910,,2.21,391337.0,North America
980,Costa Rica,CRI,1915,,2.45,424936.0,North America
981,Costa Rica,CRI,1920,,2.71,459026.0,North America
982,Costa Rica,CRI,1925,,2.99,500006.0,North America
983,Costa Rica,CRI,1930,,3.13,546929.0,North America
984,Costa Rica,CRI,1935,,3.28,607597.0,North America
985,Costa Rica,CRI,1940,,3.43,681697.0,North America
986,Costa Rica,CRI,1945,,3.62,800613.0,North America
987,Costa Rica,CRI,1950,77.5,3.6,926761.0,North America
988,Costa Rica,CRI,1955,,3.82,1103056.0,North America
989,Costa Rica,CRI,1960,,3.96,1327501.0,North America
990,Costa Rica,CRI,1965,,4.22,1586214.0,North America
991,Costa Rica,CRI,1970,,4.03,1838946.0,North America
992,Costa Rica,CRI,1975,,5.3,2092716.0,North America
993,Costa Rica,CRI,1980,,6.26,2390641.0,North America
994,Costa Rica,CRI,1984,92.63,,2667597.0,North America
995,Costa Rica,CRI,1985,,6.88,2741903.0,North America
996,Costa Rica,CRI,1990,,7.28,3121707.0,North America
997,Costa Rica,CRI,1995,,7.61,3535179.0,North America
998,Costa Rica,CRI,2000,94.87,7.96,3937737.0,North America
999,Costa Rica,CRI,2005,,8.52,4261240.0,North America
1000,Costa Rica,CRI,2010,,8.43,4555965.0,North America
1001,Costa Rica,CRI,2011,97.41,,4609834.0,North America
1002,Costa Rica,CRI,2015,,8.77,4818045.0,North America
1003,Costa Rica,CRI,2020,,9.12,5034323.0,North America
1004,Cote d'Ivoire,CIV,1870,,0.01,1205926.0,Africa
1005,Cote d'Ivoire,CIV,1875,,0.01,1255320.0,Africa
1006,Cote d'Ivoire,CIV,1880,,0.01,1305888.0,Africa
1007,Cote d'Ivoire,CIV,1885,,0.01,1348225.0,Africa
1008,Cote d'Ivoire,CIV,1890,,0.01,1391919.0,Africa
1009,Cote d'Ivoire,CIV,1895,,0.02,1447881.0,Africa
1010,Cote d'Ivoire,CIV,1900,,0.02,1505099.0,Africa
1011,Cote d'Ivoire,CIV,1905,,0.02,1546894.0,Africa
1012,Cote d'Ivoire,CIV,1910,,0.08,1588890.0,Africa
1013,Cote d'Ivoire,CIV,1915,,0.14,1644365.0,Africa
1014,Cote d'Ivoire,CIV,1920,,0.19,1707305.0,Africa
1015,Cote d'Ivoire,CIV,1925,,0.25,1829645.0,Africa
1016,Cote d'Ivoire,CIV,1930,,0.31,1969853.0,Africa
1017,Cote d'Ivoire,CIV,1935,,0.32,2112878.0,Africa
1018,Cote d'Ivoire,CIV,1940,,0.35,2270472.0,Africa
1019,Cote d'Ivoire,CIV,1945,,0.39,2476609.0,Africa
1020,Cote d'Ivoire,CIV,1950,,0.86,2735187.0,Africa
1021,Cote d'Ivoire,CIV,1955,,0.91,3136631.0,Africa
1022,Cote d'Ivoire,CIV,1960,,0.99,3673672.0,Africa
1023,Cote d'Ivoire,CIV,1965,,1.09,4442384.0,Africa
1024,Cote d'Ivoire,CIV,1970,,1.33,5411573.0,Africa
1025,Cote d'Ivoire,CIV,1975,,1.76,6776303.0,Africa
1026,Cote d'Ivoire,CIV,1980,,2.13,8220717.0,Africa
1027,Cote d'Ivoire,CIV,1985,,2.46,10040486.0,Africa
1028,Cote d'Ivoire,CIV,1988,34.14,,11275194.0,Africa
1029,Cote d'Ivoire,CIV,1990,,2.79,12189780.0,Africa
1030,Cote d'Ivoire,CIV,1995,,3.46,14855566.0,Africa
1031,Cote d'Ivoire,CIV,1998,36.35,,16663948.0,Africa
1032,Cote d'Ivoire,CIV,2000,48.74,4.06,17699007.0,Africa
1033,Cote d'Ivoire,CIV,2005,,4.52,20068468.0,Africa
1034,Cote d'Ivoire,CIV,2010,,4.93,22488068.0,Africa
1035,Cote d'Ivoire,CIV,2014,43.91,,24527393.0,Africa
1036,Cote d'Ivoire,CIV,2015,,5.4,25246347.0,Africa
1037,Cote d'Ivoire,CIV,2016,50.04,,25989404.0,Africa
1038,Cote d'Ivoire,CIV,2020,,6.05,28915452.0,Africa
1039,Cote d'Ivoire,CIV,2021,50.0,,29639737.0,Africa
1040,Croatia,HRV,1991,96.7,,4825159.0,Europe
1041,Croatia,HRV,2001,98.15,,4301079.0,Europe
1042,Croatia,HRV,2015,,11.8,4183732.0,Europe
1043,Croatia,HRV,2020,,12.03,3953956.0,Europe
1044,Cuba,CUB,1870,,0.12,1356408.0,North America
1045,Cuba,CUB,1875,,0.15,1437701.0,North America
1046,Cuba,CUB,1880,,0.2,1534380.0,North America
1047,Cuba,CUB,1885,,0.25,1598043.0,North America
1048,Cuba,CUB,1890,,0.33,1652620.0,North America
1049,Cuba,CUB,1895,,0.44,1674375.0,North America
1050,Cuba,CUB,1899,43.1,,1697089.0,North America
1051,Cuba,CUB,1900,,0.82,1719649.0,North America
1052,Cuba,CUB,1905,,1.32,1961695.0,North America
1053,Cuba,CUB,1907,56.4,,2081056.0,North America
1054,Cuba,CUB,1910,,1.58,2275154.0,North America
1055,Cuba,CUB,1915,,2.03,2647842.0,North America
1056,Cuba,CUB,1919,61.3,,2985028.0,North America
1057,Cuba,CUB,1920,,2.28,3069258.0,North America
1058,Cuba,CUB,1925,,2.61,3483522.0,North America
1059,Cuba,CUB,1930,,2.96,3923683.0,North America
1060,Cuba,CUB,1931,71.8,,4003873.0,North America
1061,Cuba,CUB,1935,,3.16,4298425.0,North America
1062,Cuba,CUB,1940,,3.31,4707248.0,North America
1063,Cuba,CUB,1943,76.4,,5035224.0,North America
1064,Cuba,CUB,1945,,3.42,5279214.0,North America
1065,Cuba,CUB,1950,77.5,3.58,5924519.0,North America
1066,Cuba,CUB,1955,,3.66,6543104.0,North America
1067,Cuba,CUB,1960,,4.08,7238083.0,North America
1068,Cuba,CUB,1965,,4.55,8030806.0,North America
1069,Cuba,CUB,1970,,5.41,8824389.0,North America
1070,Cuba,CUB,1975,,6.48,9479729.0,North America
1071,Cuba,CUB,1980,,7.82,9804798.0,North America
1072,Cuba,CUB,1981,97.85,,9849325.0,North America
1073,Cuba,CUB,1985,,8.64,10157229.0,North America
1074,Cuba,CUB,1990,,9.21,10631796.0,North America
1075,Cuba,CUB,1995,,9.58,10925362.0,North America
1076,Cuba,CUB,2000,,9.88,11109112.0,North America
1077,Cuba,CUB,2002,99.8,,11177422.0,North America
1078,Cuba,CUB,2005,,10.36,11262553.0,North America
1079,Cuba,CUB,2010,,11.06,11297414.0,North America
1080,Cuba,CUB,2012,99.67,,11303172.0,North America
1081,Cuba,CUB,2015,,11.12,11275069.0,North America
1082,Cuba,CUB,2019,97.65,,11202847.0,North America
1083,Cuba,CUB,2020,,11.61,11176349.0,North America
1084,Cyprus,CYP,1870,,0.29,185602.0,Europe
1085,Cyprus,CYP,1875,,0.35,185654.0,Europe
1086,Cyprus,CYP,1880,,0.42,187005.0,Europe
1087,Cyprus,CYP,1885,,0.51,196828.0,Europe
1088,Cyprus,CYP,1890,,0.61,208704.0,Europe
1089,Cyprus,CYP,1895,,0.78,222067.0,Europe
1090,Cyprus,CYP,1900,,0.97,236693.0,Europe
1091,Cyprus,CYP,1905,,1.11,254143.0,Europe
1092,Cyprus,CYP,1910,,1.3,272882.0,Europe
1093,Cyprus,CYP,1915,,1.65,290960.0,Europe
1094,Cyprus,CYP,1920,,1.97,309680.0,Europe
1095,Cyprus,CYP,1925,,2.25,327859.0,Europe
1096,Cyprus,CYP,1930,,2.52,349917.0,Europe
1097,Cyprus,CYP,1935,,2.72,394589.0,Europe
1098,Cyprus,CYP,1940,,2.84,444169.0,Europe
1099,Cyprus,CYP,1945,,3.08,469861.0,Europe
1100,Cyprus,CYP,1950,62.5,3.8,493883.0,Europe
1101,Cyprus,CYP,1955,,4.49,533874.0,Europe
1102,Cyprus,CYP,1960,,5.38,586493.0,Europe
1103,Cyprus,CYP,1965,,5.9,617743.0,Europe
1104,Cyprus,CYP,1970,,6.36,647443.0,Europe
1105,Cyprus,CYP,1975,,7.02,659408.0,Europe
1106,Cyprus,CYP,1980,,7.89,683082.0,Europe
1107,Cyprus,CYP,1985,,8.94,731290.0,Europe
1108,Cyprus,CYP,1990,,9.85,788355.0,Europe
1109,Cyprus,CYP,1992,94.36,,810344.0,Europe
1110,Cyprus,CYP,1995,,10.28,862698.0,Europe
1111,Cyprus,CYP,2000,,10.82,947667.0,Europe
1112,Cyprus,CYP,2001,96.8,,964129.0,Europe
1113,Cyprus,CYP,2005,,10.19,1036156.0,Europe
1114,Cyprus,CYP,2010,,11.76,1127826.0,Europe
1115,Cyprus,CYP,2011,98.68,,1146493.0,Europe
1116,Cyprus,CYP,2015,,12.1,1219504.0,Europe
1117,Cyprus,CYP,2020,,12.42,1302250.0,Europe
1118,Czechia,CZE,1870,,3.19,7698830.0,Europe
1119,Czechia,CZE,1875,,3.25,7943875.0,Europe
1120,Czechia,CZE,1880,,3.36,8196719.0,Europe
1121,Czechia,CZE,1885,,3.47,8446221.0,Europe
1122,Czechia,CZE,1890,,3.59,8703318.0,Europe
1123,Czechia,CZE,1895,,3.7,9013144.0,Europe
1124,Czechia,CZE,1900,,3.82,9334000.0,Europe
1125,Czechia,CZE,1905,,4.13,9685000.0,Europe
1126,Czechia,CZE,1910,,4.38,10036000.0,Europe
1127,Czechia,CZE,1915,,4.61,10286000.0,Europe
1128,Czechia,CZE,1920,,4.79,9978000.0,Europe
1129,Czechia,CZE,1925,,5.13,10370000.0,Europe
1130,Czechia,CZE,1930,,5.4,10648000.0,Europe
1131,Czechia,CZE,1935,,5.7,10853000.0,Europe
1132,Czechia,CZE,1940,,6.01,11160000.0,Europe
1133,Czechia,CZE,1945,,6.3,10693000.0,Europe
1134,Czechia,CZE,1950,,8.22,8916715.0,Europe
1135,Czechia,CZE,1955,,8.37,9289429.0,Europe
1136,Czechia,CZE,1960,,8.49,9541605.0,Europe
1137,Czechia,CZE,1965,,9.16,9706844.0,Europe
1138,Czechia,CZE,1970,,9.88,9801253.0,Europe
1139,Czechia,CZE,1975,,10.34,10030787.0,Europe
1140,Czechia,CZE,1980,,10.69,10275404.0,Europe
1141,Czechia,CZE,1985,,10.91,10305141.0,Europe
1142,Czechia,CZE,1990,,11.35,10301989.0,Europe
1143,Czechia,CZE,1995,,12.3,10312041.0,Europe
1144,Czechia,CZE,2000,,12.78,10236809.0,Europe
1145,Czechia,CZE,2005,,12.81,10280155.0,Europe
1146,Czechia,CZE,2010,,12.8,10464035.0,Europe
1147,Czechia,CZE,2015,,12.93,10524418.0,Europe
1148,Czechia,CZE,2020,,12.93,10550129.0,Europe
1149,Czechoslovakia,OWID_CZS,1950,97.5,,12390000.0,Europe
1150,Democratic Republic of Congo,COD,1870,,0.01,8828887.0,Africa
1151,Democratic Republic of Congo,COD,1875,,0.01,9167396.0,Africa
1152,Democratic Republic of Congo,COD,1880,,0.01,9508357.0,Africa
1153,Democratic Republic of Congo,COD,1885,,0.01,9747652.0,Africa
1154,Democratic Republic of Congo,COD,1890,,0.01,9916704.0,Africa
1155,Democratic Republic of Congo,COD,1895,,0.01,9723789.0,Africa
1156,Democratic Republic of Congo,COD,1900,,0.02,9451620.0,Africa
1157,Democratic Republic of Congo,COD,1905,,0.03,9017966.0,Africa
1158,Democratic Republic of Congo,COD,1910,,0.03,8599666.0,Africa
1159,Democratic Republic of Congo,COD,1915,,0.24,8330869.0,Africa
1160,Democratic Republic of Congo,COD,1920,,0.25,8182274.0,Africa
1161,Democratic Republic of Congo,COD,1925,,0.26,8639430.0,Africa
1162,Democratic Republic of Congo,COD,1930,,0.3,9220147.0,Africa
1163,Democratic Republic of Congo,COD,1935,,0.34,9803193.0,Africa
1164,Democratic Republic of Congo,COD,1940,,0.41,10442344.0,Africa
1165,Democratic Republic of Congo,COD,1945,,0.49,11291347.0,Africa
1166,Democratic Republic of Congo,COD,1950,37.5,0.62,12294293.0,Africa
1167,Democratic Republic of Congo,COD,1955,,0.72,13630350.0,Africa
1168,Democratic Republic of Congo,COD,1960,,0.88,15264853.0,Africa
1169,Democratic Republic of Congo,COD,1965,,1.06,17427807.0,Africa
1170,Democratic Republic of Congo,COD,1970,,1.3,20137442.0,Africa
1171,Democratic Republic of Congo,COD,1975,,1.63,23021102.0,Africa
1172,Democratic Republic of Congo,COD,1980,,2.15,26711098.0,Africa
1173,Democratic Republic of Congo,COD,1985,,2.86,31264819.0,Africa
1174,Democratic Republic of Congo,COD,1990,,3.31,36684065.0,Africa
1175,Democratic Republic of Congo,COD,1995,,3.52,44433718.0,Africa
1176,Democratic Republic of Congo,COD,2000,,3.51,50507445.0,Africa
1177,Democratic Republic of Congo,COD,2001,67.17,,52132646.0,Africa
1178,Democratic Republic of Congo,COD,2005,,3.63,58775726.0,Africa
1179,Democratic Republic of Congo,COD,2010,,3.79,68563038.0,Africa
1180,Democratic Republic of Congo,COD,2012,75.02,,73254623.0,Africa
1181,Democratic Republic of Congo,COD,2015,,4.3,81035532.0,Africa
1182,Democratic Republic of Congo,COD,2016,77.04,,83956416.0,Africa
1183,Democratic Republic of Congo,COD,2018,73.55,,90047647.0,Africa
1184,Democratic Republic of Congo,COD,2020,65.68288,4.85,95990000.0,Africa
1185,Democratic Republic of Congo,COD,2023,68.5,,105789733.0,Africa
1186,Denmark,DNK,1870,,2.45,1887891.0,Europe
1187,Denmark,DNK,1875,,2.5,1983412.0,Europe
1188,Denmark,DNK,1880,,2.56,2082563.0,Europe
1189,Denmark,DNK,1885,,2.63,2186768.0,Europe
1190,Denmark,DNK,1890,,2.71,2297977.0,Europe
1191,Denmark,DNK,1895,,2.78,2426480.0,Europe
1192,Denmark,DNK,1900,,2.84,2565333.0,Europe
1193,Denmark,DNK,1905,,2.91,2720375.0,Europe
1194,Denmark,DNK,1910,,3.17,2886076.0,Europe
1195,Denmark,DNK,1915,,3.39,3061428.0,Europe
1196,Denmark,DNK,1920,,3.64,3241362.0,Europe
1197,Denmark,DNK,1925,,3.93,3393860.0,Europe
1198,Denmark,DNK,1930,,4.26,3545296.0,Europe
1199,Denmark,DNK,1935,,4.59,3689717.0,Europe
1200,Denmark,DNK,1940,,4.89,3844754.0,Europe
1201,Denmark,DNK,1945,,5.34,4051891.0,Europe
1202,Denmark,DNK,1950,98.5,5.63,4268408.0,Europe
1203,Denmark,DNK,1955,,4.78,4438843.0,Europe
1204,Denmark,DNK,1960,,5.3,4579347.0,Europe
1205,Denmark,DNK,1965,,6.06,4758837.0,Europe
1206,Denmark,DNK,1970,,7.19,4928674.0,Europe
1207,Denmark,DNK,1975,,8.01,5060403.0,Europe
1208,Denmark,DNK,1980,,8.85,5123079.0,Europe
1209,Denmark,DNK,1985,,9.59,5113878.0,Europe
1210,Denmark,DNK,1990,,10.48,5141024.0,Europe
1211,Denmark,DNK,1995,,11.04,5233364.0,Europe
1212,Denmark,DNK,2000,,11.5,5339659.0,Europe
1213,Denmark,DNK,2005,,11.81,5419550.0,Europe
1214,Denmark,DNK,2010,,11.97,5547865.0,Europe
1215,Denmark,DNK,2015,,11.67,5683698.0,Europe
1216,Denmark,DNK,2020,,11.69,5831529.0,Europe
1217,Djibouti,DJI,1950,3.0,,62349.0,Africa
1218,Dominican Republic,DOM,1870,,0.07,243047.0,North America
1219,Dominican Republic,DOM,1875,,0.1,275920.0,North America
1220,Dominican Republic,DOM,1880,,0.14,313223.0,North America
1221,Dominican Republic,DOM,1885,,0.19,355568.0,North America
1222,Dominican Republic,DOM,1890,,0.23,403638.0,North America
1223,Dominican Republic,DOM,1895,,0.26,458206.0,North America
1224,Dominican Republic,DOM,1900,,0.29,521386.0,North America
1225,Dominican Republic,DOM,1905,,0.7,601881.0,North America
1226,Dominican Republic,DOM,1910,,1.06,694364.0,North America
1227,Dominican Republic,DOM,1915,,1.3,787593.0,North America
1228,Dominican Republic,DOM,1920,,1.53,896843.0,North America
1229,Dominican Republic,DOM,1925,,1.85,1065260.0,North America
1230,Dominican Republic,DOM,1930,,2.21,1267768.0,North America
1231,Dominican Republic,DOM,1935,,2.3,1469414.0,North America
1232,Dominican Republic,DOM,1940,,2.3,1702095.0,North America
1233,Dominican Republic,DOM,1945,,2.39,2011881.0,North America
1234,Dominican Republic,DOM,1950,42.5,2.53,2379896.0,North America
1235,Dominican Republic,DOM,1955,,2.58,2777636.0,North America
1236,Dominican Republic,DOM,1960,,2.78,3268341.0,North America
1237,Dominican Republic,DOM,1965,,3.15,3808965.0,North America
1238,Dominican Republic,DOM,1970,,3.74,4399294.0,North America
1239,Dominican Republic,DOM,1975,,4.3,5046783.0,North America
1240,Dominican Republic,DOM,1980,,4.98,5729043.0,North America
1241,Dominican Republic,DOM,1981,73.06,,5868459.0,North America
1242,Dominican Republic,DOM,1985,,5.58,6430404.0,North America
1243,Dominican Republic,DOM,1990,,6.13,7151165.0,North America
1244,Dominican Republic,DOM,1995,,6.58,7888120.0,North America
1245,Dominican Republic,DOM,2000,,7.03,8584196.0,North America
1246,Dominican Republic,DOM,2002,87.0,,8852231.0,North America
1247,Dominican Republic,DOM,2005,,7.54,9225035.0,North America
1248,Dominican Republic,DOM,2007,88.24,,9455663.0,North America
1249,Dominican Republic,DOM,2010,89.54,8.12,9820180.0,North America
1250,Dominican Republic,DOM,2011,90.11,,9945623.0,North America
1251,Dominican Republic,DOM,2012,90.16,,10070409.0,North America
1252,Dominican Republic,DOM,2013,90.86,,10193838.0,North America
1253,Dominican Republic,DOM,2014,91.76,,10315523.0,North America
1254,Dominican Republic,DOM,2015,91.99,8.48,10434826.0,North America
1255,Dominican Republic,DOM,2016,93.78,,10551430.0,North America
1256,Dominican Republic,DOM,2017,93.233215,,10666846.0,North America
1257,Dominican Republic,DOM,2018,93.43606,,10782048.0,North America
1258,Dominican Republic,DOM,2019,93.67269,,10894043.0,North America
1259,Dominican Republic,DOM,2020,93.692635,9.04,11008298.0,North America
1260,Dominican Republic,DOM,2021,93.73097,,11123480.0,North America
1261,Dominican Republic,DOM,2022,93.70224,,11230734.0,North America
1262,Dominican Republic,DOM,2023,94.31238,,11331269.0,North America
1263,East Asia and Pacific (WB),WB_EAP,1976,65.99,,,
1264,East Asia and Pacific (WB),WB_EAP,1977,66.2,,,
1265,East Asia and Pacific (WB),WB_EAP,1978,67.29,,,
1266,East Asia and Pacific (WB),WB_EAP,1979,68.52,,,
1267,East Asia and Pacific (WB),WB_EAP,1980,69.61,,,
1268,East Asia and Pacific (WB),WB_EAP,1981,70.64,,,
1269,East Asia and Pacific (WB),WB_EAP,1982,71.61,,,
1270,East Asia and Pacific (WB),WB_EAP,1983,72.53,,,
1271,East Asia and Pacific (WB),WB_EAP,1984,73.51,,,
1272,East Asia and Pacific (WB),WB_EAP,1985,74.43,,,
1273,East Asia and Pacific (WB),WB_EAP,1986,75.26,,,
1274,East Asia and Pacific (WB),WB_EAP,1987,76.41,,,
1275,East Asia and Pacific (WB),WB_EAP,1988,80.14,,,
1276,East Asia and Pacific (WB),WB_EAP,1989,80.76,,,
1277,East Asia and Pacific (WB),WB_EAP,1990,81.33,,,
1278,East Asia and Pacific (WB),WB_EAP,1991,81.84,,,
1279,East Asia and Pacific (WB),WB_EAP,1992,82.33,,,
1280,East Asia and Pacific (WB),WB_EAP,1993,82.77,,,
1281,East Asia and Pacific (WB),WB_EAP,1994,83.3,,,
1282,East Asia and Pacific (WB),WB_EAP,1995,83.84,,,
1283,East Asia and Pacific (WB),WB_EAP,1996,84.3,,,
1284,East Asia and Pacific (WB),WB_EAP,1997,89.27,,,
1285,East Asia and Pacific (WB),WB_EAP,1998,89.63,,,
1286,East Asia and Pacific (WB),WB_EAP,1999,89.95,,,
1287,East Asia and Pacific (WB),WB_EAP,2000,90.31,,,
1288,East Asia and Pacific (WB),WB_EAP,2001,90.63,,,
1289,East Asia and Pacific (WB),WB_EAP,2002,90.98,,,
1290,East Asia and Pacific (WB),WB_EAP,2003,91.35,,,
1291,East Asia and Pacific (WB),WB_EAP,2004,91.68,,,
1292,East Asia and Pacific (WB),WB_EAP,2005,92.02,,,
1293,East Asia and Pacific (WB),WB_EAP,2006,92.37,,,
1294,East Asia and Pacific (WB),WB_EAP,2007,93.51,,,
1295,East Asia and Pacific (WB),WB_EAP,2008,93.82,,,
1296,East Asia and Pacific (WB),WB_EAP,2009,94.09,,,
1297,East Asia and Pacific (WB),WB_EAP,2010,94.08,,,
1298,East Asia and Pacific (WB),WB_EAP,2011,94.3,,,
1299,East Asia and Pacific (WB),WB_EAP,2012,94.54,,,
1300,East Asia and Pacific (WB),WB_EAP,2013,94.62,,,
1301,East Asia and Pacific (WB),WB_EAP,2014,95.09,,,
1302,East Asia and Pacific (WB),WB_EAP,2015,95.3,,,
1303,East Asia and Pacific (WB),WB_EAP,2016,95.5,,,
1304,East Asia and Pacific (WB),WB_EAP,2017,95.69,,,
1305,East Asia and Pacific (WB),WB_EAP,2018,95.73,,,
1306,East Asia and Pacific (WB),WB_EAP,2019,95.87,,,
1307,East Asia and Pacific (WB),WB_EAP,2020,96.09,,,
1308,East Asia and Pacific (WB),WB_EAP,2021,96.22,,,
1309,East Asia and Pacific (WB),WB_EAP,2022,96.36,,,
1310,East Asia and Pacific (WB),WB_EAP,2023,96.49,,,
1311,East Timor,TLS,1950,3.0,,414767.0,Asia
1312,East Timor,TLS,2001,37.6,,812253.0,Asia
1313,East Timor,TLS,2007,50.6,,1004898.0,Asia
1314,East Timor,TLS,2010,58.31,,1084688.0,Asia
1315,East Timor,TLS,2015,64.45,,1205133.0,Asia
1316,East Timor,TLS,2016,65.78,,1228314.0,Asia
1317,East Timor,TLS,2022,69.4,,1369299.0,Asia
1318,Eastern and South-Eastern Asia (SDG),,1976,65.78,,,
1319,Eastern and South-Eastern Asia (SDG),,1977,65.99,,,
1320,Eastern and South-Eastern Asia (SDG),,1978,67.09,,,
1321,Eastern and South-Eastern Asia (SDG),,1979,68.34,,,
1322,Eastern and South-Eastern Asia (SDG),,1980,69.45,,,
1323,Eastern and South-Eastern Asia (SDG),,1981,70.5,,,
1324,Eastern and South-Eastern Asia (SDG),,1982,71.47,,,
1325,Eastern and South-Eastern Asia (SDG),,1983,72.41,,,
1326,Eastern and South-Eastern Asia (SDG),,1984,73.4,,,
1327,Eastern and South-Eastern Asia (SDG),,1985,74.34,,,
1328,Eastern and South-Eastern Asia (SDG),,1986,75.17,,,
1329,Eastern and South-Eastern Asia (SDG),,1987,76.34,,,
1330,Eastern and South-Eastern Asia (SDG),,1988,80.13,,,
1331,Eastern and South-Eastern Asia (SDG),,1989,80.76,,,
1332,Eastern and South-Eastern Asia (SDG),,1990,81.34,,,
1333,Eastern and South-Eastern Asia (SDG),,1991,81.86,,,
1334,Eastern and South-Eastern Asia (SDG),,1992,82.35,,,
1335,Eastern and South-Eastern Asia (SDG),,1993,82.8,,,
1336,Eastern and South-Eastern Asia (SDG),,1994,83.35,,,
1337,Eastern and South-Eastern Asia (SDG),,1995,83.89,,,
1338,Eastern and South-Eastern Asia (SDG),,1996,84.35,,,
1339,Eastern and South-Eastern Asia (SDG),,1997,89.4,,,
1340,Eastern and South-Eastern Asia (SDG),,1998,89.75,,,
1341,Eastern and South-Eastern Asia (SDG),,1999,90.08,,,
1342,Eastern and South-Eastern Asia (SDG),,2000,90.44,,,
1343,Eastern and South-Eastern Asia (SDG),,2001,90.76,,,
1344,Eastern and South-Eastern Asia (SDG),,2002,91.12,,,
1345,Eastern and South-Eastern Asia (SDG),,2003,91.49,,,
1346,Eastern and South-Eastern Asia (SDG),,2004,91.83,,,
1347,Eastern and South-Eastern Asia (SDG),,2005,92.17,,,
1348,Eastern and South-Eastern Asia (SDG),,2006,92.52,,,
1349,Eastern and South-Eastern Asia (SDG),,2007,93.68,,,
1350,Eastern and South-Eastern Asia (SDG),,2008,93.99,,,
1351,Eastern and South-Eastern Asia (SDG),,2009,94.26,,,
1352,Eastern and South-Eastern Asia (SDG),,2010,94.25,,,
1353,Eastern and South-Eastern Asia (SDG),,2011,94.48,,,
1354,Eastern and South-Eastern Asia (SDG),,2012,94.72,,,
1355,Eastern and South-Eastern Asia (SDG),,2013,94.8,,,
1356,Eastern and South-Eastern Asia (SDG),,2014,95.29,,,
1357,Eastern and South-Eastern Asia (SDG),,2015,95.51,,,
1358,Eastern and South-Eastern Asia (SDG),,2016,95.71,,,
1359,Eastern and South-Eastern Asia (SDG),,2017,95.91,,,
1360,Eastern and South-Eastern Asia (SDG),,2018,95.96,,,
1361,Eastern and South-Eastern Asia (SDG),,2019,96.1,,,
1362,Eastern and South-Eastern Asia (SDG),,2020,96.33,,,
1363,Eastern and South-Eastern Asia (SDG),,2021,96.47,,,
1364,Eastern and South-Eastern Asia (SDG),,2022,96.61,,,
1365,Eastern and South-Eastern Asia (SDG),,2023,96.74,,,
1366,Ecuador,ECU,1870,,0.19,1026980.0,South America
1367,Ecuador,ECU,1875,,0.24,1087561.0,South America
1368,Ecuador,ECU,1880,,0.3,1151684.0,South America
1369,Ecuador,ECU,1885,,0.37,1219574.0,South America
1370,Ecuador,ECU,1890,,0.45,1291452.0,South America
1371,Ecuador,ECU,1895,,0.56,1367550.0,South America
1372,Ecuador,ECU,1900,,0.9,1451333.0,South America
1373,Ecuador,ECU,1905,,1.04,1561601.0,South America
1374,Ecuador,ECU,1910,,1.25,1679429.0,South America
1375,Ecuador,ECU,1915,,1.42,1777234.0,South America
1376,Ecuador,ECU,1920,,1.58,1870163.0,South America
1377,Ecuador,ECU,1925,,1.68,1951155.0,South America
1378,Ecuador,ECU,1930,,1.86,2052817.0,South America
1379,Ecuador,ECU,1935,,2.08,2291278.0,South America
1380,Ecuador,ECU,1940,,2.23,2592696.0,South America
1381,Ecuador,ECU,1945,,2.43,3018002.0,South America
1382,Ecuador,ECU,1950,57.5,2.62,3516791.0,South America
1383,Ecuador,ECU,1955,,2.93,4006189.0,South America
1384,Ecuador,ECU,1960,,3.29,4590893.0,South America
1385,Ecuador,ECU,1965,,4.0,5303960.0,South America
1386,Ecuador,ECU,1970,,4.55,6155392.0,South America
1387,Ecuador,ECU,1975,,5.07,7118258.0,South America
1388,Ecuador,ECU,1980,,6.35,8165882.0,South America
1389,Ecuador,ECU,1982,83.55,,8611296.0,South America
1390,Ecuador,ECU,1985,,6.76,9311152.0,South America
1391,Ecuador,ECU,1990,88.3,7.23,10473674.0,South America
1392,Ecuador,ECU,1995,,7.32,11590519.0,South America
1393,Ecuador,ECU,2000,,7.41,12689215.0,South America
1394,Ecuador,ECU,2001,90.98,,12910736.0,South America
1395,Ecuador,ECU,2005,,7.7,13846162.0,South America
1396,Ecuador,ECU,2007,92.1,,14328783.0,South America
1397,Ecuador,ECU,2008,92.39,,14575201.0,South America
1398,Ecuador,ECU,2009,92.25,,14825960.0,South America
1399,Ecuador,ECU,2010,91.85,8.02,15076697.0,South America
1400,Ecuador,ECU,2011,91.59,,15326232.0,South America
1401,Ecuador,ECU,2012,92.06,,15572195.0,South America
1402,Ecuador,ECU,2013,93.29,,15807132.0,South America
1403,Ecuador,ECU,2014,94.22,,16035127.0,South America
1404,Ecuador,ECU,2015,94.46,8.54,16266229.0,South America
1405,Ecuador,ECU,2016,94.35,,16505142.0,South America
1406,Ecuador,ECU,2017,92.83,,16759515.0,South America
1407,Ecuador,ECU,2020,93.63,9.07,17546058.0,South America
1408,Ecuador,ECU,2021,94.48,,17682454.0,South America
1409,Ecuador,ECU,2022,96.26,,17823900.0,South America
1410,Egypt,EGY,1870,,0.02,6885909.0,Africa
1411,Egypt,EGY,1875,,0.02,7223941.0,Africa
1412,Egypt,EGY,1880,,0.03,7594768.0,Africa
1413,Egypt,EGY,1885,,0.04,8091603.0,Africa
1414,Egypt,EGY,1890,,0.05,8643889.0,Africa
1415,Egypt,EGY,1895,,0.07,9268507.0,Africa
1416,Egypt,EGY,1900,,0.09,9940289.0,Africa
1417,Egypt,EGY,1905,,0.12,10636440.0,Africa
1418,Egypt,EGY,1907,7.3,,10926812.0,Africa
1419,Egypt,EGY,1910,,0.16,11361079.0,Africa
1420,Egypt,EGY,1915,,0.22,12028348.0,Africa
1421,Egypt,EGY,1917,8.8,,12299362.0,Africa
1422,Egypt,EGY,1920,,0.31,12731391.0,Africa
1423,Egypt,EGY,1925,,0.41,13461191.0,Africa
1424,Egypt,EGY,1927,14.1,,13762974.0,Africa
1425,Egypt,EGY,1930,,0.46,14249967.0,Africa
1426,Egypt,EGY,1935,,0.3,15227663.0,Africa
1427,Egypt,EGY,1937,14.8,,15646375.0,Africa
1428,Egypt,EGY,1940,,0.36,16423191.0,Africa
1429,Egypt,EGY,1945,,0.42,18580434.0,Africa
1430,Egypt,EGY,1950,22.5,0.54,21148168.0,Africa
1431,Egypt,EGY,1955,,0.7,23795234.0,Africa
1432,Egypt,EGY,1960,,0.85,26896480.0,Africa
1433,Egypt,EGY,1965,,1.11,30629174.0,Africa
1434,Egypt,EGY,1970,,1.41,34623990.0,Africa
1435,Egypt,EGY,1975,,1.82,38875326.0,Africa
1436,Egypt,EGY,1976,38.2,,39795558.0,Africa
1437,Egypt,EGY,1980,,2.8,43950413.0,Africa
1438,Egypt,EGY,1985,,3.92,50734974.0,Africa
1439,Egypt,EGY,1986,44.42,,52206296.0,Africa
1440,Egypt,EGY,1990,,4.6,58396625.0,Africa
1441,Egypt,EGY,1995,,5.36,65652621.0,Africa
1442,Egypt,EGY,1996,55.59,,67028045.0,Africa
1443,Egypt,EGY,2000,,6.3,73083287.0,Africa
1444,Egypt,EGY,2005,67.33,6.93,81101012.0,Africa
1445,Egypt,EGY,2006,66.37,,82700404.0,Africa
1446,Egypt,EGY,2010,72.05,7.44,89196073.0,Africa
1447,Egypt,EGY,2012,73.87,,93161000.0,Africa
1448,Egypt,EGY,2013,72.44,,95333551.0,Africa
1449,Egypt,EGY,2015,,7.53,99597334.0,Africa
1450,Egypt,EGY,2017,71.17,,103696055.0,Africa
1451,Egypt,EGY,2020,,8.01,109315118.0,Africa
1452,Egypt,EGY,2021,82.08038,,110957005.0,Africa
1453,Egypt,EGY,2022,79.45316,,112618252.0,Africa
1454,El Salvador,SLV,1870,,0.22,511554.0,North America
1455,El Salvador,SLV,1875,,0.27,573419.0,North America
1456,El Salvador,SLV,1880,,0.34,642161.0,North America
1457,El Salvador,SLV,1885,,0.42,697192.0,North America
1458,El Salvador,SLV,1890,,0.51,750809.0,North America
1459,El Salvador,SLV,1895,,0.6,792081.0,North America
1460,El Salvador,SLV,1900,,0.82,839397.0,North America
1461,El Salvador,SLV,1905,,0.92,933391.0,North America
1462,El Salvador,SLV,1910,,1.15,1045631.0,North America
1463,El Salvador,SLV,1915,,1.21,1171943.0,North America
1464,El Salvador,SLV,1920,,1.28,1307019.0,North America
1465,El Salvador,SLV,1925,,1.35,1450417.0,North America
1466,El Salvador,SLV,1930,,1.41,1600789.0,North America
1467,El Salvador,SLV,1935,,1.41,1711486.0,North America
1468,El Salvador,SLV,1940,,1.41,1826506.0,North America
1469,El Salvador,SLV,1945,,1.54,1986714.0,North America
1470,El Salvador,SLV,1950,37.5,1.55,2183513.0,North America
1471,El Salvador,SLV,1955,,1.7,2456598.0,North America
1472,El Salvador,SLV,1960,,1.98,2791448.0,North America
1473,El Salvador,SLV,1965,,2.41,3199474.0,North America
1474,El Salvador,SLV,1970,,2.9,3668799.0,North America
1475,El Salvador,SLV,1975,,3.37,4120451.0,North America
1476,El Salvador,SLV,1980,,3.74,4540377.0,North America
1477,El Salvador,SLV,1985,,4.57,4894703.0,North America
1478,El Salvador,SLV,1990,,5.08,5399728.0,North America
1479,El Salvador,SLV,1992,74.14,,5585611.0,North America
1480,El Salvador,SLV,1995,,5.8,5762135.0,North America
1481,El Salvador,SLV,2000,,7.04,5943363.0,North America
1482,El Salvador,SLV,2005,,8.08,6005583.0,North America
1483,El Salvador,SLV,2006,83.56,,6002321.0,North America
1484,El Salvador,SLV,2007,82.03,,6009820.0,North America
1485,El Salvador,SLV,2008,83.95,,6029302.0,North America
1486,El Salvador,SLV,2009,84.1,,6048284.0,North America
1487,El Salvador,SLV,2010,84.49,8.06,6068253.0,North America
1488,El Salvador,SLV,2011,85.49,,6090128.0,North America
1489,El Salvador,SLV,2012,85.462456,,6113977.0,North America
1490,El Salvador,SLV,2013,86.77,,6138845.0,North America
1491,El Salvador,SLV,2014,87.41254,,6162952.0,North America
1492,El Salvador,SLV,2015,87.97,7.67,6183675.0,North America
1493,El Salvador,SLV,2016,88.14,,6200808.0,North America
1494,El Salvador,SLV,2017,88.48,,6213538.0,North America
1495,El Salvador,SLV,2018,89.01,,6219803.0,North America
1496,El Salvador,SLV,2019,89.14,,6222316.0,North America
1497,El Salvador,SLV,2020,89.98,8.1,6234679.0,North America
1498,El Salvador,SLV,2021,89.05865,,6255780.0,North America
1499,El Salvador,SLV,2022,89.353714,,6280316.0,North America
1500,El Salvador,SLV,2023,89.85,,6309629.0,North America
1501,Equatorial Guinea,GNQ,1950,22.5,,226570.0,Africa
1502,Equatorial Guinea,GNQ,2000,88.31,,703287.0,Africa
1503,Eritrea,ERI,1950,3.0,,814880.0,Africa
1504,Eritrea,ERI,2002,52.51,,2392981.0,Africa
1505,Eritrea,ERI,2008,64.66,,2816331.0,Africa
1506,Estonia,EST,1989,99.73,,1567590.0,Europe
1507,Estonia,EST,2000,99.77,,1397001.0,Europe
1508,Estonia,EST,2011,99.89,,1327366.0,Europe
1509,Estonia,EST,2015,,12.33,1314580.0,Europe
1510,Estonia,EST,2020,,12.29,1329675.0,Europe
1511,Eswatini,SWZ,1870,,0.01,80694.0,Africa
1512,Eswatini,SWZ,1875,,0.01,84799.0,Africa
1513,Eswatini,SWZ,1880,,0.01,89113.0,Africa
1514,Eswatini,SWZ,1885,,0.01,93647.0,Africa
1515,Eswatini,SWZ,1890,,0.01,98411.0,Africa
1516,Eswatini,SWZ,1895,,0.01,103417.0,Africa
1517,Eswatini,SWZ,1900,,0.01,109096.0,Africa
1518,Eswatini,SWZ,1905,,0.01,117859.0,Africa
1519,Eswatini,SWZ,1910,,0.05,127720.0,Africa
1520,Eswatini,SWZ,1915,,0.11,137920.0,Africa
1521,Eswatini,SWZ,1920,,0.15,149409.0,Africa
1522,Eswatini,SWZ,1925,,0.36,165263.0,Africa
1523,Eswatini,SWZ,1930,,0.49,183282.0,Africa
1524,Eswatini,SWZ,1935,,0.62,202637.0,Africa
1525,Eswatini,SWZ,1940,,0.78,223795.0,Africa
1526,Eswatini,SWZ,1945,,0.96,246248.0,Africa
1527,Eswatini,SWZ,1950,17.5,1.27,271670.0,Africa
1528,Eswatini,SWZ,1955,,1.55,307222.0,Africa
1529,Eswatini,SWZ,1960,,1.81,345339.0,Africa
1530,Eswatini,SWZ,1965,,2.16,388342.0,Africa
1531,Eswatini,SWZ,1970,,3.0,441223.0,Africa
1532,Eswatini,SWZ,1975,,3.96,507675.0,Africa
1533,Eswatini,SWZ,1976,55.33,,523339.0,Africa
1534,Eswatini,SWZ,1980,,4.6,596657.0,Africa
1535,Eswatini,SWZ,1985,,5.26,706204.0,Africa
1536,Eswatini,SWZ,1986,67.24,,734736.0,Africa
1537,Eswatini,SWZ,1990,,5.28,872436.0,Africa
1538,Eswatini,SWZ,1995,,5.2,970439.0,Africa
1539,Eswatini,SWZ,2000,81.66,4.62,1041428.0,Africa
1540,Eswatini,SWZ,2005,,4.64,1079022.0,Africa
1541,Eswatini,SWZ,2010,,5.33,1111651.0,Africa
1542,Eswatini,SWZ,2015,,5.77,1142822.0,Africa
1543,Eswatini,SWZ,2020,,6.46,1192734.0,Africa
1544,Eswatini,SWZ,2022,90.75,,1218921.0,Africa
1545,Ethiopia,ETH,1950,3.0,,17670418.0,Africa
1546,Ethiopia,ETH,1994,27.01,,55611514.0,Africa
1547,Ethiopia,ETH,2004,35.9,,76077211.0,Africa
1548,Ethiopia,ETH,2007,39.0,,83103218.0,Africa
1549,Ethiopia,ETH,2013,48.354973,,98438752.0,Africa
1550,Ethiopia,ETH,2016,47.49,,106718163.0,Africa
1551,Ethiopia,ETH,2019,55.05,,115737384.0,Africa
1552,Ethiopia,ETH,2021,54.88537,,122138588.0,Africa
1553,Ethiopia,ETH,2022,60.46,,125384285.0,Africa
1554,Europe,OWID_EUR,1870,,1.1955043,318496223.0,
1555,Europe,OWID_EUR,1875,,1.30278,331195305.0,
1556,Europe,OWID_EUR,1880,,1.4766871,344673453.0,
1557,Europe,OWID_EUR,1885,,1.6514844,358686783.0,
1558,Europe,OWID_EUR,1890,,1.8291454,373396202.0,
1559,Europe,OWID_EUR,1895,,2.01581,389164415.0,
1560,Europe,OWID_EUR,1900,,2.2164466,405874841.0,
1561,Europe,OWID_EUR,1905,,2.4723094,424074645.0,
1562,Europe,OWID_EUR,1910,,2.6848907,441597178.0,
1563,Europe,OWID_EUR,1915,,2.98819,448886334.0,
1564,Europe,OWID_EUR,1920,,3.3209662,455905600.0,
1565,Europe,OWID_EUR,1925,,3.625755,472684702.0,
1566,Europe,OWID_EUR,1930,,3.8634381,491337000.0,
1567,Europe,OWID_EUR,1935,,4.219889,509162668.0,
1568,Europe,OWID_EUR,1940,,4.57336,526706729.0,
1569,Europe,OWID_EUR,1945,,4.9206114,538385925.0,
1570,Europe,OWID_EUR,1950,,5.2873154,549374181.0,
1571,Europe,OWID_EUR,1955,,5.575027,575990558.0,
1572,Europe,OWID_EUR,1960,,5.8116856,606417128.0,
1573,Europe,OWID_EUR,1965,,6.2470074,635044327.0,
1574,Europe,OWID_EUR,1970,,6.7751517,657660067.0,
1575,Europe,OWID_EUR,1975,,7.380262,677953491.0,
1576,Europe,OWID_EUR,1980,,7.9766736,694976561.0,
1577,Europe,OWID_EUR,1985,,8.54389,709686996.0,
1578,Europe,OWID_EUR,1990,,9.28623,724943715.0,
1579,Europe,OWID_EUR,1995,,9.9699335,730260103.0,
1580,Europe,OWID_EUR,2000,,10.59524,729129967.0,
1581,Europe,OWID_EUR,2005,,11.250854,733101021.0,
1582,Europe,OWID_EUR,2010,,11.683311,739291483.0,
1583,Europe,OWID_EUR,2015,,11.717827,745474876.0,
1584,Europe,OWID_EUR,2020,,11.9022875,750844584.0,
1585,Europe and Central Asia (WB),WB_ECA,1994,95.8,,,
1586,Europe and Central Asia (WB),WB_ECA,1995,95.95,,,
1587,Europe and Central Asia (WB),WB_ECA,1996,96.13,,,
1588,Europe and Central Asia (WB),WB_ECA,1997,96.26,,,
1589,Europe and Central Asia (WB),WB_ECA,1998,96.42,,,
1590,Europe and Central Asia (WB),WB_ECA,1999,96.54,,,
1591,Europe and Central Asia (WB),WB_ECA,2000,96.64,,,
1592,Europe and Central Asia (WB),WB_ECA,2002,96.9,,,
1593,Europe and Central Asia (WB),WB_ECA,2003,96.99,,,
1594,Europe and Central Asia (WB),WB_ECA,2004,97.07,,,
1595,Europe and Central Asia (WB),WB_ECA,2005,97.19,,,
1596,Europe and Central Asia (WB),WB_ECA,2006,97.25,,,
1597,Europe and Central Asia (WB),WB_ECA,2007,97.33,,,
1598,Europe and Central Asia (WB),WB_ECA,2008,97.45,,,
1599,Europe and Central Asia (WB),WB_ECA,2009,97.71,,,
1600,Europe and Central Asia (WB),WB_ECA,2010,97.87,,,
1601,Europe and Central Asia (WB),WB_ECA,2011,98.02,,,
1602,Europe and Central Asia (WB),WB_ECA,2012,98.12,,,
1603,Europe and Central Asia (WB),WB_ECA,2013,98.18,,,
1604,Europe and Central Asia (WB),WB_ECA,2014,98.22,,,
1605,Europe and Central Asia (WB),WB_ECA,2015,98.27,,,
1606,Europe and Central Asia (WB),WB_ECA,2016,98.33,,,
1607,Europe and Central Asia (WB),WB_ECA,2017,98.41,,,
1608,Europe and Central Asia (WB),WB_ECA,2018,98.5,,,
1609,Europe and Central Asia (WB),WB_ECA,2019,98.57,,,
1610,Europe and Central Asia (WB),WB_ECA,2020,98.61,,,
1611,Europe and Central Asia (WB),WB_ECA,2021,98.74,,,
1612,Europe and Central Asia (WB),WB_ECA,2022,98.75,,,
1613,Europe and Central Asia (WB),WB_ECA,2023,98.77,,,
1614,Europe and Northern America (SDG),,2003,97.91,,,
1615,Europe and Northern America (SDG),,2004,97.97,,,
1616,Europe and Northern America (SDG),,2005,98.02,,,
1617,Europe and Northern America (SDG),,2006,98.09,,,
1618,Europe and Northern America (SDG),,2018,98.62,,,
1619,Europe and Northern America (SDG),,2019,98.65,,,
1620,Europe and Northern America (SDG),,2020,98.67,,,
1621,Europe and Northern America (SDG),,2021,98.78,,,
1622,Europe and Northern America (SDG),,2022,98.78,,,
1623,Falkland Islands,FLK,1950,92.5,,2214.0,South America
1624,Faroe Islands,FRO,1950,98.5,,31690.0,Europe
1625,Fiji,FJI,1870,,0.01,132535.0,Oceania
1626,Fiji,FJI,1875,,0.01,131435.0,Oceania
1627,Fiji,FJI,1880,,0.01,130163.0,Oceania
1628,Fiji,FJI,1885,,0.01,127772.0,Oceania
1629,Fiji,FJI,1890,,0.02,125548.0,Oceania
1630,Fiji,FJI,1895,,0.03,125255.0,Oceania
1631,Fiji,FJI,1900,,0.05,126498.0,Oceania
1632,Fiji,FJI,1905,,0.08,135900.0,Oceania
1633,Fiji,FJI,1910,,0.25,147045.0,Oceania
1634,Fiji,FJI,1915,,0.46,156729.0,Oceania
1635,Fiji,FJI,1920,,0.88,167453.0,Oceania
1636,Fiji,FJI,1925,,1.61,186774.0,Oceania
1637,Fiji,FJI,1930,,2.0,210278.0,Oceania
1638,Fiji,FJI,1935,,2.41,240404.0,Oceania
1639,Fiji,FJI,1940,,2.76,272546.0,Oceania
1640,Fiji,FJI,1945,,3.08,289423.0,Oceania
1641,Fiji,FJI,1950,67.5,3.77,309525.0,Oceania
1642,Fiji,FJI,1955,,4.24,349084.0,Oceania
1643,Fiji,FJI,1960,,4.57,404901.0,Oceania
1644,Fiji,FJI,1965,,5.24,472583.0,Oceania
1645,Fiji,FJI,1970,,5.67,531198.0,Oceania
1646,Fiji,FJI,1975,,6.4,575919.0,Oceania
1647,Fiji,FJI,1980,,7.16,641985.0,Oceania
1648,Fiji,FJI,1985,,7.85,723767.0,Oceania
1649,Fiji,FJI,1990,,9.24,773325.0,Oceania
1650,Fiji,FJI,1995,,10.28,798750.0,Oceania
1651,Fiji,FJI,2000,,9.97,840913.0,Oceania
1652,Fiji,FJI,2005,,9.76,882384.0,Oceania
1653,Fiji,FJI,2010,,10.35,910427.0,Oceania
1654,Fiji,FJI,2015,,11.09,918585.0,Oceania
1655,Fiji,FJI,2020,,11.52,914971.0,Oceania
1656,Finland,FIN,1870,,0.13,1768777.0,Europe
1657,Finland,FIN,1875,,0.16,1894323.0,Europe
1658,Finland,FIN,1880,,0.19,2044905.0,Europe
1659,Finland,FIN,1885,,0.23,2198670.0,Europe
1660,Finland,FIN,1890,,0.3,2358016.0,Europe
1661,Finland,FIN,1895,,0.39,2499032.0,Europe
1662,Finland,FIN,1900,38.8,1.16,2641827.0,Europe
1663,Finland,FIN,1905,,1.55,2781046.0,Europe
1664,Finland,FIN,1910,55.3,1.63,2919587.0,Europe
1665,Finland,FIN,1915,,1.98,3025373.0,Europe
1666,Finland,FIN,1920,69.9,2.35,3134300.0,Europe
1667,Finland,FIN,1925,,2.74,3282981.0,Europe
1668,Finland,FIN,1930,84.1,3.09,3439039.0,Europe
1669,Finland,FIN,1935,,3.4,3566585.0,Europe
1670,Finland,FIN,1940,,3.52,3695558.0,Europe
1671,Finland,FIN,1945,,3.68,3845261.0,Europe
1672,Finland,FIN,1950,98.5,3.91,4008410.0,Europe
1673,Finland,FIN,1955,,4.06,4235197.0,Europe
1674,Finland,FIN,1960,,4.25,4429631.0,Europe
1675,Finland,FIN,1965,,4.97,4564150.0,Europe
1676,Finland,FIN,1970,,5.99,4606308.0,Europe
1677,Finland,FIN,1975,,7.11,4711172.0,Europe
1678,Finland,FIN,1980,,8.04,4779358.0,Europe
1679,Finland,FIN,1985,,8.01,4902262.0,Europe
1680,Finland,FIN,1990,,8.56,4986576.0,Europe
1681,Finland,FIN,1995,,9.31,5107919.0,Europe
1682,Finland,FIN,2000,,9.9,5176197.0,Europe
1683,Finland,FIN,2005,,10.42,5246078.0,Europe
1684,Finland,FIN,2010,,10.71,5363347.0,Europe
1685,Finland,FIN,2015,,10.94,5479719.0,Europe
1686,Finland,FIN,2020,,11.05,5529616.0,Europe
1687,France,FRA,1475,6.0,,14867569.0,Europe
1688,France,FRA,1550,19.0,,18314626.0,Europe
1689,France,FRA,1650,29.0,,21992348.0,Europe
1690,France,FRA,1750,29.0,,24994858.0,Europe
1691,France,FRA,1870,,0.7,38186983.0,Europe
1692,France,FRA,1875,,0.81,38464245.0,Europe
1693,France,FRA,1880,,1.2,38730622.0,Europe
1694,France,FRA,1885,,1.55,39130866.0,Europe
1695,France,FRA,1890,,1.8,39532330.0,Europe
1696,France,FRA,1895,,2.09,39785987.0,Europe
1697,France,FRA,1900,,2.35,40019136.0,Europe
1698,France,FRA,1901,83.5,,40067484.0,Europe
1699,France,FRA,1905,,2.65,40265996.0,Europe
1700,France,FRA,1906,85.9,,40315932.0,Europe
1701,France,FRA,1910,,2.95,40344819.0,Europe
1702,France,FRA,1911,88.1,,40224160.0,Europe
1703,France,FRA,1915,,3.21,39351947.0,Europe
1704,France,FRA,1920,,3.45,38529587.0,Europe
1705,France,FRA,1921,91.8,,38594388.0,Europe
1706,France,FRA,1925,,3.66,39513139.0,Europe
1707,France,FRA,1926,93.9,,39769931.0,Europe
1708,France,FRA,1930,,3.79,40618294.0,Europe
1709,France,FRA,1931,94.7,,40687278.0,Europe
1710,France,FRA,1935,,3.94,40512018.0,Europe
1711,France,FRA,1936,96.0,,40452232.0,Europe
1712,France,FRA,1940,,4.11,40337546.0,Europe
1713,France,FRA,1945,,4.27,40952105.0,Europe
1714,France,FRA,1946,96.6,,41101259.0,Europe
1715,France,FRA,1950,96.5,4.42,41883122.0,Europe
1716,France,FRA,1955,,4.56,44136093.0,Europe
1717,France,FRA,1960,,4.32,46428136.0,Europe
1718,France,FRA,1965,,4.78,48772824.0,Europe
1719,France,FRA,1970,,5.46,50813071.0,Europe
1720,France,FRA,1975,,6.05,52746324.0,Europe
1721,France,FRA,1980,,6.37,53941061.0,Europe
1722,France,FRA,1985,,7.37,55467153.0,Europe
1723,France,FRA,1990,,8.32,56990239.0,Europe
1724,France,FRA,1995,,9.36,58192207.0,Europe
1725,France,FRA,2000,,10.22,59483716.0,Europe
1726,France,FRA,2005,,10.86,61625031.0,Europe
1727,France,FRA,2010,,11.34,63417366.0,Europe
1728,France,FRA,2015,,11.6,64916337.0,Europe
1729,France,FRA,2020,,11.89,65905273.0,Europe
1730,French Guiana,GUF,1950,67.5,,23418.0,South America
1731,French Guiana,GUF,1982,82.92,,72287.0,South America
1732,French Polynesia,PYF,1950,32.5,,64360.0,Oceania
1733,Gabon,GAB,1993,72.23,,1066404.0,Africa
1734,Gabon,GAB,2015,,9.53,2040990.0,Africa
1735,Gabon,GAB,2020,,10.18,2322538.0,Africa
1736,Gabon,GAB,2021,88.86,,2376729.0,Africa
1737,Gambia,GMB,1870,,0.05,128114.0,Africa
1738,Gambia,GMB,1875,,0.06,134157.0,Africa
1739,Gambia,GMB,1880,,0.08,140733.0,Africa
1740,Gambia,GMB,1885,,0.1,147629.0,Africa
1741,Gambia,GMB,1890,,0.12,154676.0,Africa
1742,Gambia,GMB,1895,,0.16,160839.0,Africa
1743,Gambia,GMB,1900,,0.19,167051.0,Africa
1744,Gambia,GMB,1905,,0.24,173501.0,Africa
1745,Gambia,GMB,1910,,0.26,180090.0,Africa
1746,Gambia,GMB,1915,,0.25,186222.0,Africa
1747,Gambia,GMB,1920,,0.25,193150.0,Africa
1748,Gambia,GMB,1925,,0.25,206991.0,Africa
1749,Gambia,GMB,1930,,0.26,222853.0,Africa
1750,Gambia,GMB,1935,,0.36,239033.0,Africa
1751,Gambia,GMB,1940,,0.37,256862.0,Africa
1752,Gambia,GMB,1945,,0.38,280183.0,Africa
1753,Gambia,GMB,1950,7.5,0.41,306745.0,Africa
1754,Gambia,GMB,1955,,0.44,348799.0,Africa
1755,Gambia,GMB,1960,,0.48,398071.0,Africa
1756,Gambia,GMB,1965,,0.54,455960.0,Africa
1757,Gambia,GMB,1970,,0.58,524115.0,Africa
1758,Gambia,GMB,1975,,0.75,606829.0,Africa
1759,Gambia,GMB,1980,,1.0,713921.0,Africa
1760,Gambia,GMB,1985,,1.32,858879.0,Africa
1761,Gambia,GMB,1990,,1.85,1054703.0,Africa
1762,Gambia,GMB,1995,,2.33,1264320.0,Africa
1763,Gambia,GMB,2000,36.82,2.77,1455095.0,Africa
1764,Gambia,GMB,2005,,3.39,1667035.0,Africa
1765,Gambia,GMB,2010,,3.92,1926634.0,Africa
1766,Gambia,GMB,2015,50.78,4.42,2224530.0,Africa
1767,Gambia,GMB,2018,53.16,,2399633.0,Africa
1768,Gambia,GMB,2020,,4.92,2515744.0,Africa
1769,Gambia,GMB,2021,51.64,,2576015.0,Africa
1770,Georgia,GEO,2002,99.65,,4127854.0,Asia
1771,Georgia,GEO,2014,99.59,,3792921.0,Asia
1772,Georgia,GEO,2017,99.36,,3792860.0,Asia
1773,Georgia,GEO,2018,99.65,,3794881.0,Asia
1774,Georgia,GEO,2019,99.87572,,3796722.0,Asia
1775,Georgia,GEO,2020,99.89307,,3795680.0,Asia
1776,Georgia,GEO,2021,99.91808,,3788450.0,Asia
1777,Georgia,GEO,2022,99.57,,3794782.0,Asia
1778,Georgia,GEO,2023,99.56,,3807494.0,Asia
1779,Germany,DEU,1475,9.0,,9000000.0,Europe
1780,Germany,DEU,1550,16.0,,12000000.0,Europe
1781,Germany,DEU,1650,31.0,,13000000.0,Europe
1782,Germany,DEU,1750,38.0,,17897050.0,Europe
1783,Germany,DEU,1870,,2.22,39664615.0,Europe
1784,Germany,DEU,1875,,2.44,41822422.0,Europe
1785,Germany,DEU,1880,,2.67,44110884.0,Europe
1786,Germany,DEU,1885,,2.89,46293746.0,Europe
1787,Germany,DEU,1890,,3.1,48674276.0,Europe
1788,Germany,DEU,1895,,3.31,52019260.0,Europe
1789,Germany,DEU,1900,,3.48,55775391.0,Europe
1790,Germany,DEU,1905,,3.62,60075384.0,Europe
1791,Germany,DEU,1910,,3.74,64056716.0,Europe
1792,Germany,DEU,1915,,4.42,63858476.0,Europe
1793,Germany,DEU,1920,,5.07,63273356.0,Europe
1794,Germany,DEU,1925,,5.55,65030007.0,Europe
1795,Germany,DEU,1930,,5.57,67246048.0,Europe
1796,Germany,DEU,1935,,5.94,69641071.0,Europe
1797,Germany,DEU,1940,,6.24,71740083.0,Europe
1798,Germany,DEU,1945,,6.56,71376625.0,Europe
1799,Germany,DEU,1950,98.5,7.21,69847778.0,Europe
1800,Germany,DEU,1955,,7.47,70334149.0,Europe
1801,Germany,DEU,1960,,7.54,72811635.0,Europe
1802,Germany,DEU,1965,,7.5,75966968.0,Europe
1803,Germany,DEU,1970,,7.1,78205103.0,Europe
1804,Germany,DEU,1975,,7.17,78701861.0,Europe
1805,Germany,DEU,1980,,7.36,78315373.0,Europe
1806,Germany,DEU,1985,,7.73,77863423.0,Europe
1807,Germany,DEU,1990,,8.96,79707963.0,Europe
1808,Germany,DEU,1995,,9.93,82019890.0,Europe
1809,Germany,DEU,2000,,10.59,81797255.0,Europe
1810,Germany,DEU,2005,,11.98,82046733.0,Europe
1811,Germany,DEU,2010,,12.58,80830916.0,Europe
1812,Germany,DEU,2015,,12.86,82077546.0,Europe
1813,Germany,DEU,2020,,13.1,83628711.0,Europe
1814,Ghana,GHA,1870,,0.01,2187227.0,Africa
1815,Ghana,GHA,1875,,0.02,2253809.0,Africa
1816,Ghana,GHA,1880,,0.02,2325978.0,Africa
1817,Ghana,GHA,1885,,0.02,2412628.0,Africa
1818,Ghana,GHA,1890,,0.03,2505515.0,Africa
1819,Ghana,GHA,1895,,0.04,2608810.0,Africa
1820,Ghana,GHA,1900,,0.05,2717458.0,Africa
1821,Ghana,GHA,1905,,0.1,2830640.0,Africa
1822,Ghana,GHA,1910,,0.15,2945929.0,Africa
1823,Ghana,GHA,1915,,0.19,3049125.0,Africa
1824,Ghana,GHA,1920,,0.27,3173635.0,Africa
1825,Ghana,GHA,1925,,0.32,3403752.0,Africa
1826,Ghana,GHA,1930,,0.36,3664587.0,Africa
1827,Ghana,GHA,1935,,0.45,3930661.0,Africa
1828,Ghana,GHA,1940,,0.51,4223839.0,Africa
1829,Ghana,GHA,1945,,0.56,4607322.0,Africa
1830,Ghana,GHA,1950,22.5,0.7,5080664.0,Africa
1831,Ghana,GHA,1955,,0.83,5914933.0,Africa
1832,Ghana,GHA,1960,,1.1,6961216.0,Africa
1833,Ghana,GHA,1965,,2.03,7882609.0,Africa
1834,Ghana,GHA,1970,,3.35,8925813.0,Africa
1835,Ghana,GHA,1975,,4.23,10294312.0,Africa
1836,Ghana,GHA,1980,,4.93,11941451.0,Africa
1837,Ghana,GHA,1985,,5.63,13661237.0,Africa
1838,Ghana,GHA,1990,,6.05,15394650.0,Africa
1839,Ghana,GHA,1995,,6.27,17399023.0,Africa
1840,Ghana,GHA,2000,57.9,6.67,19637085.0,Africa
1841,Ghana,GHA,2005,,7.28,22449446.0,Africa
1842,Ghana,GHA,2010,71.5,7.66,25475000.0,Africa
1843,Ghana,GHA,2015,60.198105,7.72,28696071.0,Africa
1844,Ghana,GHA,2017,64.49,,30008364.0,Africa
1845,Ghana,GHA,2020,,8.39,31887802.0,Africa
1846,Ghana,GHA,2021,76.49,,32518662.0,Africa
1847,Gibraltar,GIB,1950,67.5,,21680.0,Europe
1848,Greece,GRC,1870,,0.78,3670555.0,Europe
1849,Greece,GRC,1875,,0.89,3862904.0,Europe
1850,Greece,GRC,1880,,1.02,4067664.0,Europe
1851,Greece,GRC,1885,,1.14,4282905.0,Europe
1852,Greece,GRC,1890,,1.26,4509512.0,Europe
1853,Greece,GRC,1895,,1.37,4748357.0,Europe
1854,Greece,GRC,1900,,1.64,4990133.0,Europe
1855,Greece,GRC,1905,,1.8,5180704.0,Europe
1856,Greece,GRC,1907,39.5,,5254961.0,Europe
1857,Greece,GRC,1910,,2.03,5368127.0,Europe
1858,Greece,GRC,1915,,2.29,5560909.0,Europe
1859,Greece,GRC,1920,48.0,2.42,5771532.0,Europe
1860,Greece,GRC,1925,,2.61,6078140.0,Europe
1861,Greece,GRC,1928,58.1,,6278572.0,Europe
1862,Greece,GRC,1930,,2.98,6426998.0,Europe
1863,Greece,GRC,1935,,3.56,6869563.0,Europe
1864,Greece,GRC,1940,,3.94,7310983.0,Europe
1865,Greece,GRC,1945,,4.36,7496655.0,Europe
1866,Greece,GRC,1950,72.5,4.39,7651080.0,Europe
1867,Greece,GRC,1955,,5.79,7984712.0,Europe
1868,Greece,GRC,1960,,7.78,8384484.0,Europe
1869,Greece,GRC,1965,,6.68,8521368.0,Europe
1870,Greece,GRC,1970,,6.84,8747778.0,Europe
1871,Greece,GRC,1975,,7.15,9016969.0,Europe
1872,Greece,GRC,1980,,7.58,9653419.0,Europe
1873,Greece,GRC,1981,90.51,,9754398.0,Europe
1874,Greece,GRC,1985,,8.37,10037038.0,Europe
1875,Greece,GRC,1990,,9.34,10258494.0,Europe
1876,Greece,GRC,1991,92.61,,10306645.0,Europe
1877,Greece,GRC,1995,,9.54,10519233.0,Europe
1878,Greece,GRC,2000,,9.9,10782638.0,Europe
1879,Greece,GRC,2001,95.99,,10843166.0,Europe
1880,Greece,GRC,2005,,10.95,10981340.0,Europe
1881,Greece,GRC,2009,93.91,,11108067.0,Europe
1882,Greece,GRC,2010,,11.36,11124666.0,Europe
1883,Greece,GRC,2015,,11.6,10820902.0,Europe
1884,Greece,GRC,2020,,11.86,10699370.0,Europe
1885,Greenland,GRL,1950,98.5,,23231.0,North America
1886,Grenada,GRD,1950,67.5,,77280.0,North America
1887,Grenada,GRD,1970,97.79,,98431.0,North America
1888,Guadeloupe,GLP,1950,67.5,,215523.0,North America
1889,Guadeloupe,GLP,1982,90.1,,335826.0,North America
1890,Guam,GUM,1950,87.5,,60796.0,Oceania
1891,Guam,GUM,1980,96.42,,110154.0,Oceania
1892,Guam,GUM,1990,99.37,,138623.0,Oceania
1893,Guatemala,GTM,1870,,0.22,1093998.0,North America
1894,Guatemala,GTM,1875,,0.26,1168272.0,North America
1895,Guatemala,GTM,1880,,0.32,1246623.0,North America
1896,Guatemala,GTM,1885,,0.38,1320900.0,North America
1897,Guatemala,GTM,1890,,0.46,1384956.0,North America
1898,Guatemala,GTM,1895,,0.59,1368885.0,North America
1899,Guatemala,GTM,1900,,0.84,1352626.0,North America
1900,Guatemala,GTM,1905,,0.91,1415615.0,North America
1901,Guatemala,GTM,1910,,1.07,1494871.0,North America
1902,Guatemala,GTM,1915,,1.2,1578439.0,North America
1903,Guatemala,GTM,1920,,1.31,1663732.0,North America
1904,Guatemala,GTM,1925,,1.28,1751960.0,North America
1905,Guatemala,GTM,1930,,1.29,1857837.0,North America
1906,Guatemala,GTM,1935,,1.42,2057031.0,North America
1907,Guatemala,GTM,1940,,1.43,2304571.0,North America
1908,Guatemala,GTM,1945,,1.41,2664531.0,North America
1909,Guatemala,GTM,1950,27.5,1.32,3097199.0,North America
1910,Guatemala,GTM,1955,,1.35,3533311.0,North America
1911,Guatemala,GTM,1960,,1.41,4063659.0,North America
1912,Guatemala,GTM,1965,,1.51,4704973.0,North America
1913,Guatemala,GTM,1970,,1.78,5396972.0,North America
1914,Guatemala,GTM,1975,,2.11,6128733.0,North America
1915,Guatemala,GTM,1980,,2.94,6900215.0,North America
1916,Guatemala,GTM,1985,,3.27,7849691.0,North America
1917,Guatemala,GTM,1990,,3.66,9024775.0,North America
1918,Guatemala,GTM,1994,64.21,,10043713.0,North America
1919,Guatemala,GTM,1995,,3.96,10312999.0,North America
1920,Guatemala,GTM,2000,,4.35,11697592.0,North America
1921,Guatemala,GTM,2002,69.1,,12246923.0,North America
1922,Guatemala,GTM,2005,,4.33,13087637.0,North America
1923,Guatemala,GTM,2010,,5.21,14500118.0,North America
1924,Guatemala,GTM,2012,78.26,,15089639.0,North America
1925,Guatemala,GTM,2013,77.04,,15387339.0,North America
1926,Guatemala,GTM,2014,81.29,,15681725.0,North America
1927,Guatemala,GTM,2015,80.2,5.72,15971745.0,North America
1928,Guatemala,GTM,2018,80.81,,16845688.0,North America
1929,Guatemala,GTM,2020,,6.26,17357331.0,North America
1930,Guatemala,GTM,2022,83.03,,17847877.0,North America
1931,Guatemala,GTM,2023,83.01958,,18124841.0,North America
1932,Guinea,GIN,1996,20.55,,7770035.0,Africa
1933,Guinea,GIN,2003,29.7,,8870790.0,Africa
1934,Guinea,GIN,2010,25.31,,10396090.0,Africa
1935,Guinea,GIN,2014,32.0,,11472921.0,Africa
1936,Guinea,GIN,2018,39.62,,12704776.0,Africa
1937,Guinea-Bissau,GNB,1950,3.0,,543632.0,Africa
1938,Guinea-Bissau,GNB,1979,19.96,,819878.0,Africa
1939,Guinea-Bissau,GNB,2000,41.36,,1234747.0,Africa
1940,Guinea-Bissau,GNB,2019,54.88,,1967704.0,Africa
1941,Guinea-Bissau,GNB,2022,63.93,,2105535.0,Africa
1942,Guyana,GUY,1870,,0.25,191470.0,South America
1943,Guyana,GUY,1875,,0.38,218291.0,South America
1944,Guyana,GUY,1880,,0.63,246293.0,South America
1945,Guyana,GUY,1885,,0.87,260674.0,South America
1946,Guyana,GUY,1890,,1.11,273149.0,South America
1947,Guyana,GUY,1895,,1.3,285977.0,South America
1948,Guyana,GUY,1900,,1.56,297513.0,South America
1949,Guyana,GUY,1905,,1.79,297697.0,South America
1950,Guyana,GUY,1910,,1.98,296177.0,South America
1951,Guyana,GUY,1915,,2.3,295399.0,South America
1952,Guyana,GUY,1920,,2.58,295538.0,South America
1953,Guyana,GUY,1925,,2.75,298514.0,South America
1954,Guyana,GUY,1930,,2.97,303521.0,South America
1955,Guyana,GUY,1935,,3.2,318965.0,South America
1956,Guyana,GUY,1940,,3.44,339001.0,South America
1957,Guyana,GUY,1945,,3.59,374291.0,South America
1958,Guyana,GUY,1950,77.5,4.36,418045.0,South America
1959,Guyana,GUY,1955,,4.6,484374.0,South America
1960,Guyana,GUY,1960,,4.91,569156.0,South America
1961,Guyana,GUY,1965,,5.35,635135.0,South America
1962,Guyana,GUY,1970,,5.76,702714.0,South America
1963,Guyana,GUY,1975,,6.16,745407.0,South America
1964,Guyana,GUY,1980,,6.65,774372.0,South America
1965,Guyana,GUY,1985,,7.04,771484.0,South America
1966,Guyana,GUY,1990,,7.27,749891.0,South America
1967,Guyana,GUY,1995,,7.92,758395.0,South America
1968,Guyana,GUY,2000,,8.43,764836.0,South America
1969,Guyana,GUY,2005,,8.79,760922.0,South America
1970,Guyana,GUY,2010,,9.0,749259.0,South America
1971,Guyana,GUY,2015,,8.32,758783.0,South America
1972,Guyana,GUY,2020,85.64,8.52,807486.0,South America
1973,Haiti,HTI,1870,,0.01,1165498.0,North America
1974,Haiti,HTI,1875,,0.01,1230328.0,North America
1975,Haiti,HTI,1880,,0.01,1298731.0,North America
1976,Haiti,HTI,1885,,0.01,1370922.0,North America
1977,Haiti,HTI,1890,,0.01,1447110.0,North America
1978,Haiti,HTI,1895,,0.01,1527517.0,North America
1979,Haiti,HTI,1900,,0.14,1616961.0,North America
1980,Haiti,HTI,1905,,0.2,1742117.0,North America
1981,Haiti,HTI,1910,,0.22,1883502.0,North America
1982,Haiti,HTI,1915,,0.27,2045990.0,North America
1983,Haiti,HTI,1920,,0.31,2215834.0,North America
1984,Haiti,HTI,1925,,0.34,2370233.0,North America
1985,Haiti,HTI,1930,,0.4,2530442.0,North America
1986,Haiti,HTI,1935,,0.55,2697458.0,North America
1987,Haiti,HTI,1940,,0.72,2873280.0,North America
1988,Haiti,HTI,1945,,0.77,3050311.0,North America
1989,Haiti,HTI,1950,12.5,0.6,3265716.0,North America
1990,Haiti,HTI,1955,,0.68,3533747.0,North America
1991,Haiti,HTI,1960,,0.83,3858447.0,North America
1992,Haiti,HTI,1965,,0.99,4223822.0,North America
1993,Haiti,HTI,1970,,1.22,4635126.0,North America
1994,Haiti,HTI,1975,,1.56,5099095.0,North America
1995,Haiti,HTI,1980,,2.07,5614494.0,North America
1996,Haiti,HTI,1982,34.73,,5835939.0,North America
1997,Haiti,HTI,1985,,3.05,6190868.0,North America
1998,Haiti,HTI,1990,,3.56,6854444.0,North America
1999,Haiti,HTI,1995,,4.06,7562551.0,North America
2000,Haiti,HTI,2000,,4.44,8303151.0,North America
2001,Haiti,HTI,2003,58.74,,8759913.0,North America
2002,Haiti,HTI,2005,,4.9,9061274.0,North America
2003,Haiti,HTI,2010,,5.17,9803299.0,North America
2004,Haiti,HTI,2012,73.95334,,10069770.0,North America
2005,Haiti,HTI,2015,,5.5,10523249.0,North America
2006,Haiti,HTI,2017,68.01,,10817759.0,North America
2007,Haiti,HTI,2020,,5.95,11243846.0,North America
2008,High-income countries,OWID_HIC,2020,97.71,,1403650770.0,
2009,Honduras,HND,1870,,0.25,405414.0,North America
2010,Honduras,HND,1875,,0.3,363181.0,North America
2011,Honduras,HND,1880,,0.37,328706.0,North America
2012,Honduras,HND,1885,,0.46,365172.0,North America
2013,Honduras,HND,1890,,0.55,417788.0,North America
2014,Honduras,HND,1895,,0.66,471393.0,North America
2015,Honduras,HND,1900,,0.76,530342.0,North America
2016,Honduras,HND,1905,,0.94,593894.0,North America
2017,Honduras,HND,1910,,1.1,662011.0,North America
2018,Honduras,HND,1915,,1.22,720650.0,North America
2019,Honduras,HND,1920,,1.52,785083.0,North America
2020,Honduras,HND,1925,,1.57,895272.0,North America
2021,Honduras,HND,1926,26.1,,920437.0,North America
2022,Honduras,HND,1930,33.4,1.55,1022849.0,North America
2023,Honduras,HND,1935,32.6,1.51,1131000.0,North America
2024,Honduras,HND,1940,34.7,1.52,1246523.0,North America
2025,Honduras,HND,1945,36.3,1.57,1388475.0,North America
2026,Honduras,HND,1950,37.5,1.65,1558941.0,North America
2027,Honduras,HND,1955,,1.75,1789399.0,North America
2028,Honduras,HND,1960,,1.93,2062067.0,North America
2029,Honduras,HND,1965,,2.13,2377163.0,North America
2030,Honduras,HND,1970,,2.38,2750721.0,North America
2031,Honduras,HND,1975,,2.73,3193239.0,North America
2032,Honduras,HND,1980,,3.74,3727179.0,North America
2033,Honduras,HND,1985,,4.65,4323338.0,North America
2034,Honduras,HND,1990,,5.07,4980493.0,North America
2035,Honduras,HND,1995,,5.47,5739636.0,North America
2036,Honduras,HND,2000,,5.87,6577781.0,North America
2037,Honduras,HND,2001,80.01,,6757992.0,North America
2038,Honduras,HND,2005,,6.24,7478362.0,North America
2039,Honduras,HND,2007,83.59,,7834806.0,North America
2040,Honduras,HND,2010,84.76,6.6,8365881.0,North America
2041,Honduras,HND,2011,85.12,,8540587.0,North America
2042,Honduras,HND,2012,85.36,,8715081.0,North America
2043,Honduras,HND,2013,85.46,,8889276.0,North America
2044,Honduras,HND,2014,87.2,,9063127.0,North America
2045,Honduras,HND,2015,87.91,7.04,9237306.0,North America
2046,Honduras,HND,2016,88.99,,9412380.0,North America
2047,Honduras,HND,2018,87.21,,9765209.0,North America
2048,Honduras,HND,2019,88.51,,9943637.0,North America
2049,Honduras,HND,2020,,7.51,10119638.0,North America
2050,Honduras,HND,2022,88.21928,,10463880.0,North America
2051,Honduras,HND,2023,87.09,,10644853.0,North America
2052,Hong Kong,HKG,1870,,0.01,116240.0,Asia
2053,Hong Kong,HKG,1875,,0.02,142478.0,Asia
2054,Hong Kong,HKG,1880,,0.04,163789.0,Asia
2055,Hong Kong,HKG,1885,,0.07,188287.0,Asia
2056,Hong Kong,HKG,1890,,0.12,219117.0,Asia
2057,Hong Kong,HKG,1895,,0.2,259733.0,Asia
2058,Hong Kong,HKG,1900,,0.32,310869.0,Asia
2059,Hong Kong,HKG,1905,,0.4,372059.0,Asia
2060,Hong Kong,HKG,1910,,0.67,445944.0,Asia
2061,Hong Kong,HKG,1915,,0.92,534838.0,Asia
2062,Hong Kong,HKG,1920,,1.15,639683.0,Asia
2063,Hong Kong,HKG,1925,,2.11,719348.0,Asia
2064,Hong Kong,HKG,1930,,2.54,825680.0,Asia
2065,Hong Kong,HKG,1935,,3.0,978259.0,Asia
2066,Hong Kong,HKG,1940,,3.67,1746891.0,Asia
2067,Hong Kong,HKG,1945,,4.14,1587362.0,Asia
2068,Hong Kong,HKG,1950,57.5,4.46,1978347.0,Asia
2069,Hong Kong,HKG,1955,,4.76,2478199.0,Asia
2070,Hong Kong,HKG,1960,,5.05,3094853.0,Asia
2071,Hong Kong,HKG,1965,,5.93,3855425.0,Asia
2072,Hong Kong,HKG,1970,,6.58,3739916.0,Asia
2073,Hong Kong,HKG,1975,,7.26,4438382.0,Asia
2074,Hong Kong,HKG,1980,,8.42,4962488.0,Asia
2075,Hong Kong,HKG,1985,,9.24,5393122.0,Asia
2076,Hong Kong,HKG,1990,,10.08,5560599.0,Asia
2077,Hong Kong,HKG,1995,,10.21,6177105.0,Asia
2078,Hong Kong,HKG,2000,,10.37,6704665.0,Asia
2079,Hong Kong,HKG,2005,,12.17,6908483.0,Asia
2080,Hong Kong,HKG,2010,,12.2,7101614.0,Asia
2081,Hong Kong,HKG,2015,,12.32,7366411.0,Asia
2082,Hong Kong,HKG,2020,,12.83,7490240.0,Asia
2083,Hungary,HUN,1870,,1.82,5906380.0,Europe
2084,Hungary,HUN,1875,,2.01,6077623.0,Europe
2085,Hungary,HUN,1880,,2.26,6249350.0,Europe
2086,Hungary,HUN,1885,,2.55,6425929.0,Europe
2087,Hungary,HUN,1890,,2.83,6614394.0,Europe
2088,Hungary,HUN,1895,,3.17,6853061.0,Europe
2089,Hungary,HUN,1900,60.1,3.5,7106097.0,Europe
2090,Hungary,HUN,1905,,4.02,7358788.0,Europe
2091,Hungary,HUN,1910,67.7,4.02,7604701.0,Europe
2092,Hungary,HUN,1915,,4.3,7767474.0,Europe
2093,Hungary,HUN,1920,86.6,4.5,7942153.0,Europe
2094,Hungary,HUN,1925,,4.73,8261866.0,Europe
2095,Hungary,HUN,1930,90.0,5.01,8610564.0,Europe
2096,Hungary,HUN,1935,,5.39,8929425.0,Europe
2097,Hungary,HUN,1940,,5.96,9216204.0,Europe
2098,Hungary,HUN,1941,93.6,,9245400.0,Europe
2099,Hungary,HUN,1945,,6.57,9277812.0,Europe
2100,Hungary,HUN,1950,95.5,7.2,9337883.0,Europe
2101,Hungary,HUN,1955,,7.36,9823216.0,Europe
2102,Hungary,HUN,1960,,7.53,9983383.0,Europe
2103,Hungary,HUN,1965,,7.75,10141118.0,Europe
2104,Hungary,HUN,1970,,8.27,10315142.0,Europe
2105,Hungary,HUN,1975,,8.85,10515654.0,Europe
2106,Hungary,HUN,1980,98.86,9.39,10695372.0,Europe
2107,Hungary,HUN,1985,,9.31,10547258.0,Europe
2108,Hungary,HUN,1990,,9.48,10381280.0,Europe
2109,Hungary,HUN,1995,,10.75,10322792.0,Europe
2110,Hungary,HUN,2000,,11.57,10190598.0,Europe
2111,Hungary,HUN,2005,,11.89,10065703.0,Europe
2112,Hungary,HUN,2010,,11.98,9979128.0,Europe
2113,Hungary,HUN,2015,,11.83,9839211.0,Europe
2114,Hungary,HUN,2020,,11.96,9749459.0,Europe
2115,Iceland,ISL,1870,,0.85,69835.0,Europe
2116,Iceland,ISL,1875,,0.91,70866.0,Europe
2117,Iceland,ISL,1880,,1.01,71664.0,Europe
2118,Iceland,ISL,1885,,1.11,71319.0,Europe
2119,Iceland,ISL,1890,,1.22,71259.0,Europe
2120,Iceland,ISL,1895,,1.34,74185.0,Europe
2121,Iceland,ISL,1900,,1.47,77854.0,Europe
2122,Iceland,ISL,1905,,1.99,82535.0,Europe
2123,Iceland,ISL,1910,,2.44,87565.0,Europe
2124,Iceland,ISL,1915,,2.85,92444.0,Europe
2125,Iceland,ISL,1920,,2.98,97534.0,Europe
2126,Iceland,ISL,1925,,3.38,102870.0,Europe
2127,Iceland,ISL,1930,,3.78,108477.0,Europe
2128,Iceland,ISL,1935,,4.24,114305.0,Europe
2129,Iceland,ISL,1940,,4.73,120892.0,Europe
2130,Iceland,ISL,1945,,5.17,130918.0,Europe
2131,Iceland,ISL,1950,98.5,5.8,142684.0,Europe
2132,Iceland,ISL,1955,,5.99,157751.0,Europe
2133,Iceland,ISL,1960,,6.29,175572.0,Europe
2134,Iceland,ISL,1965,,6.73,192344.0,Europe
2135,Iceland,ISL,1970,,7.24,204489.0,Europe
2136,Iceland,ISL,1975,,7.71,218029.0,Europe
2137,Iceland,ISL,1980,,8.2,228147.0,Europe
2138,Iceland,ISL,1985,,8.71,241414.0,Europe
2139,Iceland,ISL,1990,,9.23,254842.0,Europe
2140,Iceland,ISL,1995,,9.7,267516.0,Europe
2141,Iceland,ISL,2000,,10.17,281293.0,Europe
2142,Iceland,ISL,2005,,10.83,296852.0,Europe
2143,Iceland,ISL,2010,,11.52,318163.0,Europe
2144,Iceland,ISL,2015,,12.95,330962.0,Europe
2145,Iceland,ISL,2020,,13.53,366626.0,Europe
2146,India,IND,1870,,0.03,251115205.0,Asia
2147,India,IND,1875,,0.03,253070405.0,Asia
2148,India,IND,1880,,0.04,255789440.0,Asia
2149,India,IND,1885,,0.06,265221721.0,Asia
2150,India,IND,1890,,0.1,274991729.0,Asia
2151,India,IND,1895,,0.13,278029747.0,Asia
2152,India,IND,1900,,0.16,280714154.0,Asia
2153,India,IND,1901,6.2,,281834058.0,Asia
2154,India,IND,1905,,0.24,288066854.0,Asia
2155,India,IND,1910,,0.32,295496971.0,Asia
2156,India,IND,1911,7.0,,296313651.0,Asia
2157,India,IND,1915,,0.41,297584511.0,Asia
2158,India,IND,1920,,0.52,300639878.0,Asia
2159,India,IND,1921,8.3,,302525896.0,Asia
2160,India,IND,1925,,0.61,313849318.0,Asia
2161,India,IND,1930,,0.72,330163509.0,Asia
2162,India,IND,1931,9.1,,334232641.0,Asia
2163,India,IND,1935,,0.81,353128154.0,Asia
2164,India,IND,1940,,0.88,373766276.0,Asia
2165,India,IND,1945,,0.96,364746467.0,Asia
2166,India,IND,1950,17.5,1.02,346278818.0,Asia
2167,India,IND,1955,,1.08,387700892.0,Asia
2168,India,IND,1960,,1.16,435990342.0,Asia
2169,India,IND,1965,,1.33,490140142.0,Asia
2170,India,IND,1970,,1.65,545864271.0,Asia
2171,India,IND,1975,,2.09,611309536.0,Asia
2172,India,IND,1980,,2.46,687354029.0,Asia
2173,India,IND,1981,40.76,,703696251.0,Asia
2174,India,IND,1985,,3.03,772647800.0,Asia
2175,India,IND,1990,,3.56,864972221.0,Asia
2176,India,IND,1991,48.22,,883927605.0,Asia
2177,India,IND,1995,,4.3,960301046.0,Asia
2178,India,IND,2000,,5.3,1057922731.0,Asia
2179,India,IND,2001,61.01,,1077898579.0,Asia
2180,India,IND,2005,,5.94,1154676321.0,Asia
2181,India,IND,2006,62.75,,1172878888.0,Asia
2182,India,IND,2010,68.32582,6.59,1243481565.0,Asia
2183,India,IND,2011,69.3,,1261224956.0,Asia
2184,India,IND,2012,69.82793,,1278674501.0,Asia
2185,India,IND,2015,,7.31,1328024494.0,Asia
2186,India,IND,2018,73.688354,,1374659067.0,Asia
2187,India,IND,2019,74.89386,,1389030307.0,Asia
2188,India,IND,2020,75.52706,7.8,1402617694.0,Asia
2189,India,IND,2021,76.05966,,1414203896.0,Asia
2190,India,IND,2022,76.32,,1425423209.0,Asia
2191,India,IND,2023,81.7,,1438069597.0,Asia
2192,Indonesia,IDN,1870,,0.01,27068109.0,Asia
2193,Indonesia,IDN,1875,,0.01,28628960.0,Asia
2194,Indonesia,IDN,1880,,0.01,30094857.0,Asia
2195,Indonesia,IDN,1885,,0.01,31859700.0,Asia
2196,Indonesia,IDN,1890,,0.02,33761552.0,Asia
2197,Indonesia,IDN,1895,,0.03,35838291.0,Asia
2198,Indonesia,IDN,1900,,0.04,38179623.0,Asia
2199,Indonesia,IDN,1905,,0.09,40574022.0,Asia
2200,Indonesia,IDN,1910,,0.13,42820498.0,Asia
2201,Indonesia,IDN,1915,,0.17,45118696.0,Asia
2202,Indonesia,IDN,1920,,0.43,47304303.0,Asia
2203,Indonesia,IDN,1925,,0.52,50240326.0,Asia
2204,Indonesia,IDN,1930,,0.6,53422386.0,Asia
2205,Indonesia,IDN,1935,,0.71,57426239.0,Asia
2206,Indonesia,IDN,1940,,0.82,61843190.0,Asia
2207,Indonesia,IDN,1945,,0.96,64894598.0,Asia
2208,Indonesia,IDN,1950,17.5,1.14,68799031.0,Asia
2209,Indonesia,IDN,1955,,1.31,77273505.0,Asia
2210,Indonesia,IDN,1960,,1.67,88296074.0,Asia
2211,Indonesia,IDN,1965,,2.28,101365131.0,Asia
2212,Indonesia,IDN,1970,,2.98,115657496.0,Asia
2213,Indonesia,IDN,1975,,3.37,131843848.0,Asia
2214,Indonesia,IDN,1980,67.31,3.85,148950537.0,Asia
2215,Indonesia,IDN,1985,,4.05,166776183.0,Asia
2216,Indonesia,IDN,1990,81.52,4.44,183501097.0,Asia
2217,Indonesia,IDN,1995,,4.89,199888055.0,Asia
2218,Indonesia,IDN,2000,,5.41,216077789.0,Asia
2219,Indonesia,IDN,2004,90.38,,227926649.0,Asia
2220,Indonesia,IDN,2005,,6.68,230871648.0,Asia
2221,Indonesia,IDN,2006,91.98,,233951650.0,Asia
2222,Indonesia,IDN,2008,92.19,,240157902.0,Asia
2223,Indonesia,IDN,2009,92.58,,243220024.0,Asia
2224,Indonesia,IDN,2010,92.32,8.02,246305327.0,Asia
2225,Indonesia,IDN,2011,92.81,,249470029.0,Asia
2226,Indonesia,IDN,2014,95.12,,258877395.0,Asia
2227,Indonesia,IDN,2015,95.22,8.5,261799249.0,Asia
2228,Indonesia,IDN,2016,95.38,,264627429.0,Asia
2229,Indonesia,IDN,2018,95.66,,269951847.0,Asia
2230,Indonesia,IDN,2020,96.0,9.06,274814861.0,Asia
2231,Iran,IRN,1870,,0.01,8446047.0,Asia
2232,Iran,IRN,1875,,0.01,8612362.0,Asia
2233,Iran,IRN,1880,,0.01,8769413.0,Asia
2234,Iran,IRN,1885,,0.01,8929313.0,Asia
2235,Iran,IRN,1890,,0.01,9131715.0,Asia
2236,Iran,IRN,1895,,0.01,9597010.0,Asia
2237,Iran,IRN,1900,,0.02,10122370.0,Asia
2238,Iran,IRN,1905,,0.03,10633576.0,Asia
2239,Iran,IRN,1910,,0.04,10967798.0,Asia
2240,Iran,IRN,1915,,0.2,10116464.0,Asia
2241,Iran,IRN,1920,,0.22,9455525.0,Asia
2242,Iran,IRN,1925,,0.25,10839204.0,Asia
2243,Iran,IRN,1930,,0.27,12691310.0,Asia
2244,Iran,IRN,1935,,0.3,13981885.0,Asia
2245,Iran,IRN,1940,,0.4,15178703.0,Asia
2246,Iran,IRN,1945,,0.49,15933238.0,Asia
2247,Iran,IRN,1950,12.5,0.6,16510553.0,Asia
2248,Iran,IRN,1955,,0.72,18700800.0,Asia
2249,Iran,IRN,1960,,0.99,21470433.0,Asia
2250,Iran,IRN,1965,,1.5,25036982.0,Asia
2251,Iran,IRN,1970,,2.17,29145099.0,Asia
2252,Iran,IRN,1975,,2.87,33802971.0,Asia
2253,Iran,IRN,1976,36.52,,34837282.0,Asia
2254,Iran,IRN,1980,,3.84,39842323.0,Asia
2255,Iran,IRN,1985,,4.66,49582289.0,Asia
2256,Iran,IRN,1986,52.32,,51446046.0,Asia
2257,Iran,IRN,1990,,5.49,58380098.0,Asia
2258,Iran,IRN,1991,65.53,,59986931.0,Asia
2259,Iran,IRN,1995,,6.69,62205571.0,Asia
2260,Iran,IRN,1996,73.06,,62881298.0,Asia
2261,Iran,IRN,2000,,7.66,66418661.0,Asia
2262,Iran,IRN,2002,77.0,,68011318.0,Asia
2263,Iran,IRN,2005,82.44,8.49,71828455.0,Asia
2264,Iran,IRN,2006,82.33,,73392747.0,Asia
2265,Iran,IRN,2008,82.96,,75514201.0,Asia
2266,Iran,IRN,2009,83.22224,,76457831.0,Asia
2267,Iran,IRN,2010,83.664665,9.15,77420851.0,Asia
2268,Iran,IRN,2011,83.52,,78383602.0,Asia
2269,Iran,IRN,2012,83.63,,79370583.0,Asia
2270,Iran,IRN,2013,84.63,,80414689.0,Asia
2271,Iran,IRN,2014,84.71,,81502045.0,Asia
2272,Iran,IRN,2015,85.28343,9.37,82619365.0,Asia
2273,Iran,IRN,2016,85.54,,83812230.0,Asia
2274,Iran,IRN,2017,85.94679,,85026761.0,Asia
2275,Iran,IRN,2018,86.868835,,86117999.0,Asia
2276,Iran,IRN,2019,87.37883,,87051649.0,Asia
2277,Iran,IRN,2020,87.902824,9.8,87723448.0,Asia
2278,Iran,IRN,2021,88.4556,,88455490.0,Asia
2279,Iran,IRN,2022,88.59423,,89524247.0,Asia
2280,Iran,IRN,2023,88.91682,,90608708.0,Asia
2281,Iraq,IRQ,1870,,0.01,1611120.0,Asia
2282,Iraq,IRQ,1875,,0.01,1674434.0,Asia
2283,Iraq,IRQ,1880,,0.01,1723928.0,Asia
2284,Iraq,IRQ,1885,,0.01,1774798.0,Asia
2285,Iraq,IRQ,1890,,0.01,1851933.0,Asia
2286,Iraq,IRQ,1895,,0.01,2101924.0,Asia
2287,Iraq,IRQ,1900,,0.02,2399016.0,Asia
2288,Iraq,IRQ,1905,,0.02,2620482.0,Asia
2289,Iraq,IRQ,1910,,0.02,2850254.0,Asia
2290,Iraq,IRQ,1915,,0.02,3148513.0,Asia
2291,Iraq,IRQ,1920,,0.02,3459608.0,Asia
2292,Iraq,IRQ,1925,,0.03,3707365.0,Asia
2293,Iraq,IRQ,1930,,0.04,3933814.0,Asia
2294,Iraq,IRQ,1935,,0.05,4010346.0,Asia
2295,Iraq,IRQ,1940,,0.1,4140032.0,Asia
2296,Iraq,IRQ,1945,,0.16,4804832.0,Asia
2297,Iraq,IRQ,1950,12.5,0.25,5653357.0,Asia
2298,Iraq,IRQ,1955,,0.35,6366279.0,Asia
2299,Iraq,IRQ,1960,,0.53,7022057.0,Asia
2300,Iraq,IRQ,1965,,0.9,8202145.0,Asia
2301,Iraq,IRQ,1970,,1.53,9735611.0,Asia
2302,Iraq,IRQ,1975,,2.11,11543643.0,Asia
2303,Iraq,IRQ,1980,,2.92,13591996.0,Asia
2304,Iraq,IRQ,1985,,3.98,15683431.0,Asia
2305,Iraq,IRQ,1990,,4.9,17581208.0,Asia
2306,Iraq,IRQ,1995,,5.44,20825859.0,Asia
2307,Iraq,IRQ,2000,74.05,6.23,24424060.0,Asia
2308,Iraq,IRQ,2005,,6.6,28407450.0,Asia
2309,Iraq,IRQ,2010,,7.43,31045367.0,Asia
2310,Iraq,IRQ,2012,77.2,,33654843.0,Asia
2311,Iraq,IRQ,2014,82.2,,36550058.0,Asia
2312,Iraq,IRQ,2015,,7.76,37560535.0,Asia
2313,Iraq,IRQ,2016,83.3,,38469628.0,Asia
2314,Iraq,IRQ,2017,85.6,,39337358.0,Asia
2315,Iraq,IRQ,2020,,8.27,42116602.0,Asia
2316,Iraq,IRQ,2021,84.064896,,43071208.0,Asia
2317,Ireland,IRL,1475,0.0,,2912656.0,Europe
2318,Ireland,IRL,1550,0.0,,2912656.0,Europe
2319,Ireland,IRL,1650,3.0,,2912656.0,Europe
2320,Ireland,IRL,1750,21.0,,2912656.0,Europe
2321,Ireland,IRL,1870,,0.74,2912656.0,Europe
2322,Ireland,IRL,1875,,0.86,2912656.0,Europe
2323,Ireland,IRL,1880,,0.99,2912656.0,Europe
2324,Ireland,IRL,1885,,1.12,2912656.0,Europe
2325,Ireland,IRL,1890,,1.3,2912656.0,Europe
2326,Ireland,IRL,1895,,1.5,2912656.0,Europe
2327,Ireland,IRL,1900,,1.7,2912656.0,Europe
2328,Ireland,IRL,1905,,1.94,2912656.0,Europe
2329,Ireland,IRL,1910,,2.21,2912656.0,Europe
2330,Ireland,IRL,1915,,2.52,2912656.0,Europe
2331,Ireland,IRL,1920,,2.85,2912656.0,Europe
2332,Ireland,IRL,1925,,3.35,2912656.0,Europe
2333,Ireland,IRL,1930,,3.78,2912656.0,Europe
2334,Ireland,IRL,1935,,4.4,2912656.0,Europe
2335,Ireland,IRL,1940,,5.11,2912656.0,Europe
2336,Ireland,IRL,1945,,5.74,2912656.0,Europe
2337,Ireland,IRL,1950,98.5,6.42,2912656.0,Europe
2338,Ireland,IRL,1955,,6.72,2899545.0,Europe
2339,Ireland,IRL,1960,,6.98,2827691.0,Europe
2340,Ireland,IRL,1965,,7.4,2873157.0,Europe
2341,Ireland,IRL,1970,,8.05,2961402.0,Europe
2342,Ireland,IRL,1975,,8.79,3180119.0,Europe
2343,Ireland,IRL,1980,,9.69,3415240.0,Europe
2344,Ireland,IRL,1985,,10.37,3531275.0,Europe
2345,Ireland,IRL,1990,,10.64,3514015.0,Europe
2346,Ireland,IRL,1995,,10.8,3610695.0,Europe
2347,Ireland,IRL,2000,,11.03,3802589.0,Europe
2348,Ireland,IRL,2005,,11.8,4155283.0,Europe
2349,Ireland,IRL,2010,,12.45,4559084.0,Europe
2350,Ireland,IRL,2015,,13.57,4702497.0,Europe
2351,Ireland,IRL,2020,,13.74,4982602.0,Europe
2352,Isle of Man,IMN,1950,98.5,,55115.0,Europe
2353,Israel,ISR,1950,92.5,,1289244.0,Asia
2354,Israel,ISR,1983,91.75,,3959631.0,Asia
2355,Israel,ISR,2015,,12.04,8052916.0,Asia
2356,Israel,ISR,2020,,12.04,8800380.0,Asia
2357,Italy,ITA,1475,15.0,,9004179.0,Europe
2358,Italy,ITA,1550,18.0,,13277249.0,Europe
2359,Italy,ITA,1650,23.0,,13485321.0,Europe
2360,Italy,ITA,1750,23.0,,15919102.0,Europe
2361,Italy,ITA,1870,,0.86,27745148.0,Europe
2362,Italy,ITA,1875,,0.94,28535657.0,Europe
2363,Italy,ITA,1880,,1.07,29355842.0,Europe
2364,Italy,ITA,1885,,1.21,30354809.0,Europe
2365,Italy,ITA,1890,,1.36,31392763.0,Europe
2366,Italy,ITA,1895,,1.5,32336274.0,Europe
2367,Italy,ITA,1900,,1.71,33332371.0,Europe
2368,Italy,ITA,1901,51.8,,33571430.0,Europe
2369,Italy,ITA,1905,,1.89,34651950.0,Europe
2370,Italy,ITA,1910,,1.98,35939804.0,Europe
2371,Italy,ITA,1911,62.8,,36098124.0,Europe
2372,Italy,ITA,1915,,2.24,36431783.0,Europe
2373,Italy,ITA,1920,,2.55,36967588.0,Europe
2374,Italy,ITA,1921,73.2,,37194808.0,Europe
2375,Italy,ITA,1925,,2.85,38460652.0,Europe
2376,Italy,ITA,1930,,3.08,40159184.0,Europe
2377,Italy,ITA,1931,78.4,,40501139.0,Europe
2378,Italy,ITA,1935,,3.36,41878651.0,Europe
2379,Italy,ITA,1940,,3.72,43602046.0,Europe
2380,Italy,ITA,1945,,4.15,45001776.0,Europe
2381,Italy,ITA,1950,87.5,4.4,46391674.0,Europe
2382,Italy,ITA,1955,,4.71,48130817.0,Europe
2383,Italy,ITA,1960,,5.07,49514555.0,Europe
2384,Italy,ITA,1965,,5.43,51480733.0,Europe
2385,Italy,ITA,1970,,5.87,53390231.0,Europe
2386,Italy,ITA,1975,,6.45,55166046.0,Europe
2387,Italy,ITA,1980,,7.09,56412086.0,Europe
2388,Italy,ITA,1981,96.46,,56646752.0,Europe
2389,Italy,ITA,1985,,7.63,56855499.0,Europe
2390,Italy,ITA,1990,,8.32,57031457.0,Europe
2391,Italy,ITA,1995,,9.04,57403342.0,Europe
2392,Italy,ITA,2000,,9.73,57272200.0,Europe
2393,Italy,ITA,2001,98.42,,57305760.0,Europe
2394,Italy,ITA,2005,,10.2,58519696.0,Europe
2395,Italy,ITA,2010,,10.71,60164212.0,Europe
2396,Italy,ITA,2011,98.85,,60367882.0,Europe
2397,Italy,ITA,2015,,11.11,60575314.0,Europe
2398,Italy,ITA,2019,99.35,,60130136.0,Europe
2399,Italy,ITA,2020,,11.51,59912763.0,Europe
2400,Jamaica,JAM,1870,,0.67,502105.0,North America
2401,Jamaica,JAM,1875,,0.76,541465.0,North America
2402,Jamaica,JAM,1880,,0.9,582848.0,North America
2403,Jamaica,JAM,1885,,1.13,613958.0,North America
2404,Jamaica,JAM,1890,,1.42,645515.0,North America
2405,Jamaica,JAM,1895,,1.71,684962.0,North America
2406,Jamaica,JAM,1900,,1.97,727676.0,North America
2407,Jamaica,JAM,1905,,2.27,771868.0,North America
2408,Jamaica,JAM,1910,,2.47,815621.0,North America
2409,Jamaica,JAM,1915,,2.61,842829.0,North America
2410,Jamaica,JAM,1920,,2.76,873146.0,North America
2411,Jamaica,JAM,1925,,2.87,942473.0,North America
2412,Jamaica,JAM,1930,,2.98,1024958.0,North America
2413,Jamaica,JAM,1935,,3.18,1122184.0,North America
2414,Jamaica,JAM,1940,,3.36,1226097.0,North America
2415,Jamaica,JAM,1945,,3.5,1314328.0,North America
2416,Jamaica,JAM,1950,72.5,3.64,1407214.0,North America
2417,Jamaica,JAM,1955,,3.74,1553716.0,North America
2418,Jamaica,JAM,1960,,3.93,1650009.0,North America
2419,Jamaica,JAM,1965,,4.48,1769206.0,North America
2420,Jamaica,JAM,1970,,4.96,1878191.0,North America
2421,Jamaica,JAM,1975,,5.54,2018985.0,North America
2422,Jamaica,JAM,1980,,6.27,2145661.0,North America
2423,Jamaica,JAM,1985,,6.86,2290657.0,North America
2424,Jamaica,JAM,1990,,7.48,2379880.0,North America
2425,Jamaica,JAM,1995,,8.55,2500152.0,North America
2426,Jamaica,JAM,1999,79.92,,2589796.0,North America
2427,Jamaica,JAM,2000,,9.59,2607827.0,North America
2428,Jamaica,JAM,2005,,10.09,2687070.0,North America
2429,Jamaica,JAM,2010,,10.33,2748573.0,North America
2430,Jamaica,JAM,2015,,9.81,2802536.0,North America
2431,Jamaica,JAM,2020,,10.1,2830745.0,North America
2432,Japan,JPN,1870,,0.53,34579492.0,Asia
2433,Japan,JPN,1875,,0.63,35706805.0,Asia
2434,Japan,JPN,1880,,0.75,36977992.0,Asia
2435,Japan,JPN,1885,,0.93,38565477.0,Asia
2436,Japan,JPN,1890,,1.26,40291341.0,Asia
2437,Japan,JPN,1895,,1.55,42264512.0,Asia
2438,Japan,JPN,1900,,1.85,44416502.0,Asia
2439,Japan,JPN,1905,,2.13,47035703.0,Asia
2440,Japan,JPN,1910,,2.47,49880362.0,Asia
2441,Japan,JPN,1915,,2.95,52976538.0,Asia
2442,Japan,JPN,1920,,3.92,56328237.0,Asia
2443,Japan,JPN,1925,,4.46,60339562.0,Asia
2444,Japan,JPN,1930,,4.96,64665549.0,Asia
2445,Japan,JPN,1935,,5.34,68986531.0,Asia
2446,Japan,JPN,1940,,5.66,73591941.0,Asia
2447,Japan,JPN,1945,,6.19,78819521.0,Asia
2448,Japan,JPN,1950,97.5,6.86,86443278.0,Asia
2449,Japan,JPN,1955,,7.4,92425476.0,Asia
2450,Japan,JPN,1960,,7.77,96399755.0,Asia
2451,Japan,JPN,1965,,7.8,100916018.0,Asia
2452,Japan,JPN,1970,,8.25,106712370.0,Asia
2453,Japan,JPN,1975,,8.85,113321197.0,Asia
2454,Japan,JPN,1980,,9.6,118358761.0,Asia
2455,Japan,JPN,1985,,10.12,120832158.0,Asia
2456,Japan,JPN,1990,,10.71,123399767.0,Asia
2457,Japan,JPN,1995,,11.26,125672659.0,Asia
2458,Japan,JPN,2000,,11.77,127027794.0,Asia
2459,Japan,JPN,2005,,12.12,127913331.0,Asia
2460,Japan,JPN,2010,,12.44,128185273.0,Asia
2461,Japan,JPN,2015,,12.6,127275868.0,Asia
2462,Japan,JPN,2020,,12.83,126304533.0,Asia
2463,Jordan,JOR,1870,,0.01,250751.0,Asia
2464,Jordan,JOR,1875,,0.01,250023.0,Asia
2465,Jordan,JOR,1880,,0.02,250725.0,Asia
2466,Jordan,JOR,1885,,0.02,251354.0,Asia
2467,Jordan,JOR,1890,,0.02,251905.0,Asia
2468,Jordan,JOR,1895,,0.03,252376.0,Asia
2469,Jordan,JOR,1900,,0.04,254431.0,Asia
2470,Jordan,JOR,1905,,0.11,267200.0,Asia
2471,Jordan,JOR,1910,,0.19,273656.0,Asia
2472,Jordan,JOR,1915,,0.24,230154.0,Asia
2473,Jordan,JOR,1920,,0.81,196295.0,Asia
2474,Jordan,JOR,1925,,0.86,211813.0,Asia
2475,Jordan,JOR,1930,,0.92,233585.0,Asia
2476,Jordan,JOR,1935,,0.95,236696.0,Asia
2477,Jordan,JOR,1940,,1.09,246075.0,Asia
2478,Jordan,JOR,1945,,1.22,325022.0,Asia
2479,Jordan,JOR,1950,17.5,1.41,438808.0,Asia
2480,Jordan,JOR,1955,,1.84,625572.0,Asia
2481,Jordan,JOR,1960,,2.54,853471.0,Asia
2482,Jordan,JOR,1965,,3.15,1099446.0,Asia
2483,Jordan,JOR,1970,,3.64,1565172.0,Asia
2484,Jordan,JOR,1975,,4.2,1899059.0,Asia
2485,Jordan,JOR,1979,66.8,,2153891.0,Asia
2486,Jordan,JOR,1980,,4.87,2234192.0,Asia
2487,Jordan,JOR,1985,,6.04,2778819.0,Asia
2488,Jordan,JOR,1990,,7.02,3621915.0,Asia
2489,Jordan,JOR,1995,,7.89,4752097.0,Asia
2490,Jordan,JOR,2000,,8.72,5386945.0,Asia
2491,Jordan,JOR,2003,89.89,,5741837.0,Asia
2492,Jordan,JOR,2005,91.13,9.42,6029597.0,Asia
2493,Jordan,JOR,2007,92.2,,6827235.0,Asia
2494,Jordan,JOR,2010,92.55,9.92,7297046.0,Asia
2495,Jordan,JOR,2011,95.9,,7480431.0,Asia
2496,Jordan,JOR,2012,97.89,,7587133.0,Asia
2497,Jordan,JOR,2015,,10.5,9544730.0,Asia
2498,Jordan,JOR,2018,95.43,,10462310.0,Asia
2499,Jordan,JOR,2020,,10.81,10865232.0,Asia
2500,Jordan,JOR,2023,94.85,,11439220.0,Asia
2501,Kazakhstan,KAZ,1989,97.53,,16997012.0,Asia
2502,Kazakhstan,KAZ,1999,99.51,,15455877.0,Asia
2503,Kazakhstan,KAZ,2009,99.73,,16619851.0,Asia
2504,Kazakhstan,KAZ,2015,,11.69,18084175.0,Asia
2505,Kazakhstan,KAZ,2020,,11.79,19482116.0,Asia
2506,Kenya,KEN,1870,,0.01,3717467.0,Africa
2507,Kenya,KEN,1875,,0.01,3830593.0,Africa
2508,Kenya,KEN,1880,,0.01,3949416.0,Africa
2509,Kenya,KEN,1885,,0.02,4071848.0,Africa
2510,Kenya,KEN,1890,,0.02,4167751.0,Africa
2511,Kenya,KEN,1895,,0.02,4076072.0,Africa
2512,Kenya,KEN,1900,,0.03,3950614.0,Africa
2513,Kenya,KEN,1905,,0.14,3785270.0,Africa
2514,Kenya,KEN,1910,,0.25,3633121.0,Africa
2515,Kenya,KEN,1915,,0.33,3567892.0,Africa
2516,Kenya,KEN,1920,,0.67,3566429.0,Africa
2517,Kenya,KEN,1925,,0.73,3837184.0,Africa
2518,Kenya,KEN,1930,,0.8,4167035.0,Africa
2519,Kenya,KEN,1935,,0.88,4474739.0,Africa
2520,Kenya,KEN,1940,,0.95,4808498.0,Africa
2521,Kenya,KEN,1945,,1.08,5245063.0,Africa
2522,Kenya,KEN,1950,22.5,1.2,5769190.0,Africa
2523,Kenya,KEN,1955,,1.35,6529301.0,Africa
2524,Kenya,KEN,1960,,1.56,7695310.0,Africa
2525,Kenya,KEN,1965,,1.77,9338084.0,Africa
2526,Kenya,KEN,1970,,2.28,11368806.0,Africa
2527,Kenya,KEN,1975,,2.82,13511672.0,Africa
2528,Kenya,KEN,1980,,3.61,16018465.0,Africa
2529,Kenya,KEN,1985,,4.33,19201772.0,Africa
2530,Kenya,KEN,1990,,5.05,22892655.0,Africa
2531,Kenya,KEN,1995,,5.5,26601753.0,Africa
2532,Kenya,KEN,2000,82.23,5.91,30642893.0,Africa
2533,Kenya,KEN,2005,,6.48,35796485.0,Africa
2534,Kenya,KEN,2010,,6.47,41598570.0,Africa
2535,Kenya,KEN,2015,,6.28,47088528.0,Africa
2536,Kenya,KEN,2020,,6.73,52217327.0,Africa
2537,Kiribati,KIR,1950,92.5,,37871.0,Oceania
2538,Kiribati,KIR,2018,97.96,,122097.0,Oceania
2539,Kiribati,KIR,2020,98.60798,,126110.0,Oceania
2540,Kuwait,KWT,1870,,0.01,82094.0,Asia
2541,Kuwait,KWT,1875,,0.01,84417.0,Asia
2542,Kuwait,KWT,1880,,0.01,87114.0,Asia
2543,Kuwait,KWT,1885,,0.01,89898.0,Asia
2544,Kuwait,KWT,1890,,0.01,92771.0,Asia
2545,Kuwait,KWT,1895,,0.01,95735.0,Asia
2546,Kuwait,KWT,1900,,0.01,98794.0,Asia
2547,Kuwait,KWT,1905,,0.01,101950.0,Asia
2548,Kuwait,KWT,1910,,0.07,105366.0,Asia
2549,Kuwait,KWT,1915,,0.12,109927.0,Asia
2550,Kuwait,KWT,1920,,0.18,114746.0,Asia
2551,Kuwait,KWT,1925,,0.24,119702.0,Asia
2552,Kuwait,KWT,1930,,0.71,124871.0,Asia
2553,Kuwait,KWT,1935,,0.9,130264.0,Asia
2554,Kuwait,KWT,1940,,1.05,135890.0,Asia
2555,Kuwait,KWT,1945,,1.34,141759.0,Asia
2556,Kuwait,KWT,1950,17.5,1.6,153973.0,Asia
2557,Kuwait,KWT,1955,,1.96,186125.0,Asia
2558,Kuwait,KWT,1960,,2.51,311066.0,Asia
2559,Kuwait,KWT,1965,,2.96,521180.0,Asia
2560,Kuwait,KWT,1970,,3.35,809118.0,Asia
2561,Kuwait,KWT,1975,59.56,3.58,1104869.0,Asia
2562,Kuwait,KWT,1980,67.52,4.67,1504789.0,Asia
2563,Kuwait,KWT,1985,74.49,5.55,1894255.0,Asia
2564,Kuwait,KWT,1990,,5.92,1684833.0,Asia
2565,Kuwait,KWT,1995,78.4,6.15,1681518.0,Asia
2566,Kuwait,KWT,2000,,6.12,1954713.0,Asia
2567,Kuwait,KWT,2005,93.27,6.14,2236797.0,Asia
2568,Kuwait,KWT,2006,93.28,,2364741.0,Asia
2569,Kuwait,KWT,2007,93.66,,2507890.0,Asia
2570,Kuwait,KWT,2008,93.9,,2651433.0,Asia
2571,Kuwait,KWT,2010,94.47,6.39,2943374.0,Asia
2572,Kuwait,KWT,2012,95.51,,3337025.0,Asia
2573,Kuwait,KWT,2013,95.59,,3507755.0,Asia
2574,Kuwait,KWT,2015,95.69,6.49,3834465.0,Asia
2575,Kuwait,KWT,2017,96.04,,4154686.0,Asia
2576,Kuwait,KWT,2018,96.06,,4323389.0,Asia
2577,Kuwait,KWT,2020,96.46,6.62,4400146.0,Asia
2578,Kyrgyzstan,KGZ,1999,98.7,,4968593.0,Asia
2579,Kyrgyzstan,KGZ,2009,99.24,,5398013.0,Asia
2580,Kyrgyzstan,KGZ,2015,,11.05,6001876.0,Asia
2581,Kyrgyzstan,KGZ,2020,,11.18,6664143.0,Asia
2582,Laos,LAO,1950,17.5,,1684556.0,Asia
2583,Laos,LAO,1995,60.25,,4929410.0,Asia
2584,Laos,LAO,2000,69.58,,5431213.0,Asia
2585,Laos,LAO,2001,68.73,,5521481.0,Asia
2586,Laos,LAO,2005,72.7,,5869531.0,Asia
2587,Laos,LAO,2015,84.66,5.47,6801647.0,Asia
2588,Laos,LAO,2017,73.72,,7018150.0,Asia
2589,Laos,LAO,2020,,6.05,7346534.0,Asia
2590,Laos,LAO,2023,75.64,,7665001.0,Asia
2591,Latin America and Caribbean (WB),WB_LAC,1974,78.13,,,
2592,Latin America and Caribbean (WB),WB_LAC,1975,78.15,,,
2593,Latin America and Caribbean (WB),WB_LAC,1976,78.55,,,
2594,Latin America and Caribbean (WB),WB_LAC,1977,78.99,,,
2595,Latin America and Caribbean (WB),WB_LAC,1978,79.45,,,
2596,Latin America and Caribbean (WB),WB_LAC,1979,79.86,,,
2597,Latin America and Caribbean (WB),WB_LAC,1980,80.23,,,
2598,Latin America and Caribbean (WB),WB_LAC,1981,80.64,,,
2599,Latin America and Caribbean (WB),WB_LAC,1982,81.03,,,
2600,Latin America and Caribbean (WB),WB_LAC,1983,81.41,,,
2601,Latin America and Caribbean (WB),WB_LAC,1984,81.78,,,
2602,Latin America and Caribbean (WB),WB_LAC,1985,82.13,,,
2603,Latin America and Caribbean (WB),WB_LAC,1986,82.48,,,
2604,Latin America and Caribbean (WB),WB_LAC,1987,82.78,,,
2605,Latin America and Caribbean (WB),WB_LAC,1988,83.23,,,
2606,Latin America and Caribbean (WB),WB_LAC,1989,83.65,,,
2607,Latin America and Caribbean (WB),WB_LAC,1990,83.97,,,
2608,Latin America and Caribbean (WB),WB_LAC,1991,84.65,,,
2609,Latin America and Caribbean (WB),WB_LAC,1992,85.32,,,
2610,Latin America and Caribbean (WB),WB_LAC,1993,85.98,,,
2611,Latin America and Caribbean (WB),WB_LAC,1994,86.62,,,
2612,Latin America and Caribbean (WB),WB_LAC,1995,87.26,,,
2613,Latin America and Caribbean (WB),WB_LAC,1996,87.65,,,
2614,Latin America and Caribbean (WB),WB_LAC,1997,87.93,,,
2615,Latin America and Caribbean (WB),WB_LAC,1998,88.29,,,
2616,Latin America and Caribbean (WB),WB_LAC,1999,88.62,,,
2617,Latin America and Caribbean (WB),WB_LAC,2000,88.92,,,
2618,Latin America and Caribbean (WB),WB_LAC,2001,89.11,,,
2619,Latin America and Caribbean (WB),WB_LAC,2002,89.4,,,
2620,Latin America and Caribbean (WB),WB_LAC,2003,90.1,,,
2621,Latin America and Caribbean (WB),WB_LAC,2004,90.38,,,
2622,Latin America and Caribbean (WB),WB_LAC,2005,90.36,,,
2623,Latin America and Caribbean (WB),WB_LAC,2006,90.57,,,
2624,Latin America and Caribbean (WB),WB_LAC,2007,91.41,,,
2625,Latin America and Caribbean (WB),WB_LAC,2008,91.71,,,
2626,Latin America and Caribbean (WB),WB_LAC,2009,91.9,,,
2627,Latin America and Caribbean (WB),WB_LAC,2010,91.82,,,
2628,Latin America and Caribbean (WB),WB_LAC,2011,92.52,,,
2629,Latin America and Caribbean (WB),WB_LAC,2012,92.83,,,
2630,Latin America and Caribbean (WB),WB_LAC,2013,92.81,,,
2631,Latin America and Caribbean (WB),WB_LAC,2014,93.31,,,
2632,Latin America and Caribbean (WB),WB_LAC,2015,93.45,,,
2633,Latin America and Caribbean (WB),WB_LAC,2016,93.89,,,
2634,Latin America and Caribbean (WB),WB_LAC,2017,93.92,,,
2635,Latin America and Caribbean (WB),WB_LAC,2018,94.1,,,
2636,Latin America and Caribbean (WB),WB_LAC,2019,94.27,,,
2637,Latin America and Caribbean (WB),WB_LAC,2020,94.33,,,
2638,Latin America and Caribbean (WB),WB_LAC,2021,94.5,,,
2639,Latin America and Caribbean (WB),WB_LAC,2022,94.68,,,
2640,Latin America and Caribbean (WB),WB_LAC,2023,94.83,,,
2641,Latin America and the Caribbean (SDG),,1974,78.13,,,
2642,Latin America and the Caribbean (SDG),,1975,78.15,,,
2643,Latin America and the Caribbean (SDG),,1976,78.55,,,
2644,Latin America and the Caribbean (SDG),,1977,78.99,,,
2645,Latin America and the Caribbean (SDG),,1978,79.45,,,
2646,Latin America and the Caribbean (SDG),,1979,79.86,,,
2647,Latin America and the Caribbean (SDG),,1980,80.23,,,
2648,Latin America and the Caribbean (SDG),,1981,80.64,,,
2649,Latin America and the Caribbean (SDG),,1982,81.03,,,
2650,Latin America and the Caribbean (SDG),,1983,81.41,,,
2651,Latin America and the Caribbean (SDG),,1984,81.78,,,
2652,Latin America and the Caribbean (SDG),,1985,82.14,,,
2653,Latin America and the Caribbean (SDG),,1986,82.48,,,
2654,Latin America and the Caribbean (SDG),,1987,82.78,,,
2655,Latin America and the Caribbean (SDG),,1988,83.23,,,
2656,Latin America and the Caribbean (SDG),,1989,83.65,,,
2657,Latin America and the Caribbean (SDG),,1990,83.97,,,
2658,Latin America and the Caribbean (SDG),,1991,84.65,,,
2659,Latin America and the Caribbean (SDG),,1992,85.32,,,
2660,Latin America and the Caribbean (SDG),,1993,85.98,,,
2661,Latin America and the Caribbean (SDG),,1994,86.62,,,
2662,Latin America and the Caribbean (SDG),,1995,87.26,,,
2663,Latin America and the Caribbean (SDG),,1996,87.65,,,
2664,Latin America and the Caribbean (SDG),,1997,87.93,,,
2665,Latin America and the Caribbean (SDG),,1998,88.29,,,
2666,Latin America and the Caribbean (SDG),,1999,88.62,,,
2667,Latin America and the Caribbean (SDG),,2000,88.92,,,
2668,Latin America and the Caribbean (SDG),,2001,89.11,,,
2669,Latin America and the Caribbean (SDG),,2002,89.4,,,
2670,Latin America and the Caribbean (SDG),,2003,90.1,,,
2671,Latin America and the Caribbean (SDG),,2004,90.38,,,
2672,Latin America and the Caribbean (SDG),,2005,90.36,,,
2673,Latin America and the Caribbean (SDG),,2006,90.57,,,
2674,Latin America and the Caribbean (SDG),,2007,91.41,,,
2675,Latin America and the Caribbean (SDG),,2008,91.71,,,
2676,Latin America and the Caribbean (SDG),,2009,91.9,,,
2677,Latin America and the Caribbean (SDG),,2010,91.82,,,
2678,Latin America and the Caribbean (SDG),,2011,92.52,,,
2679,Latin America and the Caribbean (SDG),,2012,92.83,,,
2680,Latin America and the Caribbean (SDG),,2013,92.81,,,
2681,Latin America and the Caribbean (SDG),,2014,93.31,,,
2682,Latin America and the Caribbean (SDG),,2015,93.45,,,
2683,Latin America and the Caribbean (SDG),,2016,93.89,,,
2684,Latin America and the Caribbean (SDG),,2017,93.92,,,
2685,Latin America and the Caribbean (SDG),,2018,94.1,,,
2686,Latin America and the Caribbean (SDG),,2019,94.27,,,
2687,Latin America and the Caribbean (SDG),,2020,94.33,,,
2688,Latin America and the Caribbean (SDG),,2021,94.5,,,
2689,Latin America and the Caribbean (SDG),,2022,94.68,,,
2690,Latin America and the Caribbean (SDG),,2023,94.83,,,
2691,Latvia,LVA,1989,99.45,,2664839.0,Europe
2692,Latvia,LVA,2000,99.75,,2368320.0,Europe
2693,Latvia,LVA,2011,99.9,,2059940.0,Europe
2694,Latvia,LVA,2015,,11.79,1977874.0,Europe
2695,Latvia,LVA,2020,,11.96,1901119.0,Europe
2696,Lebanon,LBN,1950,47.5,,1349351.0,Asia
2697,Lebanon,LBN,2007,89.61,,4844119.0,Asia
2698,Lebanon,LBN,2009,91.18,,4992295.0,Asia
2699,Lebanon,LBN,2018,92.67,,5984120.0,Asia
2700,Lebanon,LBN,2019,92.00997,,5794601.0,Asia
2701,Lesotho,LSO,1870,,0.03,203958.0,Africa
2702,Lesotho,LSO,1875,,0.05,210907.0,Africa
2703,Lesotho,LSO,1880,,0.07,218032.0,Africa
2704,Lesotho,LSO,1885,,0.1,225331.0,Africa
2705,Lesotho,LSO,1890,,0.15,232803.0,Africa
2706,Lesotho,LSO,1895,,0.22,240446.0,Africa
2707,Lesotho,LSO,1900,,0.3,249213.0,Africa
2708,Lesotho,LSO,1905,,0.38,264433.0,Africa
2709,Lesotho,LSO,1910,,0.53,281353.0,Africa
2710,Lesotho,LSO,1915,,0.64,298193.0,Africa
2711,Lesotho,LSO,1920,,0.76,320591.0,Africa
2712,Lesotho,LSO,1925,,1.16,354609.0,Africa
2713,Lesotho,LSO,1930,,1.42,393273.0,Africa
2714,Lesotho,LSO,1935,,1.6,434803.0,Africa
2715,Lesotho,LSO,1940,,1.87,480202.0,Africa
2716,Lesotho,LSO,1945,,2.2,528380.0,Africa
2717,Lesotho,LSO,1950,52.5,2.6,579554.0,Africa
2718,Lesotho,LSO,1955,,2.87,642186.0,Africa
2719,Lesotho,LSO,1960,,3.12,736507.0,Africa
2720,Lesotho,LSO,1965,,3.44,854094.0,Africa
2721,Lesotho,LSO,1970,,3.72,1019273.0,Africa
2722,Lesotho,LSO,1975,,4.11,1213650.0,Africa
2723,Lesotho,LSO,1980,,4.49,1406530.0,Africa
2724,Lesotho,LSO,1985,,4.81,1624385.0,Africa
2725,Lesotho,LSO,1990,,5.25,1809698.0,Africa
2726,Lesotho,LSO,1995,,5.8,1951441.0,Africa
2727,Lesotho,LSO,2000,86.25,6.37,2003919.0,Africa
2728,Lesotho,LSO,2005,,7.21,1953080.0,Africa
2729,Lesotho,LSO,2006,66.1,,1945066.0,Africa
2730,Lesotho,LSO,2010,,6.08,1996256.0,Africa
2731,Lesotho,LSO,2015,,6.44,2104614.0,Africa
2732,Lesotho,LSO,2016,97.27,,2130424.0,Africa
2733,Lesotho,LSO,2018,86.24,,2183611.0,Africa
2734,Lesotho,LSO,2019,92.396164,,2209414.0,Africa
2735,Lesotho,LSO,2020,,6.88,2235727.0,Africa
2736,Liberia,LBR,1870,,0.05,380309.0,Africa
2737,Liberia,LBR,1875,,0.06,396611.0,Africa
2738,Liberia,LBR,1880,,0.07,413832.0,Africa
2739,Liberia,LBR,1885,,0.09,431775.0,Africa
2740,Liberia,LBR,1890,,0.11,450470.0,Africa
2741,Liberia,LBR,1895,,0.13,469949.0,Africa
2742,Liberia,LBR,1900,,0.17,490243.0,Africa
2743,Liberia,LBR,1905,,0.26,511385.0,Africa
2744,Liberia,LBR,1910,,0.36,533090.0,Africa
2745,Liberia,LBR,1915,,0.44,553592.0,Africa
2746,Liberia,LBR,1920,,0.57,575156.0,Africa
2747,Liberia,LBR,1925,,0.58,616370.0,Africa
2748,Liberia,LBR,1930,,0.55,663604.0,Africa
2749,Liberia,LBR,1935,,0.52,711786.0,Africa
2750,Liberia,LBR,1940,,0.55,764876.0,Africa
2751,Liberia,LBR,1945,,0.57,834319.0,Africa
2752,Liberia,LBR,1950,7.5,0.58,918912.0,Africa
2753,Liberia,LBR,1955,,0.62,1016396.0,Africa
2754,Liberia,LBR,1960,,0.72,1139519.0,Africa
2755,Liberia,LBR,1965,,0.94,1291155.0,Africa
2756,Liberia,LBR,1970,,1.16,1466677.0,Africa
2757,Liberia,LBR,1975,,1.67,1670914.0,Africa
2758,Liberia,LBR,1980,,2.23,1929260.0,Africa
2759,Liberia,LBR,1984,32.11,,2173314.0,Africa
2760,Liberia,LBR,1985,,2.73,2240549.0,Africa
2761,Liberia,LBR,1990,,3.08,2223667.0,Africa
2762,Liberia,LBR,1995,,3.17,2169167.0,Africa
2763,Liberia,LBR,2000,,3.6,2928117.0,Africa
2764,Liberia,LBR,2005,,3.96,3301016.0,Africa
2765,Liberia,LBR,2010,59.40303,4.35,4058897.0,Africa
2766,Liberia,LBR,2015,,5.06,4659436.0,Africa
2767,Liberia,LBR,2020,,5.8,5149470.0,Africa
2768,Libya,LBY,1870,,0.01,337064.0,Africa
2769,Libya,LBY,1875,,0.01,356939.0,Africa
2770,Libya,LBY,1880,,0.01,378777.0,Africa
2771,Libya,LBY,1885,,0.01,407319.0,Africa
2772,Libya,LBY,1890,,0.01,439158.0,Africa
2773,Libya,LBY,1895,,0.01,475243.0,Africa
2774,Libya,LBY,1900,,0.01,514376.0,Africa
2775,Libya,LBY,1905,,0.01,555440.0,Africa
2776,Libya,LBY,1910,,0.05,598690.0,Africa
2777,Libya,LBY,1915,,0.08,639607.0,Africa
2778,Libya,LBY,1920,,0.1,679435.0,Africa
2779,Libya,LBY,1925,,0.19,718382.0,Africa
2780,Libya,LBY,1930,,0.26,760476.0,Africa
2781,Libya,LBY,1935,,0.31,812653.0,Africa
2782,Libya,LBY,1940,,0.36,876455.0,Africa
2783,Libya,LBY,1945,,0.41,991580.0,Africa
2784,Libya,LBY,1950,7.5,0.47,1131471.0,Africa
2785,Libya,LBY,1955,,0.59,1241389.0,Africa
2786,Libya,LBY,1960,,0.72,1492890.0,Africa
2787,Libya,LBY,1965,,1.09,1804016.0,Africa
2788,Libya,LBY,1970,,1.66,2082597.0,Africa
2789,Libya,LBY,1975,,2.35,2571563.0,Africa
2790,Libya,LBY,1980,,3.45,3424375.0,Africa
2791,Libya,LBY,1984,60.16,,3773639.0,Africa
2792,Libya,LBY,1985,,4.55,3898746.0,Africa
2793,Libya,LBY,1990,,5.42,4445243.0,Africa
2794,Libya,LBY,1995,,6.13,4906851.0,Africa
2795,Libya,LBY,2000,,7.04,5305020.0,Africa
2796,Libya,LBY,2005,,7.79,5858793.0,Africa
2797,Libya,LBY,2010,,8.43,6497837.0,Africa
2798,Libya,LBY,2015,,9.05,6531825.0,Africa
2799,Libya,LBY,2020,,9.57,7045403.0,Africa
2800,Liechtenstein,LIE,1950,98.5,,13786.0,Europe
2801,Lithuania,LTU,1989,98.44,,3696107.0,Europe
2802,Lithuania,LTU,2001,99.65,,3473008.0,Europe
2803,Lithuania,LTU,2011,99.82,,3028642.0,Europe
2804,Lithuania,LTU,2015,,12.44,2905771.0,Europe
2805,Lithuania,LTU,2020,,12.5,2795766.0,Europe
2806,Low-income countries,OWID_LIC,1988,46.48,,274037743.0,
2807,Low-income countries,OWID_LIC,1989,46.91,,281517068.0,
2808,Low-income countries,OWID_LIC,1990,47.42,,288949572.0,
2809,Low-income countries,OWID_LIC,1991,47.7,,296537422.0,
2810,Low-income countries,OWID_LIC,1992,47.82,,305437284.0,
2811,Low-income countries,OWID_LIC,1993,48.08,,315389795.0,
2812,Low-income countries,OWID_LIC,1994,48.34,,324897209.0,
2813,Low-income countries,OWID_LIC,1995,48.82,,334295742.0,
2814,Low-income countries,OWID_LIC,1996,49.16,,344222338.0,
2815,Low-income countries,OWID_LIC,1997,49.77,,354096593.0,
2816,Low-income countries,OWID_LIC,1998,50.44,,364221054.0,
2817,Low-income countries,OWID_LIC,1999,51.01,,374700333.0,
2818,Low-income countries,OWID_LIC,2000,51.43,,384939764.0,
2819,Low-income countries,OWID_LIC,2001,52.07,,395479964.0,
2820,Low-income countries,OWID_LIC,2002,52.72,,407257679.0,
2821,Low-income countries,OWID_LIC,2003,53.14,,419524984.0,
2822,Low-income countries,OWID_LIC,2004,53.61,,431686379.0,
2823,Low-income countries,OWID_LIC,2005,54.02,,444311095.0,
2824,Low-income countries,OWID_LIC,2006,52.17,,457733898.0,
2825,Low-income countries,OWID_LIC,2007,53.39,,471363299.0,
2826,Low-income countries,OWID_LIC,2008,54.25,,485037634.0,
2827,Low-income countries,OWID_LIC,2009,54.77,,499033215.0,
2828,Low-income countries,OWID_LIC,2010,55.27,,513321574.0,
2829,Low-income countries,OWID_LIC,2011,57.49,,527892338.0,
2830,Low-income countries,OWID_LIC,2012,57.98,,542351002.0,
2831,Low-income countries,OWID_LIC,2013,58.9,,556241284.0,
2832,Low-income countries,OWID_LIC,2014,59.03,,570114000.0,
2833,Low-income countries,OWID_LIC,2015,59.7,,584512270.0,
2834,Low-income countries,OWID_LIC,2016,60.36,,600009253.0,
2835,Low-income countries,OWID_LIC,2017,61.42,,616499906.0,
2836,Low-income countries,OWID_LIC,2018,61.72,,633927493.0,
2837,Low-income countries,OWID_LIC,2019,61.74,,652255351.0,
2838,Low-income countries,OWID_LIC,2020,61.88,,670891087.0,
2839,Low-income countries,OWID_LIC,2021,62.33,,689336886.0,
2840,Low-income countries,OWID_LIC,2022,62.77,,707776067.0,
2841,Low-income countries,OWID_LIC,2023,63.21,,727162113.0,
2842,Lower-middle-income countries,OWID_LMC,1975,43.73,,1089396256.0,
2843,Lower-middle-income countries,OWID_LMC,1976,43.83,,1116445836.0,
2844,Lower-middle-income countries,OWID_LMC,1977,44.39,,1144272493.0,
2845,Lower-middle-income countries,OWID_LMC,1978,44.97,,1172552493.0,
2846,Lower-middle-income countries,OWID_LMC,1979,45.54,,1202236677.0,
2847,Lower-middle-income countries,OWID_LMC,1980,46.1,,1234234961.0,
2848,Lower-middle-income countries,OWID_LMC,1981,46.65,,1267133750.0,
2849,Lower-middle-income countries,OWID_LMC,1982,47.23,,1300359089.0,
2850,Lower-middle-income countries,OWID_LMC,1983,47.73,,1334086722.0,
2851,Lower-middle-income countries,OWID_LMC,1984,48.34,,1368405622.0,
2852,Lower-middle-income countries,OWID_LMC,1985,48.95,,1403521734.0,
2853,Lower-middle-income countries,OWID_LMC,1986,49.49,,1439309833.0,
2854,Lower-middle-income countries,OWID_LMC,1987,50.34,,1475560586.0,
2855,Lower-middle-income countries,OWID_LMC,1988,51.0,,1512143755.0,
2856,Lower-middle-income countries,OWID_LMC,1989,51.7,,1549115104.0,
2857,Lower-middle-income countries,OWID_LMC,1990,52.42,,1586970750.0,
2858,Lower-middle-income countries,OWID_LMC,1991,53.18,,1624968761.0,
2859,Lower-middle-income countries,OWID_LMC,1992,54.1,,1662622618.0,
2860,Lower-middle-income countries,OWID_LMC,1993,55.0,,1700482373.0,
2861,Lower-middle-income countries,OWID_LMC,1994,55.87,,1738743877.0,
2862,Lower-middle-income countries,OWID_LMC,1995,56.69,,1777540650.0,
2863,Lower-middle-income countries,OWID_LMC,1996,57.52,,1816527645.0,
2864,Lower-middle-income countries,OWID_LMC,1997,58.35,,1855763160.0,
2865,Lower-middle-income countries,OWID_LMC,1998,61.85,,1895268380.0,
2866,Lower-middle-income countries,OWID_LMC,1999,62.64,,1934690733.0,
2867,Lower-middle-income countries,OWID_LMC,2000,62.87,,1974655348.0,
2868,Lower-middle-income countries,OWID_LMC,2001,63.61,,2015147488.0,
2869,Lower-middle-income countries,OWID_LMC,2002,64.35,,2055009800.0,
2870,Lower-middle-income countries,OWID_LMC,2003,65.4,,2094511124.0,
2871,Lower-middle-income countries,OWID_LMC,2004,66.11,,2134420156.0,
2872,Lower-middle-income countries,OWID_LMC,2005,65.9,,2173969361.0,
2873,Lower-middle-income countries,OWID_LMC,2006,65.86,,2213313250.0,
2874,Lower-middle-income countries,OWID_LMC,2007,66.37,,2253092168.0,
2875,Lower-middle-income countries,OWID_LMC,2008,67.03,,2292684648.0,
2876,Lower-middle-income countries,OWID_LMC,2009,67.71,,2332755072.0,
2877,Lower-middle-income countries,OWID_LMC,2010,69.59,,2373583150.0,
2878,Lower-middle-income countries,OWID_LMC,2011,70.29,,2414467849.0,
2879,Lower-middle-income countries,OWID_LMC,2012,70.72,,2455038495.0,
2880,Lower-middle-income countries,OWID_LMC,2013,71.6,,2495451619.0,
2881,Lower-middle-income countries,OWID_LMC,2014,72.23,,2535363862.0,
2882,Lower-middle-income countries,OWID_LMC,2015,73.31,,2574110746.0,
2883,Lower-middle-income countries,OWID_LMC,2016,74.07,,2612695400.0,
2884,Lower-middle-income countries,OWID_LMC,2017,74.61,,2650928979.0,
2885,Lower-middle-income countries,OWID_LMC,2018,75.44,,2688062081.0,
2886,Lower-middle-income countries,OWID_LMC,2019,75.41,,2724788114.0,
2887,Lower-middle-income countries,OWID_LMC,2020,76.04,,2761779459.0,
2888,Lower-middle-income countries,OWID_LMC,2021,76.65,,2797279017.0,
2889,Lower-middle-income countries,OWID_LMC,2022,77.26,,2832687999.0,
2890,Lower-middle-income countries,OWID_LMC,2023,77.78,,2869912730.0,
2891,Luxembourg,LUX,1870,,0.04,198919.0,Europe
2892,Luxembourg,LUX,1875,,0.05,203816.0,Europe
2893,Luxembourg,LUX,1880,,0.06,209196.0,Europe
2894,Luxembourg,LUX,1885,,0.08,210351.0,Europe
2895,Luxembourg,LUX,1890,,0.1,212200.0,Europe
2896,Luxembourg,LUX,1895,,0.12,222976.0,Europe
2897,Luxembourg,LUX,1900,,0.15,235574.0,Europe
2898,Luxembourg,LUX,1905,,0.18,247458.0,Europe
2899,Luxembourg,LUX,1910,,0.22,258721.0,Europe
2900,Luxembourg,LUX,1915,,0.27,264119.0,Europe
2901,Luxembourg,LUX,1920,,0.36,269864.0,Europe
2902,Luxembourg,LUX,1925,,0.44,283728.0,Europe
2903,Luxembourg,LUX,1930,,0.56,297712.0,Europe
2904,Luxembourg,LUX,1935,,1.4,300094.0,Europe
2905,Luxembourg,LUX,1940,,2.18,300207.0,Europe
2906,Luxembourg,LUX,1945,,2.83,297880.0,Europe
2907,Luxembourg,LUX,1950,96.5,3.85,296580.0,Europe
2908,Luxembourg,LUX,1955,,4.65,305315.0,Europe
2909,Luxembourg,LUX,1960,,5.22,313888.0,Europe
2910,Luxembourg,LUX,1965,,6.19,329709.0,Europe
2911,Luxembourg,LUX,1970,,7.27,339337.0,Europe
2912,Luxembourg,LUX,1975,,8.21,353686.0,Europe
2913,Luxembourg,LUX,1980,,8.55,363711.0,Europe
2914,Luxembourg,LUX,1985,,8.83,366665.0,Europe
2915,Luxembourg,LUX,1990,,9.24,381707.0,Europe
2916,Luxembourg,LUX,1995,,9.57,408237.0,Europe
2917,Luxembourg,LUX,2000,,9.92,436142.0,Europe
2918,Luxembourg,LUX,2005,,10.59,465369.0,Europe
2919,Luxembourg,LUX,2010,,11.33,507418.0,Europe
2920,Luxembourg,LUX,2015,,11.41,569540.0,Europe
2921,Luxembourg,LUX,2020,,11.53,630597.0,Europe
2922,Macao,MAC,1950,57.5,,196669.0,Asia
2923,Macao,MAC,1981,90.38,,252516.0,Asia
2924,Macao,MAC,2001,91.3,,445121.0,Asia
2925,Macao,MAC,2006,93.5,,508752.0,Asia
2926,Macao,MAC,2011,95.64,,575644.0,Asia
2927,Macao,MAC,2015,,10.56,622185.0,Asia
2928,Macao,MAC,2016,96.54,,634317.0,Asia
2929,Macao,MAC,2020,,10.97,683069.0,Asia
2930,Madagascar,MDG,1950,32.5,,3956077.0,Africa
2931,Madagascar,MDG,2000,70.69,,16516336.0,Africa
2932,Madagascar,MDG,2012,71.57,,23462444.0,Africa
2933,Madagascar,MDG,2018,76.68,,27494930.0,Africa
2934,Madagascar,MDG,2021,74.69,,29691087.0,Africa
2935,Malawi,MWI,1870,,0.01,2135742.0,Africa
2936,Malawi,MWI,1875,,0.01,2123737.0,Africa
2937,Malawi,MWI,1880,,0.01,2114943.0,Africa
2938,Malawi,MWI,1885,,0.01,2130356.0,Africa
2939,Malawi,MWI,1890,,0.01,2142667.0,Africa
2940,Malawi,MWI,1895,,0.01,2110530.0,Africa
2941,Malawi,MWI,1900,,0.01,2067047.0,Africa
2942,Malawi,MWI,1905,,0.02,1993745.0,Africa
2943,Malawi,MWI,1910,,0.13,1922933.0,Africa
2944,Malawi,MWI,1915,,0.23,1883221.0,Africa
2945,Malawi,MWI,1920,,0.31,1868175.0,Africa
2946,Malawi,MWI,1925,,0.42,1990198.0,Africa
2947,Malawi,MWI,1930,,0.51,2142711.0,Africa
2948,Malawi,MWI,1935,,0.62,2298286.0,Africa
2949,Malawi,MWI,1940,,0.72,2469709.0,Africa
2950,Malawi,MWI,1945,,0.84,2693934.0,Africa
2951,Malawi,MWI,1950,7.5,0.98,2950299.0,Africa
2952,Malawi,MWI,1955,,1.06,3246543.0,Africa
2953,Malawi,MWI,1960,,1.12,3628136.0,Africa
2954,Malawi,MWI,1965,,1.3,4096158.0,Africa
2955,Malawi,MWI,1970,,1.63,4633949.0,Africa
2956,Malawi,MWI,1975,,1.96,5287371.0,Africa
2957,Malawi,MWI,1980,,2.5,6265529.0,Africa
2958,Malawi,MWI,1985,,2.96,7620509.0,Africa
2959,Malawi,MWI,1987,48.54,,8293173.0,Africa
2960,Malawi,MWI,1990,,3.14,9545860.0,Africa
2961,Malawi,MWI,1995,,3.3,10150122.0,Africa
2962,Malawi,MWI,1998,64.13,,10792877.0,Africa
2963,Malawi,MWI,2000,,3.73,11315947.0,Africa
2964,Malawi,MWI,2005,,4.67,12840034.0,Africa
2965,Malawi,MWI,2010,,5.01,14826466.0,Africa
2966,Malawi,MWI,2015,,4.86,17085587.0,Africa
2967,Malawi,MWI,2017,72.826675,,18039714.0,Africa
2968,Malawi,MWI,2018,76.72,,18528086.0,Africa
2969,Malawi,MWI,2020,70.15,5.41,19533885.0,Africa
2970,Malaysia,MYS,1870,,0.02,788448.0,Asia
2971,Malaysia,MYS,1875,,0.02,922684.0,Asia
2972,Malaysia,MYS,1880,,0.03,1088144.0,Asia
2973,Malaysia,MYS,1885,,0.04,1283228.0,Asia
2974,Malaysia,MYS,1890,,0.05,1513275.0,Asia
2975,Malaysia,MYS,1895,,0.06,1784802.0,Asia
2976,Malaysia,MYS,1900,,0.09,2094024.0,Asia
2977,Malaysia,MYS,1905,,0.22,2380595.0,Asia
2978,Malaysia,MYS,1910,,0.36,2684056.0,Asia
2979,Malaysia,MYS,1915,,0.5,2962236.0,Asia
2980,Malaysia,MYS,1920,,0.69,3274070.0,Asia
2981,Malaysia,MYS,1925,,1.01,3649643.0,Asia
2982,Malaysia,MYS,1930,,1.3,4069257.0,Asia
2983,Malaysia,MYS,1935,,1.53,4518371.0,Asia
2984,Malaysia,MYS,1940,,1.75,5001715.0,Asia
2985,Malaysia,MYS,1945,,1.96,5454871.0,Asia
2986,Malaysia,MYS,1950,37.5,2.21,6098285.0,Asia
2987,Malaysia,MYS,1955,,2.5,6959959.0,Asia
2988,Malaysia,MYS,1960,,2.99,7956201.0,Asia
2989,Malaysia,MYS,1965,,3.54,9056415.0,Asia
2990,Malaysia,MYS,1970,,4.41,10178802.0,Asia
2991,Malaysia,MYS,1975,,5.06,11471914.0,Asia
2992,Malaysia,MYS,1980,69.52,6.06,12983365.0,Asia
2993,Malaysia,MYS,1985,,7.03,15252262.0,Asia
2994,Malaysia,MYS,1990,,8.01,17833179.0,Asia
2995,Malaysia,MYS,1991,82.92,,18342474.0,Asia
2996,Malaysia,MYS,1995,,8.66,20330602.0,Asia
2997,Malaysia,MYS,2000,88.69,9.49,22967817.0,Asia
2998,Malaysia,MYS,2005,,10.16,25836075.0,Asia
2999,Malaysia,MYS,2010,93.12,10.89,28655772.0,Asia
3000,Malaysia,MYS,2015,,11.49,31232796.0,Asia
3001,Malaysia,MYS,2016,94.88,,31789692.0,Asia
3002,Malaysia,MYS,2017,95.08,,32355642.0,Asia
3003,Malaysia,MYS,2018,94.85,,32910963.0,Asia
3004,Malaysia,MYS,2019,94.97,,33440590.0,Asia
3005,Malaysia,MYS,2020,,11.96,33889554.0,Asia
3006,Malaysia,MYS,2022,95.77,,34695494.0,Asia
3007,Maldives,MDV,1950,72.5,,74461.0,Asia
3008,Maldives,MDV,1977,82.3,,151943.0,Asia
3009,Maldives,MDV,1985,92.23,,190182.0,Asia
3010,Maldives,MDV,1990,96.02,,224772.0,Asia
3011,Maldives,MDV,1995,96.33,,256660.0,Asia
3012,Maldives,MDV,2000,96.33,,282025.0,Asia
3013,Maldives,MDV,2006,98.4,,313866.0,Asia
3014,Maldives,MDV,2014,98.61,,413623.0,Asia
3015,Maldives,MDV,2015,,7.57,428165.0,Asia
3016,Maldives,MDV,2016,97.73,,443316.0,Asia
3017,Maldives,MDV,2017,94.51,,458297.0,Asia
3018,Maldives,MDV,2019,98.21,,487737.0,Asia
3019,Maldives,MDV,2020,,8.06,502127.0,Asia
3020,Mali,MLI,1870,,0.01,1756489.0,Africa
3021,Mali,MLI,1875,,0.01,1838378.0,Africa
3022,Mali,MLI,1880,,0.01,1925028.0,Africa
3023,Mali,MLI,1885,,0.01,2014424.0,Africa
3024,Mali,MLI,1890,,0.01,2107910.0,Africa
3025,Mali,MLI,1895,,0.01,2212767.0,Africa
3026,Mali,MLI,1900,,0.01,2331296.0,Africa
3027,Mali,MLI,1905,,0.01,2511024.0,Africa
3028,Mali,MLI,1910,,0.01,2707812.0,Africa
3029,Mali,MLI,1915,,0.01,2885805.0,Africa
3030,Mali,MLI,1920,,0.02,3040300.0,Africa
3031,Mali,MLI,1925,,0.03,3247810.0,Africa
3032,Mali,MLI,1930,,0.04,3479504.0,Africa
3033,Mali,MLI,1935,,0.1,3713779.0,Africa
3034,Mali,MLI,1940,,0.11,3971134.0,Africa
3035,Mali,MLI,1945,,0.13,4310414.0,Africa
3036,Mali,MLI,1950,,0.16,4696914.0,Africa
3037,Mali,MLI,1955,,0.18,5041937.0,Africa
3038,Mali,MLI,1960,,0.2,5402550.0,Africa
3039,Mali,MLI,1965,,0.26,5815483.0,Africa
3040,Mali,MLI,1970,,0.31,6276476.0,Africa
3041,Mali,MLI,1975,,0.46,6837265.0,Africa
3042,Mali,MLI,1976,9.43,,6960979.0,Africa
3043,Mali,MLI,1980,,0.65,7530522.0,Africa
3044,Mali,MLI,1985,,0.83,8374661.0,Africa
3045,Mali,MLI,1990,,0.95,9178826.0,Africa
3046,Mali,MLI,1995,,1.07,10185368.0,Africa
3047,Mali,MLI,1998,19.04,,10919577.0,Africa
3048,Mali,MLI,2000,,1.3,11559291.0,Africa
3049,Mali,MLI,2003,24.0,,12684951.0,Africa
3050,Mali,MLI,2005,,1.81,13538648.0,Africa
3051,Mali,MLI,2006,26.18,,13990143.0,Africa
3052,Mali,MLI,2010,31.1,2.14,15945201.0,Africa
3053,Mali,MLI,2011,30.62,,16469054.0,Africa
3054,Mali,MLI,2015,33.07,2.78,18593022.0,Africa
3055,Mali,MLI,2018,35.47,,20442031.0,Africa
3056,Mali,MLI,2020,,3.55,21713837.0,Africa
3057,Malta,MLT,1870,,0.31,177322.0,Europe
3058,Malta,MLT,1875,,0.37,181852.0,Europe
3059,Malta,MLT,1880,,0.44,186494.0,Europe
3060,Malta,MLT,1885,,0.52,191250.0,Europe
3061,Malta,MLT,1890,,0.62,196124.0,Europe
3062,Malta,MLT,1895,,0.73,201118.0,Europe
3063,Malta,MLT,1900,,1.15,206234.0,Europe
3064,Malta,MLT,1905,,1.4,211476.0,Europe
3065,Malta,MLT,1910,,1.5,215840.0,Europe
3066,Malta,MLT,1915,,1.76,213933.0,Europe
3067,Malta,MLT,1920,,1.98,212759.0,Europe
3068,Malta,MLT,1925,,2.17,219064.0,Europe
3069,Malta,MLT,1930,,2.29,227340.0,Europe
3070,Malta,MLT,1935,,2.55,239993.0,Europe
3071,Malta,MLT,1940,,2.81,254503.0,Europe
3072,Malta,MLT,1945,,3.09,273075.0,Europe
3073,Malta,MLT,1950,57.5,3.32,294685.0,Europe
3074,Malta,MLT,1955,,3.89,318149.0,Europe
3075,Malta,MLT,1960,,4.49,330832.0,Europe
3076,Malta,MLT,1965,,5.1,327407.0,Europe
3077,Malta,MLT,1970,,6.06,326017.0,Europe
3078,Malta,MLT,1975,,6.84,333458.0,Europe
3079,Malta,MLT,1980,,7.51,342882.0,Europe
3080,Malta,MLT,1985,86.93,8.38,352567.0,Europe
3081,Malta,MLT,1990,,9.19,367913.0,Europe
3082,Malta,MLT,1995,87.87,10.06,384559.0,Europe
3083,Malta,MLT,2000,,10.43,399905.0,Europe
3084,Malta,MLT,2005,92.36,10.6,413324.0,Europe
3085,Malta,MLT,2010,,11.06,422654.0,Europe
3086,Malta,MLT,2011,93.31,,424635.0,Europe
3087,Malta,MLT,2015,,11.53,444978.0,Europe
3088,Malta,MLT,2020,,12.09,518212.0,Europe
3089,Marshall Islands,MHL,2011,98.27,,51927.0,Oceania
3090,Marshall Islands,MHL,2019,98.18,,44030.0,Oceania
3091,Marshall Islands,MHL,2021,95.76293,,41387.0,Oceania
3092,Martinique,MTQ,1950,72.5,,232081.0,North America
3093,Martinique,MTQ,1982,92.8,,335051.0,North America
3094,Mauritania,MRT,2000,51.21,,2613450.0,Africa
3095,Mauritania,MRT,2013,62.07,,3734324.0,Africa
3096,Mauritania,MRT,2015,65.11,5.1,3965959.0,Africa
3097,Mauritania,MRT,2020,59.53,5.55,4600136.0,Africa
3098,Mauritius,MUS,1870,,0.19,338968.0,Africa
3099,Mauritius,MUS,1875,,0.23,354902.0,Africa
3100,Mauritius,MUS,1880,,0.3,371529.0,Africa
3101,Mauritius,MUS,1885,,0.38,380605.0,Africa
3102,Mauritius,MUS,1890,,0.48,387869.0,Africa
3103,Mauritius,MUS,1895,,0.6,390765.0,Africa
3104,Mauritius,MUS,1900,,1.07,392834.0,Africa
3105,Mauritius,MUS,1905,,1.28,394091.0,Africa
3106,Mauritius,MUS,1910,,1.48,395786.0,Africa
3107,Mauritius,MUS,1915,,1.63,401149.0,Africa
3108,Mauritius,MUS,1920,,1.78,406448.0,Africa
3109,Mauritius,MUS,1925,,1.93,414906.0,Africa
3110,Mauritius,MUS,1930,,2.09,424691.0,Africa
3111,Mauritius,MUS,1935,,2.27,437998.0,Africa
3112,Mauritius,MUS,1940,,2.32,454310.0,Africa
3113,Mauritius,MUS,1945,,2.39,484770.0,Africa
3114,Mauritius,MUS,1950,52.5,2.51,525560.0,Africa
3115,Mauritius,MUS,1955,,2.93,599593.0,Africa
3116,Mauritius,MUS,1960,,3.6,680332.0,Africa
3117,Mauritius,MUS,1965,,4.3,752668.0,Africa
3118,Mauritius,MUS,1970,,4.98,827700.0,Africa
3119,Mauritius,MUS,1975,,5.18,888031.0,Africa
3120,Mauritius,MUS,1980,,5.52,954221.0,Africa
3121,Mauritius,MUS,1985,,6.09,1025066.0,Africa
3122,Mauritius,MUS,1990,79.87,6.85,1089033.0,Africa
3123,Mauritius,MUS,1995,,7.07,1159824.0,Africa
3124,Mauritius,MUS,2000,84.3,7.07,1216632.0,Africa
3125,Mauritius,MUS,2005,,8.16,1257215.0,Africa
3126,Mauritius,MUS,2010,,9.44,1282710.0,Africa
3127,Mauritius,MUS,2011,89.25,,1286270.0,Africa
3128,Mauritius,MUS,2012,91.77,,1289174.0,Africa
3129,Mauritius,MUS,2013,91.49,,1290988.0,Africa
3130,Mauritius,MUS,2014,92.47,,1292006.0,Africa
3131,Mauritius,MUS,2015,92.71,9.9,1292283.0,Africa
3132,Mauritius,MUS,2016,93.16,,1291807.0,Africa
3133,Mauritius,MUS,2020,,10.4,1283231.0,Africa
3134,Mauritius,MUS,2021,92.98002,,1279628.0,Africa
3135,Mauritius,MUS,2023,94.28778,,1273591.0,Africa
3136,Mexico,MEX,1870,,0.38,9178007.0,North America
3137,Mexico,MEX,1875,,0.45,9682095.0,North America
3138,Mexico,MEX,1880,,0.54,10259540.0,North America
3139,Mexico,MEX,1885,,0.63,10871001.0,North America
3140,Mexico,MEX,1890,,0.71,11538689.0,North America
3141,Mexico,MEX,1895,,0.78,12379137.0,North America
3142,Mexico,MEX,1900,22.3,0.85,13261087.0,North America
3143,Mexico,MEX,1905,,1.08,13932988.0,North America
3144,Mexico,MEX,1910,27.7,1.33,14503032.0,North America
3145,Mexico,MEX,1915,,1.47,14511060.0,North America
3146,Mexico,MEX,1920,,1.47,14579605.0,North America
3147,Mexico,MEX,1921,33.8,,14701588.0,North America
3148,Mexico,MEX,1925,,1.6,15516188.0,North America
3149,Mexico,MEX,1930,38.5,1.7,16689077.0,North America
3150,Mexico,MEX,1935,,1.98,18154022.0,North America
3151,Mexico,MEX,1940,46.0,2.25,19982850.0,North America
3152,Mexico,MEX,1945,,2.24,23398651.0,North America
3153,Mexico,MEX,1950,62.5,2.2,27587941.0,North America
3154,Mexico,MEX,1955,,2.36,31650600.0,North America
3155,Mexico,MEX,1960,,2.55,36724614.0,North America
3156,Mexico,MEX,1965,,3.02,43174476.0,North America
3157,Mexico,MEX,1970,,3.48,50814958.0,North America
3158,Mexico,MEX,1975,,4.19,58982403.0,North America
3159,Mexico,MEX,1980,82.99,5.01,67300338.0,North America
3160,Mexico,MEX,1985,,5.9,75043415.0,North America
3161,Mexico,MEX,1990,87.56,6.68,82820170.0,North America
3162,Mexico,MEX,1995,,7.37,90862449.0,North America
3163,Mexico,MEX,2000,90.54,7.96,98625553.0,North America
3164,Mexico,MEX,2002,90.27,,101548627.0,North America
3165,Mexico,MEX,2004,90.95,,104394131.0,North America
3166,Mexico,MEX,2005,91.63,8.9,105811504.0,North America
3167,Mexico,MEX,2006,91.73,,107253666.0,North America
3168,Mexico,MEX,2007,92.8,,108774356.0,North America
3169,Mexico,MEX,2008,92.93,,110374286.0,North America
3170,Mexico,MEX,2009,93.44,,111999720.0,North America
3171,Mexico,MEX,2010,93.07,9.18,113623898.0,North America
3172,Mexico,MEX,2011,93.52,,115243503.0,North America
3173,Mexico,MEX,2012,94.23,,116818208.0,North America
3174,Mexico,MEX,2013,93.96,,118343572.0,North America
3175,Mexico,MEX,2014,94.56,,119784265.0,North America
3176,Mexico,MEX,2015,94.47,9.65,121072310.0,North America
3177,Mexico,MEX,2016,94.86,,122251344.0,North America
3178,Mexico,MEX,2017,94.97,,123400052.0,North America
3179,Mexico,MEX,2018,95.38,,124573713.0,North America
3180,Mexico,MEX,2019,95.38894,,125762978.0,North America
3181,Mexico,MEX,2020,95.25,10.18,126799053.0,North America
3182,Mexico,MEX,2021,95.689095,,127648151.0,North America
3183,Mexico,MEX,2022,95.12,,128613116.0,North America
3184,Mexico,MEX,2023,95.834694,,129739761.0,North America
3185,Moldova,MDA,1989,96.38,,4439386.0,Europe
3186,Moldova,MDA,2000,96.65,,4234969.0,Europe
3187,Moldova,MDA,2014,99.36,,3342715.0,Europe
3188,Moldova,MDA,2015,,10.8,3287168.0,Europe
3189,Moldova,MDA,2020,,10.84,3069135.0,Europe
3190,Monaco,MCO,1950,96.5,,19689.0,Europe
3191,Mongolia,MNG,1950,57.5,,781691.0,Asia
3192,Mongolia,MNG,2000,97.77,,2455182.0,Asia
3193,Mongolia,MNG,2010,98.26,,2701739.0,Asia
3194,Mongolia,MNG,2015,,9.77,2976528.0,Asia
3195,Mongolia,MNG,2018,96.9,,3167714.0,Asia
3196,Mongolia,MNG,2019,98.46,,3232118.0,Asia
3197,Mongolia,MNG,2020,99.18,10.0,3290786.0,Asia
3198,Mongolia,MNG,2021,99.214355,,3339676.0,Asia
3199,Mongolia,MNG,2022,98.73,,3386015.0,Asia
3200,Mongolia,MNG,2023,98.64,,3431938.0,Asia
3201,Montenegro,MNE,1981,89.64,,589916.0,Europe
3202,Montenegro,MNE,1991,93.46,,623564.0,Europe
3203,Montenegro,MNE,2003,97.77,,633563.0,Europe
3204,Montenegro,MNE,2011,98.44,,632689.0,Europe
3205,Montenegro,MNE,2018,98.53,,615798.0,Europe
3206,Morocco,MAR,1870,,0.01,3473255.0,Africa
3207,Morocco,MAR,1875,,0.01,3650097.0,Africa
3208,Morocco,MAR,1880,,0.01,3835941.0,Africa
3209,Morocco,MAR,1885,,0.01,4031247.0,Africa
3210,Morocco,MAR,1890,,0.01,4235595.0,Africa
3211,Morocco,MAR,1895,,0.01,4444420.0,Africa
3212,Morocco,MAR,1900,,0.01,4681030.0,Africa
3213,Morocco,MAR,1905,,0.01,5052737.0,Africa
3214,Morocco,MAR,1910,,0.01,5437479.0,Africa
3215,Morocco,MAR,1915,,0.04,5609795.0,Africa
3216,Morocco,MAR,1920,,0.07,5772593.0,Africa
3217,Morocco,MAR,1925,,0.1,6078012.0,Africa
3218,Morocco,MAR,1930,,0.16,6447923.0,Africa
3219,Morocco,MAR,1935,,0.19,7011899.0,Africa
3220,Morocco,MAR,1940,,0.22,7641938.0,Africa
3221,Morocco,MAR,1945,,0.26,8246076.0,Africa
3222,Morocco,MAR,1950,12.5,0.3,8935456.0,Africa
3223,Morocco,MAR,1955,,0.39,10158130.0,Africa
3224,Morocco,MAR,1960,,0.51,11624932.0,Africa
3225,Morocco,MAR,1965,,0.75,13239173.0,Africa
3226,Morocco,MAR,1970,,1.05,15129453.0,Africa
3227,Morocco,MAR,1975,,1.43,17150790.0,Africa
3228,Morocco,MAR,1980,,1.88,19459942.0,Africa
3229,Morocco,MAR,1982,30.26,,20520324.0,Africa
3230,Morocco,MAR,1985,,2.45,22113953.0,Africa
3231,Morocco,MAR,1990,,3.05,24375558.0,Africa
3232,Morocco,MAR,1994,41.59,,26000824.0,Africa
3233,Morocco,MAR,1995,,3.64,26399431.0,Africa
3234,Morocco,MAR,2000,,4.09,28423439.0,Africa
3235,Morocco,MAR,2004,52.31,,29953021.0,Africa
3236,Morocco,MAR,2005,,4.63,30358145.0,Africa
3237,Morocco,MAR,2008,55.15,,31606769.0,Africa
3238,Morocco,MAR,2009,56.08,,32030779.0,Africa
3239,Morocco,MAR,2010,,5.27,32467009.0,Africa
3240,Morocco,MAR,2011,67.08,,32912585.0,Africa
3241,Morocco,MAR,2012,69.16,,33355246.0,Africa
3242,Morocco,MAR,2014,64.26,,34204784.0,Africa
3243,Morocco,MAR,2015,,6.15,34607590.0,Africa
3244,Morocco,MAR,2020,,6.83,36584208.0,Africa
3245,Mozambique,MOZ,1870,,0.01,4612417.0,Africa
3246,Mozambique,MOZ,1875,,0.01,4546983.0,Africa
3247,Mozambique,MOZ,1880,,0.01,4487730.0,Africa
3248,Mozambique,MOZ,1885,,0.01,4479963.0,Africa
3249,Mozambique,MOZ,1890,,0.01,4466734.0,Africa
3250,Mozambique,MOZ,1895,,0.01,4369532.0,Africa
3251,Mozambique,MOZ,1900,,0.01,4251279.0,Africa
3252,Mozambique,MOZ,1905,,0.02,4073378.0,Africa
3253,Mozambique,MOZ,1910,,0.02,3902611.0,Africa
3254,Mozambique,MOZ,1915,,0.03,3796542.0,Africa
3255,Mozambique,MOZ,1920,,0.03,3756127.0,Africa
3256,Mozambique,MOZ,1925,,0.07,4001465.0,Africa
3257,Mozambique,MOZ,1930,,0.12,4308103.0,Africa
3258,Mozambique,MOZ,1935,,0.15,4620901.0,Africa
3259,Mozambique,MOZ,1940,,0.39,4965561.0,Africa
3260,Mozambique,MOZ,1945,,0.44,5416386.0,Africa
3261,Mozambique,MOZ,1950,3.0,0.52,5910234.0,Africa
3262,Mozambique,MOZ,1955,,0.7,6274475.0,Africa
3263,Mozambique,MOZ,1960,,0.88,6713698.0,Africa
3264,Mozambique,MOZ,1965,,1.06,7406419.0,Africa
3265,Mozambique,MOZ,1970,,1.06,8250504.0,Africa
3266,Mozambique,MOZ,1975,,1.0,9540822.0,Africa
3267,Mozambique,MOZ,1980,27.0,1.19,11336220.0,Africa
3268,Mozambique,MOZ,1985,,1.25,12548951.0,Africa
3269,Mozambique,MOZ,1990,,1.06,13094535.0,Africa
3270,Mozambique,MOZ,1995,,0.98,15960530.0,Africa
3271,Mozambique,MOZ,1997,38.71,,16949988.0,Africa
3272,Mozambique,MOZ,2000,,1.13,18129652.0,Africa
3273,Mozambique,MOZ,2003,48.16,,19392477.0,Africa
3274,Mozambique,MOZ,2005,,1.34,20304577.0,Africa
3275,Mozambique,MOZ,2009,50.58,,22391751.0,Africa
3276,Mozambique,MOZ,2010,,2.03,22999234.0,Africa
3277,Mozambique,MOZ,2015,56.04,3.31,26547576.0,Africa
3278,Mozambique,MOZ,2017,60.66,,28166397.0,Africa
3279,Mozambique,MOZ,2020,59.78,4.22,30783685.0,Africa
3280,Mozambique,MOZ,2022,61.665344,,32656242.0,Africa
3281,Myanmar,MMR,1870,,0.05,4089958.0,Asia
3282,Myanmar,MMR,1875,,0.07,3849453.0,Asia
3283,Myanmar,MMR,1880,,0.1,3772362.0,Asia
3284,Myanmar,MMR,1885,,0.16,5065282.0,Asia
3285,Myanmar,MMR,1890,,0.23,6940165.0,Asia
3286,Myanmar,MMR,1895,,0.29,8207634.0,Asia
3287,Myanmar,MMR,1900,,0.36,9411380.0,Asia
3288,Myanmar,MMR,1901,28.4,,9603751.0,Asia
3289,Myanmar,MMR,1905,,0.45,10208880.0,Asia
3290,Myanmar,MMR,1910,,0.53,10934246.0,Asia
3291,Myanmar,MMR,1911,29.4,,11048878.0,Asia
3292,Myanmar,MMR,1915,,0.83,11412080.0,Asia
3293,Myanmar,MMR,1920,,0.92,11923214.0,Asia
3294,Myanmar,MMR,1921,35.7,,12041462.0,Asia
3295,Myanmar,MMR,1925,,0.98,12544694.0,Asia
3296,Myanmar,MMR,1930,,1.09,13231889.0,Asia
3297,Myanmar,MMR,1931,40.2,,13393893.0,Asia
3298,Myanmar,MMR,1935,,1.16,14122063.0,Asia
3299,Myanmar,MMR,1940,,1.23,15124546.0,Asia
3300,Myanmar,MMR,1945,,1.2,16364542.0,Asia
3301,Myanmar,MMR,1950,57.5,1.17,17737123.0,Asia
3302,Myanmar,MMR,1955,,1.25,19550488.0,Asia
3303,Myanmar,MMR,1960,,1.27,21730255.0,Asia
3304,Myanmar,MMR,1965,,1.44,24279437.0,Asia
3305,Myanmar,MMR,1970,,1.52,27193015.0,Asia
3306,Myanmar,MMR,1975,,1.69,30176563.0,Asia
3307,Myanmar,MMR,1980,,2.34,33227204.0,Asia
3308,Myanmar,MMR,1983,78.57,,35162714.0,Asia
3309,Myanmar,MMR,1985,,2.87,36622832.0,Asia
3310,Myanmar,MMR,1990,,2.99,39817253.0,Asia
3311,Myanmar,MMR,1995,,3.4,42605343.0,Asia
3312,Myanmar,MMR,2000,89.94,3.89,45290850.0,Asia
3313,Myanmar,MMR,2005,,4.45,47438362.0,Asia
3314,Myanmar,MMR,2010,,5.11,49024376.0,Asia
3315,Myanmar,MMR,2014,90.36,,50681635.0,Asia
3316,Myanmar,MMR,2015,,5.9,51089060.0,Asia
3317,Myanmar,MMR,2016,84.78,,51495701.0,Asia
3318,Myanmar,MMR,2018,95.814285,,52272250.0,Asia
3319,Myanmar,MMR,2019,89.07,,52640718.0,Asia
3320,Myanmar,MMR,2020,93.5274,6.48,53016525.0,Asia
3321,Namibia,NAM,1991,75.82,,1415689.0,Africa
3322,Namibia,NAM,2001,84.94,,1857059.0,Africa
3323,Namibia,NAM,2011,88.27,,2146331.0,Africa
3324,Namibia,NAM,2015,,6.64,2374305.0,Africa
3325,Namibia,NAM,2016,88.1305,,2439219.0,Africa
3326,Namibia,NAM,2018,88.28324,,2577327.0,Africa
3327,Namibia,NAM,2020,,6.88,2728760.0,Africa
3328,Namibia,NAM,2023,87.64,,2963102.0,Africa
3329,Nauru,NRU,1950,72.5,,3424.0,Oceania
3330,Nauru,NRU,2021,94.63379,,11727.0,Oceania
3331,Nauru,NRU,2023,96.59,,11900.0,Oceania
3332,Nepal,NPL,1870,,0.01,4636798.0,Asia
3333,Nepal,NPL,1875,,0.01,4734287.0,Asia
3334,Nepal,NPL,1880,,0.01,4837147.0,Asia
3335,Nepal,NPL,1885,,0.01,4942181.0,Asia
3336,Nepal,NPL,1890,,0.01,5039496.0,Asia
3337,Nepal,NPL,1895,,0.01,5075388.0,Asia
3338,Nepal,NPL,1900,,0.01,5116267.0,Asia
3339,Nepal,NPL,1905,,0.01,5252063.0,Asia
3340,Nepal,NPL,1910,,0.01,5384368.0,Asia
3341,Nepal,NPL,1915,,0.01,5377823.0,Asia
3342,Nepal,NPL,1920,,0.07,5360778.0,Asia
3343,Nepal,NPL,1925,,0.08,5351485.0,Asia
3344,Nepal,NPL,1930,,0.08,5343320.0,Asia
3345,Nepal,NPL,1935,,0.09,5342207.0,Asia
3346,Nepal,NPL,1940,,0.09,5500086.0,Asia
3347,Nepal,NPL,1945,,0.11,6783863.0,Asia
3348,Nepal,NPL,1950,3.0,0.11,8396610.0,Asia
3349,Nepal,NPL,1955,,0.12,9257985.0,Asia
3350,Nepal,NPL,1960,,0.14,10123664.0,Asia
3351,Nepal,NPL,1965,,0.28,11173411.0,Asia
3352,Nepal,NPL,1970,,0.52,12436191.0,Asia
3353,Nepal,NPL,1975,,0.75,13870692.0,Asia
3354,Nepal,NPL,1980,,1.04,15553106.0,Asia
3355,Nepal,NPL,1981,20.57,,15922422.0,Asia
3356,Nepal,NPL,1985,,1.86,17477694.0,Asia
3357,Nepal,NPL,1990,,2.58,19524579.0,Asia
3358,Nepal,NPL,1991,32.98,,20036507.0,Asia
3359,Nepal,NPL,1995,,2.76,22245443.0,Asia
3360,Nepal,NPL,2000,,3.13,24546509.0,Asia
3361,Nepal,NPL,2001,48.61,,24946755.0,Asia
3362,Nepal,NPL,2005,,3.74,26309462.0,Asia
3363,Nepal,NPL,2008,55.560074,,26990036.0,Asia
3364,Nepal,NPL,2010,,4.44,27341955.0,Asia
3365,Nepal,NPL,2011,59.63,,27464499.0,Asia
3366,Nepal,NPL,2015,,5.44,27823631.0,Asia
3367,Nepal,NPL,2016,65.5,,27955471.0,Asia
3368,Nepal,NPL,2017,66.865395,,28011258.0,Asia
3369,Nepal,NPL,2019,68.71,,28414066.0,Asia
3370,Nepal,NPL,2020,,6.19,28966580.0,Asia
3371,Netherlands,NLD,1475,17.0,,1086367.0,Europe
3372,Netherlands,NLD,1550,12.0,,1543183.0,Europe
3373,Netherlands,NLD,1650,53.0,,2000000.0,Europe
3374,Netherlands,NLD,1750,85.0,,2163333.0,Europe
3375,Netherlands,NLD,1870,,2.94,3614507.0,Europe
3376,Netherlands,NLD,1875,,3.01,3818059.0,Europe
3377,Netherlands,NLD,1880,,3.11,4040346.0,Europe
3378,Netherlands,NLD,1885,,3.2,4278108.0,Europe
3379,Netherlands,NLD,1890,,3.28,4533266.0,Europe
3380,Netherlands,NLD,1895,,3.37,4823360.0,Europe
3381,Netherlands,NLD,1900,,3.46,5140189.0,Europe
3382,Netherlands,NLD,1905,,3.63,5510433.0,Europe
3383,Netherlands,NLD,1910,,3.8,5914229.0,Europe
3384,Netherlands,NLD,1915,,3.99,6357392.0,Europe
3385,Netherlands,NLD,1920,,4.16,6834137.0,Europe
3386,Netherlands,NLD,1925,,4.35,7334781.0,Europe
3387,Netherlands,NLD,1930,,4.5,7859443.0,Europe
3388,Netherlands,NLD,1935,,4.73,8351461.0,Europe
3389,Netherlands,NLD,1940,,4.95,8868956.0,Europe
3390,Netherlands,NLD,1945,,5.14,9459164.0,Europe
3391,Netherlands,NLD,1950,98.5,6.14,10113759.0,Europe
3392,Netherlands,NLD,1955,,6.2,10751231.0,Europe
3393,Netherlands,NLD,1960,,6.25,11486909.0,Europe
3394,Netherlands,NLD,1965,,7.49,12301136.0,Europe
3395,Netherlands,NLD,1970,,8.48,13052082.0,Europe
3396,Netherlands,NLD,1975,,9.28,13680033.0,Europe
3397,Netherlands,NLD,1980,,9.87,14162686.0,Europe
3398,Netherlands,NLD,1985,,10.22,14538958.0,Europe
3399,Netherlands,NLD,1990,,10.59,15030886.0,Europe
3400,Netherlands,NLD,1995,,10.88,15565034.0,Europe
3401,Netherlands,NLD,2000,,11.14,16058757.0,Europe
3402,Netherlands,NLD,2005,,11.15,16465707.0,Europe
3403,Netherlands,NLD,2010,,11.71,16771232.0,Europe
3404,Netherlands,NLD,2015,,11.74,17107429.0,Europe
3405,Netherlands,NLD,2020,,11.82,17636732.0,Europe
3406,Netherlands Antilles,ANT,1950,72.5,,110189.0,North America
3407,New Caledonia,NCL,1950,37.5,,63807.0,Oceania
3408,New Caledonia,NCL,1976,91.3,,142105.0,Oceania
3409,New Caledonia,NCL,1989,93.08,,172043.0,Oceania
3410,New Caledonia,NCL,1996,96.14,,205048.0,Oceania
3411,New Zealand,NZL,1870,,3.58,288500.0,Oceania
3412,New Zealand,NZL,1875,,3.47,389958.0,Oceania
3413,New Zealand,NZL,1880,,3.62,510014.0,Oceania
3414,New Zealand,NZL,1885,,3.86,587658.0,Oceania
3415,New Zealand,NZL,1890,,4.12,662272.0,Oceania
3416,New Zealand,NZL,1895,,4.35,731648.0,Oceania
3417,New Zealand,NZL,1900,,4.5,809099.0,Oceania
3418,New Zealand,NZL,1905,,4.68,917106.0,Oceania
3419,New Zealand,NZL,1910,,5.04,1037814.0,Oceania
3420,New Zealand,NZL,1915,,5.48,1136447.0,Oceania
3421,New Zealand,NZL,1920,,5.87,1239349.0,Oceania
3422,New Zealand,NZL,1925,,6.31,1358344.0,Oceania
3423,New Zealand,NZL,1930,,6.84,1481347.0,Oceania
3424,New Zealand,NZL,1935,,7.57,1559205.0,Oceania
3425,New Zealand,NZL,1940,,7.95,1638415.0,Oceania
3426,New Zealand,NZL,1945,,8.31,1763050.0,Oceania
3427,New Zealand,NZL,1950,98.5,9.34,1911265.0,Oceania
3428,New Zealand,NZL,1955,,9.67,2139674.0,Oceania
3429,New Zealand,NZL,1960,,10.12,2379482.0,Oceania
3430,New Zealand,NZL,1965,,10.18,2636493.0,Oceania
3431,New Zealand,NZL,1970,,11.17,2822184.0,Oceania
3432,New Zealand,NZL,1975,,12.03,3094039.0,Oceania
3433,New Zealand,NZL,1980,,11.81,3146325.0,Oceania
3434,New Zealand,NZL,1985,,11.81,3268030.0,Oceania
3435,New Zealand,NZL,1990,,11.69,3396981.0,Oceania
3436,New Zealand,NZL,1995,,11.81,3674434.0,Oceania
3437,New Zealand,NZL,2000,,11.98,3857576.0,Oceania
3438,New Zealand,NZL,2005,,12.0,4135002.0,Oceania
3439,New Zealand,NZL,2010,,11.12,4347766.0,Oceania
3440,New Zealand,NZL,2015,,10.91,4614035.0,Oceania
3441,New Zealand,NZL,2020,,10.81,5069895.0,Oceania
3442,Nicaragua,NIC,1870,,0.16,359284.0,North America
3443,Nicaragua,NIC,1875,,0.2,385092.0,North America
3444,Nicaragua,NIC,1880,,0.25,414091.0,North America
3445,Nicaragua,NIC,1885,,0.31,445183.0,North America
3446,Nicaragua,NIC,1890,,0.38,478516.0,North America
3447,Nicaragua,NIC,1895,,0.46,514246.0,North America
3448,Nicaragua,NIC,1900,,0.86,553531.0,North America
3449,Nicaragua,NIC,1905,,1.01,602367.0,North America
3450,Nicaragua,NIC,1910,,1.09,656534.0,North America
3451,Nicaragua,NIC,1915,,1.17,715547.0,North America
3452,Nicaragua,NIC,1920,,1.28,769730.0,North America
3453,Nicaragua,NIC,1925,,1.41,797440.0,North America
3454,Nicaragua,NIC,1930,,1.48,828973.0,North America
3455,Nicaragua,NIC,1935,,1.5,908456.0,North America
3456,Nicaragua,NIC,1940,,1.52,1008702.0,North America
3457,Nicaragua,NIC,1945,,1.54,1154785.0,North America
3458,Nicaragua,NIC,1950,37.5,1.54,1331445.0,North America
3459,Nicaragua,NIC,1955,,1.83,1536247.0,North America
3460,Nicaragua,NIC,1960,,2.19,1782371.0,North America
3461,Nicaragua,NIC,1965,,2.61,2072687.0,North America
3462,Nicaragua,NIC,1970,,3.07,2423065.0,North America
3463,Nicaragua,NIC,1975,,3.38,2816947.0,North America
3464,Nicaragua,NIC,1980,,3.84,3252404.0,North America
3465,Nicaragua,NIC,1985,,4.21,3706480.0,North America
3466,Nicaragua,NIC,1990,,4.64,4162566.0,North America
3467,Nicaragua,NIC,1995,,5.19,4642933.0,North America
3468,Nicaragua,NIC,2000,,5.7,5022636.0,North America
3469,Nicaragua,NIC,2001,76.68,,5087827.0,North America
3470,Nicaragua,NIC,2005,78.0,6.28,5342108.0,North America
3471,Nicaragua,NIC,2010,,6.82,5737451.0,North America
3472,Nicaragua,NIC,2012,85.61057,,5901290.0,North America
3473,Nicaragua,NIC,2014,87.32718,,6066493.0,North America
3474,Nicaragua,NIC,2015,,7.25,6149417.0,North America
3475,Nicaragua,NIC,2020,,7.76,6565267.0,North America
3476,Niger,NER,1870,,0.01,1095798.0,Africa
3477,Niger,NER,1875,,0.01,1129354.0,Africa
3478,Niger,NER,1880,,0.01,1164495.0,Africa
3479,Niger,NER,1885,,0.01,1200593.0,Africa
3480,Niger,NER,1890,,0.01,1237673.0,Africa
3481,Niger,NER,1895,,0.01,1275761.0,Africa
3482,Niger,NER,1900,,0.01,1320431.0,Africa
3483,Niger,NER,1905,,0.01,1403107.0,Africa
3484,Niger,NER,1910,,0.01,1494234.0,Africa
3485,Niger,NER,1915,,0.01,1573259.0,Africa
3486,Niger,NER,1920,,0.07,1649641.0,Africa
3487,Niger,NER,1925,,0.12,1762234.0,Africa
3488,Niger,NER,1930,,0.16,1887949.0,Africa
3489,Niger,NER,1935,,0.24,2015064.0,Africa
3490,Niger,NER,1940,,0.27,2154703.0,Africa
3491,Niger,NER,1945,,0.3,2338794.0,Africa
3492,Niger,NER,1950,,0.33,2597818.0,Africa
3493,Niger,NER,1955,,0.35,3035284.0,Africa
3494,Niger,NER,1960,,0.38,3505056.0,Africa
3495,Niger,NER,1965,,0.4,4049700.0,Africa
3496,Niger,NER,1970,,0.45,4650272.0,Africa
3497,Niger,NER,1975,,0.53,5317022.0,Africa
3498,Niger,NER,1980,,0.67,6135968.0,Africa
3499,Niger,NER,1985,,0.85,7118457.0,Africa
3500,Niger,NER,1990,,1.08,8286066.0,Africa
3501,Niger,NER,1995,,1.28,9714537.0,Africa
3502,Niger,NER,2000,,1.43,11509634.0,Africa
3503,Niger,NER,2001,14.38,,11920648.0,Africa
3504,Niger,NER,2005,28.67,1.62,13756192.0,Africa
3505,Niger,NER,2010,,1.95,16548833.0,Africa
3506,Niger,NER,2012,30.56,,17836770.0,Africa
3507,Niger,NER,2014,29.043707,,19215917.0,Africa
3508,Niger,NER,2015,,2.44,19939496.0,Africa
3509,Niger,NER,2018,33.05,,22188074.0,Africa
3510,Niger,NER,2020,,3.04,23717615.0,Africa
3511,Niger,NER,2022,35.61,,25311978.0,Africa
3512,Nigeria,NGA,1950,12.5,,37283019.0,Africa
3513,Nigeria,NGA,1991,55.45,,99720161.0,Africa
3514,Nigeria,NGA,2003,54.77,,137202646.0,Africa
3515,Nigeria,NGA,2006,70.2,,149077335.0,Africa
3516,Nigeria,NGA,2016,58.22,,195443698.0,Africa
3517,Nigeria,NGA,2021,63.16,,218529286.0,Africa
3518,Niue,NIU,1950,92.5,,4519.0,Oceania
3519,Niue,NIU,2017,96.27151,,1803.0,Oceania
3520,Niue,NIU,2022,99.071495,,1844.0,Oceania
3521,Norfolk Island,NFK,1950,87.5,,,Oceania
3522,North America,OWID_NAM,1870,,3.1278112,60513811.0,
3523,North America,OWID_NAM,1875,,3.4040174,66473510.0,
3524,North America,OWID_NAM,1880,,3.692345,73115785.0,
3525,North America,OWID_NAM,1885,,3.9573724,80404307.0,
3526,North America,OWID_NAM,1890,,4.296774,88308229.0,
3527,North America,OWID_NAM,1895,,4.6304483,96004933.0,
3528,North America,OWID_NAM,1900,,5.053666,104337584.0,
3529,North America,OWID_NAM,1905,,5.3952208,114133852.0,
3530,North America,OWID_NAM,1910,,5.5218935,124592192.0,
3531,North America,OWID_NAM,1915,,5.7553234,133287590.0,
3532,North America,OWID_NAM,1920,,5.98306,142526443.0,
3533,North America,OWID_NAM,1925,,6.2986856,153498078.0,
3534,North America,OWID_NAM,1930,,6.591194,164924575.0,
3535,North America,OWID_NAM,1935,,6.941778,173493832.0,
3536,North America,OWID_NAM,1940,,7.1887546,182823179.0,
3537,North America,OWID_NAM,1945,,7.319295,198431553.0,
3538,North America,OWID_NAM,1950,,7.125827,222818942.0,
3539,North America,OWID_NAM,1955,,7.4090323,244056556.0,
3540,North America,OWID_NAM,1960,,7.7720666,269079991.0,
3541,North America,OWID_NAM,1965,,8.32887,297056448.0,
3542,North America,OWID_NAM,1970,,8.813773,323225990.0,
3543,North America,OWID_NAM,1975,,9.3201685,349224556.0,
3544,North America,OWID_NAM,1980,,9.833687,374396450.0,
3545,North America,OWID_NAM,1985,,10.047129,400471527.0,
3546,North America,OWID_NAM,1990,,10.354489,427527970.0,
3547,North America,OWID_NAM,1995,,10.70915,457858573.0,
3548,North America,OWID_NAM,2000,,11.041485,485805117.0,
3549,North America,OWID_NAM,2005,,11.279681,513798980.0,
3550,North America,OWID_NAM,2010,,11.529182,543593308.0,
3551,North America,OWID_NAM,2015,,11.672196,572637322.0,
3552,North America,OWID_NAM,2020,,11.858304,598250669.0,
3553,North America (WB),WB_NA,2003,98.62,,,
3554,North America (WB),WB_NA,2004,98.63,,,
3555,North America (WB),WB_NA,2005,98.64,,,
3556,North America (WB),WB_NA,2006,98.66,,,
3557,North America (WB),WB_NA,2007,98.67,,,
3558,North America (WB),WB_NA,2008,98.69,,,
3559,North America (WB),WB_NA,2017,98.75,,,
3560,North America (WB),WB_NA,2018,98.76,,,
3561,North America (WB),WB_NA,2019,98.76,,,
3562,North America (WB),WB_NA,2020,98.77,,,
3563,North America (WB),WB_NA,2021,98.79,,,
3564,North America (WB),WB_NA,2022,98.79,,,
3565,North Korea,PRK,2008,100.0,,24764620.0,Asia
3566,North Macedonia,MKD,1994,94.06,,1992669.0,Europe
3567,North Macedonia,MKD,2002,96.13,,2074482.0,Europe
3568,Northern Africa and Western Asia (SDG),,1977,55.94,,,
3569,Northern Africa and Western Asia (SDG),,1978,56.46,,,
3570,Northern Africa and Western Asia (SDG),,1979,56.8,,,
3571,Northern Africa and Western Asia (SDG),,1980,57.37,,,
3572,Northern Africa and Western Asia (SDG),,1981,57.96,,,
3573,Northern Africa and Western Asia (SDG),,1982,58.67,,,
3574,Northern Africa and Western Asia (SDG),,1983,58.96,,,
3575,Northern Africa and Western Asia (SDG),,1984,60.92,,,
3576,Northern Africa and Western Asia (SDG),,1985,61.62,,,
3577,Northern Africa and Western Asia (SDG),,1986,62.32,,,
3578,Northern Africa and Western Asia (SDG),,1987,63.01,,,
3579,Northern Africa and Western Asia (SDG),,1988,63.83,,,
3580,Northern Africa and Western Asia (SDG),,1989,64.5,,,
3581,Northern Africa and Western Asia (SDG),,1990,65.34,,,
3582,Northern Africa and Western Asia (SDG),,1991,66.0,,,
3583,Northern Africa and Western Asia (SDG),,1992,66.63,,,
3584,Northern Africa and Western Asia (SDG),,1993,67.07,,,
3585,Northern Africa and Western Asia (SDG),,1994,67.63,,,
3586,Northern Africa and Western Asia (SDG),,1995,68.22,,,
3587,Northern Africa and Western Asia (SDG),,1996,68.93,,,
3588,Northern Africa and Western Asia (SDG),,1997,69.65,,,
3589,Northern Africa and Western Asia (SDG),,1998,70.44,,,
3590,Northern Africa and Western Asia (SDG),,1999,71.15,,,
3591,Northern Africa and Western Asia (SDG),,2000,71.91,,,
3592,Northern Africa and Western Asia (SDG),,2001,72.78,,,
3593,Northern Africa and Western Asia (SDG),,2002,73.6,,,
3594,Northern Africa and Western Asia (SDG),,2003,75.71,,,
3595,Northern Africa and Western Asia (SDG),,2004,76.4,,,
3596,Northern Africa and Western Asia (SDG),,2005,77.0,,,
3597,Northern Africa and Western Asia (SDG),,2006,75.17,,,
3598,Northern Africa and Western Asia (SDG),,2007,75.85,,,
3599,Northern Africa and Western Asia (SDG),,2008,76.52,,,
3600,Northern Africa and Western Asia (SDG),,2009,77.72,,,
3601,Northern Africa and Western Asia (SDG),,2010,78.49,,,
3602,Northern Africa and Western Asia (SDG),,2011,80.07,,,
3603,Northern Africa and Western Asia (SDG),,2012,80.78,,,
3604,Northern Africa and Western Asia (SDG),,2013,81.64,,,
3605,Northern Africa and Western Asia (SDG),,2014,81.71,,,
3606,Northern Africa and Western Asia (SDG),,2015,82.37,,,
3607,Northern Africa and Western Asia (SDG),,2016,81.4,,,
3608,Northern Africa and Western Asia (SDG),,2017,81.93,,,
3609,Northern Africa and Western Asia (SDG),,2018,82.18,,,
3610,Northern Africa and Western Asia (SDG),,2019,82.42,,,
3611,Northern Africa and Western Asia (SDG),,2020,82.71,,,
3612,Northern Africa and Western Asia (SDG),,2021,82.93,,,
3613,Northern Africa and Western Asia (SDG),,2022,83.23,,,
3614,Northern Africa and Western Asia (SDG),,2023,83.44,,,
3615,Norway,NOR,1870,,4.2,1739532.0,Europe
3616,Norway,NOR,1875,,4.44,1828260.0,Europe
3617,Norway,NOR,1880,,4.66,1916359.0,Europe
3618,Norway,NOR,1885,,4.89,1962737.0,Europe
3619,Norway,NOR,1890,,5.1,2011552.0,Europe
3620,Norway,NOR,1895,,5.4,2117605.0,Europe
3621,Norway,NOR,1900,,5.7,2232623.0,Europe
3622,Norway,NOR,1905,,6.06,2315246.0,Europe
3623,Norway,NOR,1910,,6.36,2399597.0,Europe
3624,Norway,NOR,1915,,6.62,2518725.0,Europe
3625,Norway,NOR,1920,,6.54,2642453.0,Europe
3626,Norway,NOR,1925,,6.75,2733298.0,Europe
3627,Norway,NOR,1930,,6.91,2820108.0,Europe
3628,Norway,NOR,1935,,7.04,2903294.0,Europe
3629,Norway,NOR,1940,,7.19,2994493.0,Europe
3630,Norway,NOR,1945,,7.34,3131436.0,Europe
3631,Norway,NOR,1950,98.5,7.43,3265199.0,Europe
3632,Norway,NOR,1955,,7.45,3428532.0,Europe
3633,Norway,NOR,1960,,7.53,3581119.0,Europe
3634,Norway,NOR,1965,,7.96,3723173.0,Europe
3635,Norway,NOR,1970,,8.47,3875351.0,Europe
3636,Norway,NOR,1975,,8.77,4007368.0,Europe
3637,Norway,NOR,1980,,9.32,4085603.0,Europe
3638,Norway,NOR,1985,,10.16,4152399.0,Europe
3639,Norway,NOR,1990,,10.79,4241440.0,Europe
3640,Norway,NOR,1995,,11.31,4358991.0,Europe
3641,Norway,NOR,2000,,11.56,4490864.0,Europe
3642,Norway,NOR,2005,,11.91,4623120.0,Europe
3643,Norway,NOR,2010,,11.65,4889160.0,Europe
3644,Norway,NOR,2015,,12.11,5189777.0,Europe
3645,Norway,NOR,2020,,12.08,5379275.0,Europe
3646,Oceania,OWID_OCE,2015,,10.736295,40615015.0,
3647,Oceania,OWID_OCE,2020,,10.736105,44079305.0,
3648,Oceania (excluding Australia and New Zealand) (SDG),,1994,63.55,,,
3649,Oceania (excluding Australia and New Zealand) (SDG),,1995,63.46,,,
3650,Oceania (excluding Australia and New Zealand) (SDG),,1996,63.88,,,
3651,Oceania (excluding Australia and New Zealand) (SDG),,1997,64.28,,,
3652,Oceania (excluding Australia and New Zealand) (SDG),,1998,64.68,,,
3653,Oceania (excluding Australia and New Zealand) (SDG),,1999,64.98,,,
3654,Oceania (excluding Australia and New Zealand) (SDG),,2000,65.16,,,
3655,Oceania (excluding Australia and New Zealand) (SDG),,2001,65.5,,,
3656,Oceania (excluding Australia and New Zealand) (SDG),,2002,65.82,,,
3657,Oceania (excluding Australia and New Zealand) (SDG),,2003,66.13,,,
3658,Oceania (excluding Australia and New Zealand) (SDG),,2004,66.43,,,
3659,Oceania (excluding Australia and New Zealand) (SDG),,2005,66.72,,,
3660,Oceania (excluding Australia and New Zealand) (SDG),,2006,66.99,,,
3661,Oceania (excluding Australia and New Zealand) (SDG),,2007,67.25,,,
3662,Oceania (excluding Australia and New Zealand) (SDG),,2008,67.51,,,
3663,Oceania (excluding Australia and New Zealand) (SDG),,2009,67.75,,,
3664,Oceania (excluding Australia and New Zealand) (SDG),,2010,67.98,,,
3665,Oceania (excluding Australia and New Zealand) (SDG),,2011,67.88,,,
3666,Oceania (excluding Australia and New Zealand) (SDG),,2012,67.78,,,
3667,Oceania (excluding Australia and New Zealand) (SDG),,2013,67.69,,,
3668,Oceania (excluding Australia and New Zealand) (SDG),,2017,67.12,,,
3669,Oceania (excluding Australia and New Zealand) (SDG),,2018,67.01,,,
3670,Oceania (excluding Australia and New Zealand) (SDG),,2019,66.9,,,
3671,Oceania (excluding Australia and New Zealand) (SDG),,2020,66.78,,,
3672,Oceania (excluding Australia and New Zealand) (SDG),,2021,66.73,,,
3673,Oman,OMN,1950,3.0,,456997.0,Asia
3674,Oman,OMN,2003,66.1,,2363801.0,Asia
3675,Oman,OMN,2008,86.62,,2626536.0,Asia
3676,Oman,OMN,2010,86.94,,2757450.0,Asia
3677,Oman,OMN,2015,93.04,,4184898.0,Asia
3678,Oman,OMN,2017,95.58,,4537397.0,Asia
3679,Oman,OMN,2018,95.65,,4597878.0,Asia
3680,Oman,OMN,2020,96.9,,4522502.0,Asia
3681,Oman,OMN,2022,97.34,,4730229.0,Asia
3682,Pakistan,PAK,1870,,0.01,15878377.0,Asia
3683,Pakistan,PAK,1875,,0.01,16236174.0,Asia
3684,Pakistan,PAK,1880,,0.01,16623174.0,Asia
3685,Pakistan,PAK,1885,,0.01,17019166.0,Asia
3686,Pakistan,PAK,1890,,0.01,17424352.0,Asia
3687,Pakistan,PAK,1895,,0.01,17838938.0,Asia
3688,Pakistan,PAK,1900,,0.02,18263133.0,Asia
3689,Pakistan,PAK,1905,,0.13,18697153.0,Asia
3690,Pakistan,PAK,1910,,0.25,19230643.0,Asia
3691,Pakistan,PAK,1915,,0.34,20364235.0,Asia
3692,Pakistan,PAK,1920,,0.54,21780196.0,Asia
3693,Pakistan,PAK,1925,,0.61,23790470.0,Asia
3694,Pakistan,PAK,1930,,0.68,26064359.0,Asia
3695,Pakistan,PAK,1935,,0.74,28555586.0,Asia
3696,Pakistan,PAK,1940,,0.81,31284924.0,Asia
3697,Pakistan,PAK,1945,,0.89,34275132.0,Asia
3698,Pakistan,PAK,1950,17.5,1.0,35849256.0,Asia
3699,Pakistan,PAK,1955,,1.02,40098068.0,Asia
3700,Pakistan,PAK,1960,,1.18,45709314.0,Asia
3701,Pakistan,PAK,1965,,1.42,52209015.0,Asia
3702,Pakistan,PAK,1970,,1.63,60166721.0,Asia
3703,Pakistan,PAK,1975,,1.95,69461179.0,Asia
3704,Pakistan,PAK,1980,,2.24,82291008.0,Asia
3705,Pakistan,PAK,1981,25.73,,85802048.0,Asia
3706,Pakistan,PAK,1985,,2.62,98229291.0,Asia
3707,Pakistan,PAK,1990,,3.05,116155584.0,Asia
3708,Pakistan,PAK,1995,,3.52,134582255.0,Asia
3709,Pakistan,PAK,1998,42.7,,146522354.0,Asia
3710,Pakistan,PAK,2000,,4.04,154879124.0,Asia
3711,Pakistan,PAK,2005,49.87,5.05,175453212.0,Asia
3712,Pakistan,PAK,2006,54.15,,179682690.0,Asia
3713,Pakistan,PAK,2007,52.14,,184493231.0,Asia
3714,Pakistan,PAK,2008,55.53,,189499112.0,Asia
3715,Pakistan,PAK,2009,54.89,,194376535.0,Asia
3716,Pakistan,PAK,2010,55.38,5.22,199239048.0,Asia
3717,Pakistan,PAK,2011,54.74,,203746069.0,Asia
3718,Pakistan,PAK,2012,56.76,,207667129.0,Asia
3719,Pakistan,PAK,2013,55.59,,211073979.0,Asia
3720,Pakistan,PAK,2014,56.98,,214264649.0,Asia
3721,Pakistan,PAK,2015,,5.89,217290884.0,Asia
3722,Pakistan,PAK,2017,59.13,,223273974.0,Asia
3723,Pakistan,PAK,2018,57.01,,226928893.0,Asia
3724,Pakistan,PAK,2019,58.0,,230800908.0,Asia
3725,Pakistan,PAK,2020,,6.41,235001745.0,Asia
3726,Pakistan,PAK,2021,58.86,,239477805.0,Asia
3727,Palau,PLW,1980,91.92,,12296.0,Oceania
3728,Palau,PLW,2013,99.5,,17670.0,Oceania
3729,Palau,PLW,2015,96.59,,17791.0,Oceania
3730,Palau,PLW,2020,99.84481,,17817.0,Oceania
3731,Palestine,PSE,1997,86.08,,2859581.0,Asia
3732,Palestine,PSE,2004,92.48,,3475178.0,Asia
3733,Palestine,PSE,2006,93.45,,3645096.0,Asia
3734,Palestine,PSE,2007,93.76,,3736694.0,Asia
3735,Palestine,PSE,2008,94.01,,3829039.0,Asia
3736,Palestine,PSE,2009,94.43,,3921245.0,Asia
3737,Palestine,PSE,2010,94.72,,4016918.0,Asia
3738,Palestine,PSE,2011,95.03,,4115912.0,Asia
3739,Palestine,PSE,2012,95.67,,4215318.0,Asia
3740,Palestine,PSE,2013,96.05,,4315263.0,Asia
3741,Palestine,PSE,2014,96.21,,4415887.0,Asia
3742,Palestine,PSE,2015,96.48,,4521564.0,Asia
3743,Palestine,PSE,2016,96.72,,4632743.0,Asia
3744,Palestine,PSE,2017,96.92,,4742747.0,Asia
3745,Palestine,PSE,2018,97.22,,4850593.0,Asia
3746,Palestine,PSE,2019,97.38,,4957773.0,Asia
3747,Palestine,PSE,2020,97.51,,5069692.0,Asia
3748,Palestine,PSE,2021,97.684,,5185341.0,Asia
3749,Palestine,PSE,2022,97.84,,5305274.0,Asia
3750,Panama,PAN,1870,,0.08,173049.0,North America
3751,Panama,PAN,1875,,0.11,185688.0,North America
3752,Panama,PAN,1880,,0.13,198003.0,North America
3753,Panama,PAN,1885,,0.17,211133.0,North America
3754,Panama,PAN,1890,,0.21,225132.0,North America
3755,Panama,PAN,1895,,0.26,240058.0,North America
3756,Panama,PAN,1900,,0.85,257249.0,North America
3757,Panama,PAN,1905,,1.06,284277.0,North America
3758,Panama,PAN,1910,,1.49,319341.0,North America
3759,Panama,PAN,1915,,1.74,385135.0,North America
3760,Panama,PAN,1920,,1.95,460090.0,North America
3761,Panama,PAN,1925,,2.16,482766.0,North America
3762,Panama,PAN,1930,,2.48,504023.0,North America
3763,Panama,PAN,1935,,2.91,578060.0,North America
3764,Panama,PAN,1940,,3.17,670153.0,North America
3765,Panama,PAN,1945,,3.43,760750.0,North America
3766,Panama,PAN,1950,67.5,3.87,860855.0,North America
3767,Panama,PAN,1955,,4.26,978971.0,North America
3768,Panama,PAN,1960,,4.75,1126004.0,North America
3769,Panama,PAN,1965,,5.01,1308840.0,North America
3770,Panama,PAN,1970,,5.39,1513071.0,North America
3771,Panama,PAN,1975,,6.1,1732393.0,North America
3772,Panama,PAN,1980,88.07,6.89,1957543.0,North America
3773,Panama,PAN,1985,,7.59,2200921.0,North America
3774,Panama,PAN,1990,88.78,8.08,2455588.0,North America
3775,Panama,PAN,1995,,8.71,2724555.0,North America
3776,Panama,PAN,2000,91.9,9.24,3010376.0,North America
3777,Panama,PAN,2005,,9.51,3313024.0,North America
3778,Panama,PAN,2010,94.09,9.72,3628537.0,North America
3779,Panama,PAN,2015,,10.06,3960034.0,North America
3780,Panama,PAN,2018,95.41,,4167860.0,North America
3781,Panama,PAN,2019,95.74,,4234698.0,North America
3782,Panama,PAN,2020,,10.44,4293258.0,North America
3783,Panama,PAN,2021,96.21191,,4345410.0,North America
3784,Panama,PAN,2023,96.089386,,4458758.0,North America
3785,Papua New Guinea,PNG,1950,7.5,,1543441.0,Oceania
3786,Papua New Guinea,PNG,2000,57.34,,5537068.0,Oceania
3787,Papua New Guinea,PNG,2010,68.96891,,7633524.0,Oceania
3788,Papua New Guinea,PNG,2015,,4.61,8743247.0,Oceania
3789,Papua New Guinea,PNG,2017,70.06,,9178717.0,Oceania
3790,Papua New Guinea,PNG,2020,,4.84,9815743.0,Oceania
3791,Papua New Guinea,PNG,2022,87.00469,,10203177.0,Oceania
3792,Paraguay,PRY,1870,,0.07,376870.0,South America
3793,Paraguay,PRY,1875,,0.09,321294.0,South America
3794,Paraguay,PRY,1880,,0.11,287990.0,South America
3795,Paraguay,PRY,1885,,0.14,420088.0,South America
3796,Paraguay,PRY,1890,,0.18,605060.0,South America
3797,Paraguay,PRY,1895,,0.25,540463.0,South America
3798,Paraguay,PRY,1900,,0.77,463602.0,South America
3799,Paraguay,PRY,1905,,0.95,502335.0,South America
3800,Paraguay,PRY,1910,,1.38,564592.0,South America
3801,Paraguay,PRY,1915,,1.58,635069.0,South America
3802,Paraguay,PRY,1920,,1.82,713685.0,South America
3803,Paraguay,PRY,1925,,2.17,800875.0,South America
3804,Paraguay,PRY,1930,,2.34,898760.0,South America
3805,Paraguay,PRY,1935,,2.55,1009692.0,South America
3806,Paraguay,PRY,1940,,2.71,1138105.0,South America
3807,Paraguay,PRY,1945,,2.94,1307844.0,South America
3808,Paraguay,PRY,1950,67.5,2.81,1504351.0,South America
3809,Paraguay,PRY,1955,,3.08,1682293.0,South America
3810,Paraguay,PRY,1960,,3.47,1883517.0,South America
3811,Paraguay,PRY,1965,,3.79,2125179.0,South America
3812,Paraguay,PRY,1970,,4.32,2388030.0,South America
3813,Paraguay,PRY,1975,,4.85,2691649.0,South America
3814,Paraguay,PRY,1980,,5.37,3053239.0,South America
3815,Paraguay,PRY,1982,78.46,,3226195.0,South America
3816,Paraguay,PRY,1985,,5.96,3510678.0,South America
3817,Paraguay,PRY,1990,,6.43,4035752.0,South America
3818,Paraguay,PRY,1992,90.27,,4253608.0,South America
3819,Paraguay,PRY,1995,,6.4,4579803.0,South America
3820,Paraguay,PRY,2000,,6.55,5100875.0,South America
3821,Paraguay,PRY,2005,,8.03,5448100.0,South America
3822,Paraguay,PRY,2007,94.56,,5559385.0,South America
3823,Paraguay,PRY,2008,93.29,,5613577.0,South America
3824,Paraguay,PRY,2009,93.75,,5671243.0,South America
3825,Paraguay,PRY,2010,93.87,7.99,5737973.0,South America
3826,Paraguay,PRY,2012,94.2,,5897011.0,South America
3827,Paraguay,PRY,2013,95.06,,5982447.0,South America
3828,Paraguay,PRY,2014,95.03,,6069819.0,South America
3829,Paraguay,PRY,2015,95.55,8.4,6159106.0,South America
3830,Paraguay,PRY,2016,94.65,,6249129.0,South America
3831,Paraguay,PRY,2018,94.02,,6427382.0,South America
3832,Paraguay,PRY,2019,93.21,,6515059.0,South America
3833,Paraguay,PRY,2020,94.54,8.83,6603741.0,South America
3834,Peru,PER,1870,,0.03,2618522.0,South America
3835,Peru,PER,1875,,0.04,2774462.0,South America
3836,Peru,PER,1880,,0.05,2953360.0,South America
3837,Peru,PER,1885,,0.07,3143793.0,South America
3838,Peru,PER,1890,,0.1,3338627.0,South America
3839,Peru,PER,1895,,0.15,3493980.0,South America
3840,Peru,PER,1900,,0.22,3657023.0,South America
3841,Peru,PER,1905,,0.47,3885402.0,South America
3842,Peru,PER,1910,,0.71,4137540.0,South America
3843,Peru,PER,1915,,0.9,4405488.0,South America
3844,Peru,PER,1920,,1.44,4699402.0,South America
3845,Peru,PER,1925,,1.68,5070822.0,South America
3846,Peru,PER,1930,,1.89,5483224.0,South America
3847,Peru,PER,1935,,2.15,5942138.0,South America
3848,Peru,PER,1940,,2.4,6444987.0,South America
3849,Peru,PER,1945,,2.72,7012907.0,South America
3850,Peru,PER,1950,47.5,2.91,7677414.0,South America
3851,Peru,PER,1955,,3.1,8822015.0,South America
3852,Peru,PER,1960,,3.32,10174128.0,South America
3853,Peru,PER,1965,,3.79,11761091.0,South America
3854,Peru,PER,1970,,4.47,13501237.0,South America
3855,Peru,PER,1975,,5.43,15333955.0,South America
3856,Peru,PER,1980,,6.2,17360955.0,South America
3857,Peru,PER,1981,81.92,,17798803.0,South America
3858,Peru,PER,1985,,6.75,19648212.0,South America
3859,Peru,PER,1990,,7.39,22014772.0,South America
3860,Peru,PER,1993,87.15,,23413783.0,South America
3861,Peru,PER,1995,,8.09,24348922.0,South America
3862,Peru,PER,2000,,9.05,26598328.0,South America
3863,Peru,PER,2004,87.67,,27852190.0,South America
3864,Peru,PER,2005,87.91,9.88,28101175.0,South America
3865,Peru,PER,2006,88.7,,28324488.0,South America
3866,Peru,PER,2007,89.59,,28530704.0,South America
3867,Peru,PER,2010,,9.28,29086021.0,South America
3868,Peru,PER,2012,93.84,,29550367.0,South America
3869,Peru,PER,2014,93.71,,30115825.0,South America
3870,Peru,PER,2015,94.16,9.61,30457598.0,South America
3871,Peru,PER,2016,94.17,,30866497.0,South America
3872,Peru,PER,2017,94.15,,31324639.0,South America
3873,Peru,PER,2018,94.41,,31897590.0,South America
3874,Peru,PER,2020,94.5,9.96,32838577.0,South America
3875,Philippines,PHL,1870,,0.03,4868021.0,Asia
3876,Philippines,PHL,1875,,0.04,5239955.0,Asia
3877,Philippines,PHL,1880,,0.05,5608674.0,Asia
3878,Philippines,PHL,1885,,0.07,5804469.0,Asia
3879,Philippines,PHL,1890,,0.09,5991341.0,Asia
3880,Philippines,PHL,1895,,0.12,6288344.0,Asia
3881,Philippines,PHL,1900,,0.19,6644021.0,Asia
3882,Philippines,PHL,1905,,0.23,7201350.0,Asia
3883,Philippines,PHL,1910,,0.47,7835476.0,Asia
3884,Philippines,PHL,1915,,0.7,8525764.0,Asia
3885,Philippines,PHL,1918,49.2,,8988378.0,Asia
3886,Philippines,PHL,1920,,0.92,9347641.0,Asia
3887,Philippines,PHL,1925,,1.16,10358144.0,Asia
3888,Philippines,PHL,1930,,1.39,11504117.0,Asia
3889,Philippines,PHL,1935,,1.69,12881956.0,Asia
3890,Philippines,PHL,1939,48.8,,14120183.0,Asia
3891,Philippines,PHL,1940,,1.8,14454975.0,Asia
3892,Philippines,PHL,1945,,1.99,16303615.0,Asia
3893,Philippines,PHL,1948,61.3,,17532623.0,Asia
3894,Philippines,PHL,1950,62.5,2.35,18849532.0,Asia
3895,Philippines,PHL,1955,,3.36,22880568.0,Asia
3896,Philippines,PHL,1960,,3.49,27891900.0,Asia
3897,Philippines,PHL,1965,,4.01,32625328.0,Asia
3898,Philippines,PHL,1970,,4.83,37622203.0,Asia
3899,Philippines,PHL,1975,,5.56,42120830.0,Asia
3900,Philippines,PHL,1980,83.32,6.26,48043744.0,Asia
3901,Philippines,PHL,1985,,6.64,55213007.0,Asia
3902,Philippines,PHL,1990,93.57,7.15,62854668.0,Asia
3903,Philippines,PHL,1994,93.92,,69019297.0,Asia
3904,Philippines,PHL,1995,,7.59,70546245.0,Asia
3905,Philippines,PHL,2000,92.6,7.96,79625401.0,Asia
3906,Philippines,PHL,2003,92.59,,84731836.0,Asia
3907,Philippines,PHL,2005,,8.27,88015959.0,Asia
3908,Philippines,PHL,2008,95.42,,92699091.0,Asia
3909,Philippines,PHL,2010,97.09,8.65,96337127.0,Asia
3910,Philippines,PHL,2013,96.4,,102076334.0,Asia
3911,Philippines,PHL,2015,98.18,9.14,105312988.0,Asia
3912,Philippines,PHL,2019,96.28,,110804685.0,Asia
3913,Philippines,PHL,2020,98.47,9.44,112081270.0,Asia
3914,Poland,POL,1475,0.0,,4000000.0,Europe
3915,Poland,POL,1550,0.0,,5000000.0,Europe
3916,Poland,POL,1650,3.0,,6000000.0,Europe
3917,Poland,POL,1750,5.0,,7529694.0,Europe
3918,Poland,POL,1870,,1.38,16773045.0,Europe
3919,Poland,POL,1875,,1.49,18042263.0,Europe
3920,Poland,POL,1880,,1.6,19432249.0,Europe
3921,Poland,POL,1885,,1.72,20929256.0,Europe
3922,Poland,POL,1890,,1.84,22441927.0,Europe
3923,Poland,POL,1895,,1.97,23412677.0,Europe
3924,Poland,POL,1900,,2.11,24312686.0,Europe
3925,Poland,POL,1905,,2.44,25190093.0,Europe
3926,Poland,POL,1910,,2.72,25809505.0,Europe
3927,Poland,POL,1915,,2.96,24702547.0,Europe
3928,Poland,POL,1920,,3.42,23791651.0,Europe
3929,Poland,POL,1925,,3.62,25401234.0,Europe
3930,Poland,POL,1930,,3.94,27385667.0,Europe
3931,Poland,POL,1935,,4.38,28421919.0,Europe
3932,Poland,POL,1940,,4.87,28883551.0,Europe
3933,Poland,POL,1945,,5.26,26673126.0,Europe
3934,Poland,POL,1950,92.5,5.52,24780169.0,Europe
3935,Poland,POL,1955,,5.81,27063640.0,Europe
3936,Poland,POL,1960,,6.19,29575967.0,Europe
3937,Poland,POL,1965,,6.92,31288338.0,Europe
3938,Poland,POL,1970,,7.63,32542639.0,Europe
3939,Poland,POL,1975,,8.19,33964400.0,Europe
3940,Poland,POL,1978,98.74,,34934216.0,Europe
3941,Poland,POL,1980,,8.31,35576518.0,Europe
3942,Poland,POL,1985,,8.69,37200850.0,Europe
3943,Poland,POL,1990,,9.75,38055448.0,Europe
3944,Poland,POL,1995,,10.32,38364668.0,Europe
3945,Poland,POL,2000,,10.74,38258077.0,Europe
3946,Poland,POL,2005,,11.36,38124377.0,Europe
3947,Poland,POL,2010,,11.62,38095356.0,Europe
3948,Poland,POL,2015,,11.84,38266314.0,Europe
3949,Poland,POL,2020,,12.01,38171005.0,Europe
3950,Portugal,PRT,1870,,0.27,4321350.0,Europe
3951,Portugal,PRT,1875,,0.34,4463963.0,Europe
3952,Portugal,PRT,1880,,0.42,4613680.0,Europe
3953,Portugal,PRT,1885,,0.51,4811093.0,Europe
3954,Portugal,PRT,1890,,0.6,5019437.0,Europe
3955,Portugal,PRT,1895,,0.71,5207682.0,Europe
3956,Portugal,PRT,1900,26.6,0.8,5402551.0,Europe
3957,Portugal,PRT,1905,,0.87,5632428.0,Europe
3958,Portugal,PRT,1910,,0.94,5854984.0,Europe
3959,Portugal,PRT,1911,31.1,,5883300.0,Europe
3960,Portugal,PRT,1915,,1.01,5947512.0,Europe
3961,Portugal,PRT,1920,34.8,1.17,6054309.0,Europe
3962,Portugal,PRT,1925,,1.26,6386759.0,Europe
3963,Portugal,PRT,1930,39.8,1.34,6777114.0,Europe
3964,Portugal,PRT,1935,,1.46,7206141.0,Europe
3965,Portugal,PRT,1940,49.6,1.65,7651628.0,Europe
3966,Portugal,PRT,1945,,1.84,8038503.0,Europe
3967,Portugal,PRT,1950,57.5,2.01,8418877.0,Europe
3968,Portugal,PRT,1955,,2.2,8662889.0,Europe
3969,Portugal,PRT,1960,,2.46,8873223.0,Europe
3970,Portugal,PRT,1965,,2.64,8889623.0,Europe
3971,Portugal,PRT,1970,,3.17,8669523.0,Europe
3972,Portugal,PRT,1975,,4.27,9182303.0,Europe
3973,Portugal,PRT,1980,,5.45,9763622.0,Europe
3974,Portugal,PRT,1981,79.44,,9837588.0,Europe
3975,Portugal,PRT,1985,,6.08,9979475.0,Europe
3976,Portugal,PRT,1990,,6.73,9989526.0,Europe
3977,Portugal,PRT,1991,87.95,,9969181.0,Europe
3978,Portugal,PRT,1995,,7.49,10031756.0,Europe
3979,Portugal,PRT,2000,,8.41,10283196.0,Europe
3980,Portugal,PRT,2005,,8.12,10502993.0,Europe
3981,Portugal,PRT,2010,,8.71,10578659.0,Europe
3982,Portugal,PRT,2011,94.48,,10557050.0,Europe
3983,Portugal,PRT,2015,,9.14,10370264.0,Europe
3984,Portugal,PRT,2020,,9.56,10370519.0,Europe
3985,Puerto Rico,PRI,1950,72.5,,2229095.0,North America
3986,Puerto Rico,PRI,1980,86.75,,3213679.0,North America
3987,Puerto Rico,PRI,1990,89.62,,3541046.0,North America
3988,Puerto Rico,PRI,2010,91.97,,3714834.0,North America
3989,Puerto Rico,PRI,2017,92.39,,3371878.0,North America
3990,Qatar,QAT,1950,7.5,,24304.0,Asia
3991,Qatar,QAT,1986,75.64,,382426.0,Asia
3992,Qatar,QAT,1997,83.26,,550511.0,Asia
3993,Qatar,QAT,2004,88.96,,773341.0,Asia
3994,Qatar,QAT,2007,93.08,,1208601.0,Asia
3995,Qatar,QAT,2008,93.99,,1426942.0,Asia
3996,Qatar,QAT,2009,94.72,,1586052.0,Asia
3997,Qatar,QAT,2010,96.28,,1709238.0,Asia
3998,Qatar,QAT,2011,96.41,,1810960.0,Asia
3999,Qatar,QAT,2012,96.68,,1907122.0,Asia
4000,Qatar,QAT,2013,97.48,,2032650.0,Asia
4001,Qatar,QAT,2014,97.75,,2218378.0,Asia
4002,Qatar,QAT,2015,,8.46,2427340.0,Asia
4003,Qatar,QAT,2016,98.52,,2599382.0,Asia
4004,Qatar,QAT,2017,98.78,,2706716.0,Asia
4005,Qatar,QAT,2020,,8.52,2803375.0,Asia
4006,Qatar,QAT,2022,99.29,,2892466.0,Asia
4007,Qatar,QAT,2023,99.3,,2979086.0,Asia
4008,Reunion,REU,1870,,0.21,182700.0,Africa
4009,Reunion,REU,1875,,0.27,180800.0,Africa
4010,Reunion,REU,1880,,0.33,180800.0,Africa
4011,Reunion,REU,1885,,0.4,167070.0,Africa
4012,Reunion,REU,1890,,0.5,167070.0,Africa
4013,Reunion,REU,1895,,0.61,172600.0,Africa
4014,Reunion,REU,1900,,0.95,172600.0,Africa
4015,Reunion,REU,1905,,1.29,173740.0,Africa
4016,Reunion,REU,1910,,1.58,173740.0,Africa
4017,Reunion,REU,1915,,1.71,173260.0,Africa
4018,Reunion,REU,1920,,1.91,173260.0,Africa
4019,Reunion,REU,1925,,2.13,195430.0,Africa
4020,Reunion,REU,1930,,2.33,195430.0,Africa
4021,Reunion,REU,1935,,2.42,218690.0,Africa
4022,Reunion,REU,1940,,2.48,218690.0,Africa
4023,Reunion,REU,1945,,2.63,249229.0,Africa
4024,Reunion,REU,1950,37.5,2.89,249229.0,Africa
4025,Reunion,REU,1955,,2.77,300437.0,Africa
4026,Reunion,REU,1960,,2.75,359563.0,Africa
4027,Reunion,REU,1965,,2.93,418718.0,Africa
4028,Reunion,REU,1970,,3.64,469093.0,Africa
4029,Reunion,REU,1975,,4.5,511312.0,Africa
4030,Reunion,REU,1980,,5.26,553140.0,Africa
4031,Reunion,REU,1982,78.61,,569641.0,Africa
4032,Reunion,REU,1985,,5.9,600421.0,Africa
4033,Reunion,REU,1990,,6.46,652573.0,Africa
4034,Reunion,REU,1995,,6.97,710463.0,Africa
4035,Reunion,REU,2000,,7.42,763148.0,Africa
4036,Reunion,REU,2005,,7.85,800227.0,Africa
4037,Reunion,REU,2010,,8.29,844480.0,Africa
4038,Reunion,REU,2015,,8.5,865016.0,Africa
4039,Reunion,REU,2020,,8.71,861452.0,Africa
4040,Romania,ROU,1870,,0.1,9173060.0,Europe
4041,Romania,ROU,1875,,0.12,9461541.0,Europe
4042,Romania,ROU,1880,,0.13,9754696.0,Europe
4043,Romania,ROU,1885,,0.15,10056934.0,Europe
4044,Romania,ROU,1890,,0.18,10366994.0,Europe
4045,Romania,ROU,1895,,0.21,10676648.0,Europe
4046,Romania,ROU,1900,,0.27,11005350.0,Europe
4047,Romania,ROU,1905,,0.37,11418106.0,Europe
4048,Romania,ROU,1910,,0.64,11832057.0,Europe
4049,Romania,ROU,1915,,0.84,12091668.0,Europe
4050,Romania,ROU,1920,,1.23,12403390.0,Europe
4051,Romania,ROU,1925,,2.19,13201944.0,Europe
4052,Romania,ROU,1930,,2.49,14116480.0,Europe
4053,Romania,ROU,1935,,2.92,14988356.0,Europe
4054,Romania,ROU,1940,,3.38,15807371.0,Europe
4055,Romania,ROU,1945,,3.71,16095216.0,Europe
4056,Romania,ROU,1950,77.5,4.51,16397275.0,Europe
4057,Romania,ROU,1955,,4.89,17475271.0,Europe
4058,Romania,ROU,1960,,5.39,18313498.0,Europe
4059,Romania,ROU,1965,,5.82,18713060.0,Europe
4060,Romania,ROU,1970,,7.05,20011626.0,Europe
4061,Romania,ROU,1975,,8.09,21268070.0,Europe
4062,Romania,ROU,1980,,8.78,22154776.0,Europe
4063,Romania,ROU,1985,,9.33,22605815.0,Europe
4064,Romania,ROU,1990,,9.84,22939530.0,Europe
4065,Romania,ROU,1992,96.71,,22912389.0,Europe
4066,Romania,ROU,1995,,10.37,22657722.0,Europe
4067,Romania,ROU,2000,,10.7,22046264.0,Europe
4068,Romania,ROU,2002,97.3,,21770020.0,Europe
4069,Romania,ROU,2005,,10.89,21213395.0,Europe
4070,Romania,ROU,2010,,11.24,20432575.0,Europe
4071,Romania,ROU,2011,98.6,,20282009.0,Europe
4072,Romania,ROU,2015,,11.07,19871018.0,Europe
4073,Romania,ROU,2020,,11.28,19392467.0,Europe
4074,Romania,ROU,2021,99.16,,19248159.0,Europe
4075,Russia,RUS,1870,,0.15,49487882.0,Europe
4076,Russia,RUS,1875,,0.18,51719402.0,Europe
4077,Russia,RUS,1880,,0.21,54112425.0,Europe
4078,Russia,RUS,1885,,0.24,56616141.0,Europe
4079,Russia,RUS,1890,,0.27,59235670.0,Europe
4080,Russia,RUS,1895,,0.33,61976366.0,Europe
4081,Russia,RUS,1900,,0.42,64843834.0,Europe
4082,Russia,RUS,1905,,0.62,67843934.0,Europe
4083,Russia,RUS,1910,,0.71,70982800.0,Europe
4084,Russia,RUS,1915,,0.89,74237572.0,Europe
4085,Russia,RUS,1920,,1.24,77706431.0,Europe
4086,Russia,RUS,1925,,1.52,81361291.0,Europe
4087,Russia,RUS,1930,,1.86,85188053.0,Europe
4088,Russia,RUS,1935,,2.42,89194804.0,Europe
4089,Russia,RUS,1940,,3.03,93390010.0,Europe
4090,Russia,RUS,1945,,3.65,97782535.0,Europe
4091,Russia,RUS,1950,,4.08,103392364.0,Europe
4092,Russia,RUS,1955,,4.58,111160996.0,Europe
4093,Russia,RUS,1960,,4.88,119934143.0,Europe
4094,Russia,RUS,1965,,5.62,126634210.0,Europe
4095,Russia,RUS,1970,,6.39,130367188.0,Europe
4096,Russia,RUS,1975,,7.29,134136098.0,Europe
4097,Russia,RUS,1980,,8.36,138572628.0,Europe
4098,Russia,RUS,1985,,9.37,143569386.0,Europe
4099,Russia,RUS,1989,97.99,,148281862.0,Europe
4100,Russia,RUS,1990,,10.21,148979537.0,Europe
4101,Russia,RUS,1995,,10.73,148291406.0,Europe
4102,Russia,RUS,2000,,11.54,146717784.0,Europe
4103,Russia,RUS,2002,99.44,,145939502.0,Europe
4104,Russia,RUS,2005,,11.76,144597886.0,Europe
4105,Russia,RUS,2010,99.68,12.02,143934468.0,Europe
4106,Russia,RUS,2015,,11.56,145307612.0,Europe
4107,Russia,RUS,2020,,11.6,146371295.0,Europe
4108,Russia,RUS,2021,99.93,,145836172.0,Europe
4109,Rwanda,RWA,1950,7.5,,2157101.0,Africa
4110,Rwanda,RWA,1978,38.24,,5035172.0,Africa
4111,Rwanda,RWA,1991,57.85,,7526964.0,Africa
4112,Rwanda,RWA,2000,64.89,,8213936.0,Africa
4113,Rwanda,RWA,2012,68.33,,10829904.0,Africa
4114,Rwanda,RWA,2014,70.8,,11364758.0,Africa
4115,Rwanda,RWA,2015,,4.62,11640026.0,Africa
4116,Rwanda,RWA,2018,73.22,,12488000.0,Africa
4117,Rwanda,RWA,2020,80.05,5.24,13065838.0,Africa
4118,Rwanda,RWA,2022,78.76,,13651025.0,Africa
4119,Saint Helena,SHN,1950,98.5,,5249.0,Africa
4120,Saint Helena,SHN,1998,96.53,,6184.0,Africa
4121,Saint Pierre and Miquelon,SPM,1950,92.5,,4507.0,North America
4122,Saint Pierre and Miquelon,SPM,1982,99.27,,6163.0,North America
4123,Saint Vincent and the Grenadines,VCT,1970,95.63,,95977.0,North America
4124,Samoa,WSM,1950,87.5,,88299.0,Oceania
4125,Samoa,WSM,1991,97.94,,169378.0,Oceania
4126,Samoa,WSM,2011,98.97,,194726.0,Oceania
4127,Samoa,WSM,2016,99.4,,203509.0,Oceania
4128,Samoa,WSM,2017,99.70719,,205423.0,Oceania
4129,Samoa,WSM,2019,97.99,,209794.0,Oceania
4130,San Marino,SMR,1950,87.5,,12970.0,Europe
4131,San Marino,SMR,2022,99.91,,34113.0,Europe
4132,Sao Tome and Principe,STP,1950,17.5,,60895.0,Africa
4133,Sao Tome and Principe,STP,1981,57.32,,100629.0,Africa
4134,Sao Tome and Principe,STP,1991,73.24,,125711.0,Africa
4135,Sao Tome and Principe,STP,2001,84.91,,146386.0,Africa
4136,Sao Tome and Principe,STP,2012,90.14,,189452.0,Africa
4137,Sao Tome and Principe,STP,2019,87.44,,213405.0,Africa
4138,Saudi Arabia,SAU,1950,3.0,,1703280.0,Asia
4139,Saudi Arabia,SAU,1992,70.82,,11686682.0,Asia
4140,Saudi Arabia,SAU,2000,79.35,,16177733.0,Asia
4141,Saudi Arabia,SAU,2004,82.86,,19669486.0,Asia
4142,Saudi Arabia,SAU,2013,94.43,,28026825.0,Asia
4143,Saudi Arabia,SAU,2015,,9.34,29974944.0,Asia
4144,Saudi Arabia,SAU,2017,95.33,,30782400.0,Asia
4145,Saudi Arabia,SAU,2020,97.59,9.86,30991206.0,Asia
4146,Senegal,SEN,1870,,0.01,1065648.0,Africa
4147,Senegal,SEN,1875,,0.01,1121620.0,Africa
4148,Senegal,SEN,1880,,0.01,1181172.0,Africa
4149,Senegal,SEN,1885,,0.01,1234559.0,Africa
4150,Senegal,SEN,1890,,0.01,1287292.0,Africa
4151,Senegal,SEN,1895,,0.01,1332194.0,Africa
4152,Senegal,SEN,1900,,0.02,1377037.0,Africa
4153,Senegal,SEN,1905,,0.02,1423386.0,Africa
4154,Senegal,SEN,1910,,0.02,1470404.0,Africa
4155,Senegal,SEN,1915,,0.03,1513246.0,Africa
4156,Senegal,SEN,1920,,0.29,1566552.0,Africa
4157,Senegal,SEN,1925,,0.53,1678806.0,Africa
4158,Senegal,SEN,1930,,0.7,1807456.0,Africa
4159,Senegal,SEN,1935,,1.14,1938690.0,Africa
4160,Senegal,SEN,1940,,1.29,2083292.0,Africa
4161,Senegal,SEN,1945,,1.44,2272434.0,Africa
4162,Senegal,SEN,1950,3.0,1.87,2555376.0,Africa
4163,Senegal,SEN,1955,,1.95,2908512.0,Africa
4164,Senegal,SEN,1960,,2.07,3340900.0,Africa
4165,Senegal,SEN,1965,,2.11,3849793.0,Africa
4166,Senegal,SEN,1970,,2.3,4466330.0,Africa
4167,Senegal,SEN,1975,,2.49,5170812.0,Africa
4168,Senegal,SEN,1980,,2.52,5845640.0,Africa
4169,Senegal,SEN,1985,,2.45,6683296.0,Africa
4170,Senegal,SEN,1988,26.87,,7289622.0,Africa
4171,Senegal,SEN,1990,,2.37,7720524.0,Africa
4172,Senegal,SEN,1995,,2.26,8848112.0,Africa
4173,Senegal,SEN,2000,,1.98,9968262.0,Africa
4174,Senegal,SEN,2002,39.28,,10466216.0,Africa
4175,Senegal,SEN,2005,,1.67,11235473.0,Africa
4176,Senegal,SEN,2006,41.89,,11500094.0,Africa
4177,Senegal,SEN,2009,48.04,,12337390.0,Africa
4178,Senegal,SEN,2010,,3.11,12635418.0,Africa
4179,Senegal,SEN,2011,51.81,,12958902.0,Africa
4180,Senegal,SEN,2013,43.53,,13710857.0,Africa
4181,Senegal,SEN,2015,43.59,3.73,14593335.0,Africa
4182,Senegal,SEN,2016,46.1,,15034517.0,Africa
4183,Senegal,SEN,2017,51.9,,15475001.0,Africa
4184,Senegal,SEN,2018,46.61,,15914495.0,Africa
4185,Senegal,SEN,2019,46.83,,16352926.0,Africa
4186,Senegal,SEN,2020,,4.4,16789217.0,Africa
4187,Senegal,SEN,2023,50.36,,18077573.0,Africa
4188,Serbia,SRB,1870,,0.09,1884075.0,Europe
4189,Serbia,SRB,1875,,0.1,1851085.0,Europe
4190,Serbia,SRB,1880,,0.14,1834900.0,Europe
4191,Serbia,SRB,1885,,0.2,1924367.0,Europe
4192,Serbia,SRB,1890,,0.29,2037713.0,Europe
4193,Serbia,SRB,1895,,0.41,2169715.0,Europe
4194,Serbia,SRB,1900,,0.75,2313842.0,Europe
4195,Serbia,SRB,1905,,1.06,2478760.0,Europe
4196,Serbia,SRB,1910,,1.38,2665974.0,Europe
4197,Serbia,SRB,1915,,2.0,2926332.0,Europe
4198,Serbia,SRB,1920,,2.34,3237697.0,Europe
4199,Serbia,SRB,1925,,2.79,3593807.0,Europe
4200,Serbia,SRB,1930,,3.22,3989085.0,Europe
4201,Serbia,SRB,1935,,3.71,4427838.0,Europe
4202,Serbia,SRB,1940,,4.21,4914850.0,Europe
4203,Serbia,SRB,1945,,4.47,5455427.0,Europe
4204,Serbia,SRB,1950,,4.59,6009201.0,Europe
4205,Serbia,SRB,1955,,4.99,6346329.0,Europe
4206,Serbia,SRB,1960,,5.14,6702964.0,Europe
4207,Serbia,SRB,1965,,5.45,7031142.0,Europe
4208,Serbia,SRB,1970,,6.09,7324426.0,Europe
4209,Serbia,SRB,1975,,6.81,7572433.0,Europe
4210,Serbia,SRB,1980,,7.42,7796286.0,Europe
4211,Serbia,SRB,1985,,7.92,7881551.0,Europe
4212,Serbia,SRB,1990,,8.15,7874595.0,Europe
4213,Serbia,SRB,1995,,8.88,7823281.0,Europe
4214,Serbia,SRB,2000,,9.52,7694608.0,Europe
4215,Serbia,SRB,2003,96.4,,7590946.0,Europe
4216,Serbia,SRB,2005,,10.6,7539139.0,Europe
4217,Serbia,SRB,2010,,11.52,7395872.0,Europe
4218,Serbia,SRB,2011,97.96,,7364858.0,Europe
4219,Serbia,SRB,2015,,11.49,7177257.0,Europe
4220,Serbia,SRB,2016,98.84,,7126083.0,Europe
4221,Serbia,SRB,2019,99.48,,6966155.0,Europe
4222,Serbia,SRB,2020,,11.72,6907814.0,Europe
4223,Serbia,SRB,2022,99.34,,6791215.0,Europe
4224,Seychelles,SYC,1950,37.5,,38306.0,Africa
4225,Seychelles,SYC,1987,84.23,,71358.0,Africa
4226,Seychelles,SYC,1994,87.81,,77279.0,Africa
4227,Seychelles,SYC,2002,91.84,,85878.0,Africa
4228,Seychelles,SYC,2010,93.95,,94993.0,Africa
4229,Sierra Leone,SLE,1870,,0.02,877540.0,Africa
4230,Sierra Leone,SLE,1875,,0.03,910217.0,Africa
4231,Sierra Leone,SLE,1880,,0.03,944663.0,Africa
4232,Sierra Leone,SLE,1885,,0.04,980408.0,Africa
4233,Sierra Leone,SLE,1890,,0.05,1017500.0,Africa
4234,Sierra Leone,SLE,1895,,0.06,1055989.0,Africa
4235,Sierra Leone,SLE,1900,,0.08,1095929.0,Africa
4236,Sierra Leone,SLE,1905,,0.1,1137375.0,Africa
4237,Sierra Leone,SLE,1910,,0.15,1179670.0,Africa
4238,Sierra Leone,SLE,1915,,0.18,1218922.0,Africa
4239,Sierra Leone,SLE,1920,,0.21,1263887.0,Africa
4240,Sierra Leone,SLE,1925,,0.22,1354453.0,Africa
4241,Sierra Leone,SLE,1930,,0.24,1458247.0,Africa
4242,Sierra Leone,SLE,1935,,0.26,1564126.0,Africa
4243,Sierra Leone,SLE,1940,,0.31,1680790.0,Africa
4244,Sierra Leone,SLE,1945,,0.36,1833389.0,Africa
4245,Sierra Leone,SLE,1950,7.5,0.41,1999628.0,Africa
4246,Sierra Leone,SLE,1955,,0.46,2120895.0,Africa
4247,Sierra Leone,SLE,1960,,0.51,2268361.0,Africa
4248,Sierra Leone,SLE,1965,,0.68,2468669.0,Africa
4249,Sierra Leone,SLE,1970,,0.87,2712287.0,Africa
4250,Sierra Leone,SLE,1975,,1.14,2974659.0,Africa
4251,Sierra Leone,SLE,1980,,1.44,3272097.0,Africa
4252,Sierra Leone,SLE,1985,,1.81,3638444.0,Africa
4253,Sierra Leone,SLE,1990,,2.17,4196834.0,Africa
4254,Sierra Leone,SLE,1995,,2.55,4179178.0,Africa
4255,Sierra Leone,SLE,2000,,2.9,4423615.0,Africa
4256,Sierra Leone,SLE,2004,34.83,,5355715.0,Africa
4257,Sierra Leone,SLE,2005,,3.36,5501707.0,Africa
4258,Sierra Leone,SLE,2010,,4.28,6222715.0,Africa
4259,Sierra Leone,SLE,2014,44.369892,,6876385.0,Africa
4260,Sierra Leone,SLE,2015,49.4,4.23,7037660.0,Africa
4261,Sierra Leone,SLE,2017,44.83,,7379300.0,Africa
4262,Sierra Leone,SLE,2018,48.814365,,7554568.0,Africa
4263,Sierra Leone,SLE,2019,43.58,,7731994.0,Africa
4264,Sierra Leone,SLE,2020,,4.99,7912557.0,Africa
4265,Singapore,SGP,1950,47.5,,1013318.0,Asia
4266,Singapore,SGP,1980,82.91,,2437496.0,Asia
4267,Singapore,SGP,1990,89.1,,3039593.0,Asia
4268,Singapore,SGP,2000,92.55,,4035251.0,Asia
4269,Singapore,SGP,2010,95.86,,5077020.0,Asia
4270,Singapore,SGP,2011,96.19,,5182242.0,Asia
4271,Singapore,SGP,2012,96.37,,5293345.0,Asia
4272,Singapore,SGP,2013,96.55,,5385589.0,Asia
4273,Singapore,SGP,2014,96.72,,5457899.0,Asia
4274,Singapore,SGP,2015,96.83,12.54,5525343.0,Asia
4275,Singapore,SGP,2016,97.05,,5577936.0,Asia
4276,Singapore,SGP,2017,97.2,,5604087.0,Asia
4277,Singapore,SGP,2018,97.34,,5634366.0,Asia
4278,Singapore,SGP,2019,97.48,,5669562.0,Asia
4279,Singapore,SGP,2020,97.13,13.06,5620151.0,Asia
4280,Singapore,SGP,2021,97.65,,5546291.0,Asia
4281,Slovakia,SVK,2015,,13.03,5420278.0,Europe
4282,Slovakia,SVK,2020,,13.14,5455028.0,Europe
4283,Slovenia,SVN,1991,99.52,,1999191.0,Europe
4284,Slovenia,SVN,2015,,11.95,2059946.0,Europe
4285,Slovenia,SVN,2020,,12.06,2102421.0,Europe
4286,Solomon Islands,SLB,1950,7.5,,108650.0,Oceania
4287,Solomon Islands,SLB,1999,76.6,,430511.0,Oceania
4288,Somalia,SOM,2019,63.657936,,16030969.0,Africa
4289,Somalia,SOM,2022,54.12,,17801895.0,Africa
4290,Somaliland,OWID_SML,1950,3.0,,,
4291,South Africa,ZAF,1870,,0.68,3728529.0,Africa
4292,South Africa,ZAF,1875,,0.8,3934099.0,Africa
4293,South Africa,ZAF,1880,,0.96,4150956.0,Africa
4294,South Africa,ZAF,1885,,1.15,4379716.0,Africa
4295,South Africa,ZAF,1890,,1.3,4621030.0,Africa
4296,South Africa,ZAF,1895,,1.3,4875584.0,Africa
4297,South Africa,ZAF,1900,,1.22,5163858.0,Africa
4298,South Africa,ZAF,1905,,1.24,5600893.0,Africa
4299,South Africa,ZAF,1910,,1.28,6093688.0,Africa
4300,South Africa,ZAF,1915,,1.61,6606440.0,Africa
4301,South Africa,ZAF,1920,,2.38,7168076.0,Africa
4302,South Africa,ZAF,1925,,2.75,7928675.0,Africa
4303,South Africa,ZAF,1930,,3.09,8793161.0,Africa
4304,South Africa,ZAF,1935,,3.42,9721741.0,Africa
4305,South Africa,ZAF,1940,,3.7,10736810.0,Africa
4306,South Africa,ZAF,1945,,3.98,11814022.0,Africa
4307,South Africa,ZAF,1950,42.5,4.2,13038501.0,Africa
4308,South Africa,ZAF,1955,,4.4,14533371.0,Africa
4309,South Africa,ZAF,1960,,4.47,16440175.0,Africa
4310,South Africa,ZAF,1965,,4.55,19089382.0,Africa
4311,South Africa,ZAF,1970,,4.7,22279990.0,Africa
4312,South Africa,ZAF,1975,,4.9,25690943.0,Africa
4313,South Africa,ZAF,1980,76.2,5.18,29518857.0,Africa
4314,South Africa,ZAF,1985,,5.21,35042097.0,Africa
4315,South Africa,ZAF,1990,,6.89,40746274.0,Africa
4316,South Africa,ZAF,1995,,8.37,44541557.0,Africa
4317,South Africa,ZAF,1996,82.4,,45123023.0,Africa
4318,South Africa,ZAF,2000,,7.92,47159715.0,Africa
4319,South Africa,ZAF,2005,,8.86,49490041.0,Africa
4320,South Africa,ZAF,2007,88.72,,50528575.0,Africa
4321,South Africa,ZAF,2009,92.89,,51728518.0,Africa
4322,South Africa,ZAF,2010,92.88,9.89,52344047.0,Africa
4323,South Africa,ZAF,2011,93.1,,52995212.0,Africa
4324,South Africa,ZAF,2012,93.73,,53782570.0,Africa
4325,South Africa,ZAF,2014,94.14,,55594840.0,Africa
4326,South Africa,ZAF,2015,94.37,10.15,56723536.0,Africa
4327,South Africa,ZAF,2016,91.74,,57259550.0,Africa
4328,South Africa,ZAF,2019,95.02,,59587880.0,Africa
4329,South Africa,ZAF,2020,,10.47,60562374.0,Africa
4330,South Africa,ZAF,2021,90.0,,61502602.0,Africa
4331,South America,OWID_SAM,1870,,0.18058558,23934719.0,
4332,South America,OWID_SAM,1875,,0.22741506,25750976.0,
4333,South America,OWID_SAM,1880,,0.27658266,27912182.0,
4334,South America,OWID_SAM,1885,,0.32335466,30698196.0,
4335,South America,OWID_SAM,1890,,0.3676362,33890958.0,
4336,South America,OWID_SAM,1895,,0.4190729,37395860.0,
4337,South America,OWID_SAM,1900,,0.69071114,41330741.0,
4338,South America,OWID_SAM,1905,,0.89044285,45692841.0,
4339,South America,OWID_SAM,1910,,1.122505,50545993.0,
4340,South America,OWID_SAM,1915,,1.356635,55745990.0,
4341,South America,OWID_SAM,1920,,1.6258094,61458404.0,
4342,South America,OWID_SAM,1925,,1.8396424,67901379.0,
4343,South America,OWID_SAM,1930,,2.0606284,75000544.0,
4344,South America,OWID_SAM,1935,,2.2786927,82200318.0,
4345,South America,OWID_SAM,1940,,2.46007,90256708.0,
4346,South America,OWID_SAM,1945,,2.641585,100916695.0,
4347,South America,OWID_SAM,1950,,2.84321,112973206.0,
4348,South America,OWID_SAM,1955,,3.058821,129351392.0,
4349,South America,OWID_SAM,1960,,3.3215625,148441136.0,
4350,South America,OWID_SAM,1965,,3.642195,169787372.0,
4351,South America,OWID_SAM,1970,,4.118323,191855157.0,
4352,South America,OWID_SAM,1975,,4.2123356,215072895.0,
4353,South America,OWID_SAM,1980,,4.6174974,240599668.0,
4354,South America,OWID_SAM,1985,,5.3961205,268127340.0,
4355,South America,OWID_SAM,1990,,6.052577,295639583.0,
4356,South America,OWID_SAM,1995,,6.7083187,322239766.0,
4357,South America,OWID_SAM,2000,,7.4435296,348018743.0,
4358,South America,OWID_SAM,2005,,8.177308,370696350.0,
4359,South America,OWID_SAM,2010,,8.695377,390701117.0,
4360,South America,OWID_SAM,2015,,8.554252,409619969.0,
4361,South America,OWID_SAM,2020,,8.909957,426213552.0,
4362,South Asia (WB),WB_SA,1975,37.44,,,
4363,South Asia (WB),WB_SA,1976,37.44,,,
4364,South Asia (WB),WB_SA,1977,38.13,,,
4365,South Asia (WB),WB_SA,1978,38.81,,,
4366,South Asia (WB),WB_SA,1979,39.47,,,
4367,South Asia (WB),WB_SA,1980,40.12,,,
4368,South Asia (WB),WB_SA,1981,40.74,,,
4369,South Asia (WB),WB_SA,1982,41.41,,,
4370,South Asia (WB),WB_SA,1983,42.08,,,
4371,South Asia (WB),WB_SA,1984,42.75,,,
4372,South Asia (WB),WB_SA,1985,43.42,,,
4373,South Asia (WB),WB_SA,1986,44.09,,,
4374,South Asia (WB),WB_SA,1987,44.77,,,
4375,South Asia (WB),WB_SA,1988,45.48,,,
4376,South Asia (WB),WB_SA,1989,46.27,,,
4377,South Asia (WB),WB_SA,1990,47.05,,,
4378,South Asia (WB),WB_SA,1991,47.78,,,
4379,South Asia (WB),WB_SA,1992,48.56,,,
4380,South Asia (WB),WB_SA,1993,49.35,,,
4381,South Asia (WB),WB_SA,1994,50.15,,,
4382,South Asia (WB),WB_SA,1995,50.95,,,
4383,South Asia (WB),WB_SA,1996,51.78,,,
4384,South Asia (WB),WB_SA,1997,52.6,,,
4385,South Asia (WB),WB_SA,1998,57.92,,,
4386,South Asia (WB),WB_SA,1999,58.73,,,
4387,South Asia (WB),WB_SA,2000,59.52,,,
4388,South Asia (WB),WB_SA,2001,60.31,,,
4389,South Asia (WB),WB_SA,2002,61.13,,,
4390,South Asia (WB),WB_SA,2003,61.94,,,
4391,South Asia (WB),WB_SA,2004,62.74,,,
4392,South Asia (WB),WB_SA,2005,62.44,,,
4393,South Asia (WB),WB_SA,2006,62.53,,,
4394,South Asia (WB),WB_SA,2007,63.38,,,
4395,South Asia (WB),WB_SA,2008,64.21,,,
4396,South Asia (WB),WB_SA,2009,65.04,,,
4397,South Asia (WB),WB_SA,2010,67.94,,,
4398,South Asia (WB),WB_SA,2011,68.7,,,
4399,South Asia (WB),WB_SA,2012,68.53,,,
4400,South Asia (WB),WB_SA,2013,69.84,,,
4401,South Asia (WB),WB_SA,2014,70.56,,,
4402,South Asia (WB),WB_SA,2015,71.96,,,
4403,South Asia (WB),WB_SA,2016,73.35,,,
4404,South Asia (WB),WB_SA,2017,74.02,,,
4405,South Asia (WB),WB_SA,2018,74.74,,,
4406,South Asia (WB),WB_SA,2019,74.51,,,
4407,South Asia (WB),WB_SA,2020,75.24,,,
4408,South Asia (WB),WB_SA,2021,76.06,,,
4409,South Asia (WB),WB_SA,2022,76.9,,,
4410,South Asia (WB),WB_SA,2023,77.57,,,
4411,South Korea,KOR,1870,,0.01,9663904.0,Asia
4412,South Korea,KOR,1875,,0.01,9669329.0,Asia
4413,South Korea,KOR,1880,,0.01,9671270.0,Asia
4414,South Korea,KOR,1885,,0.01,9673164.0,Asia
4415,South Korea,KOR,1890,,0.01,9675019.0,Asia
4416,South Korea,KOR,1895,,0.01,9676883.0,Asia
4417,South Korea,KOR,1900,,0.3,9687522.0,Asia
4418,South Korea,KOR,1905,,0.6,9754112.0,Asia
4419,South Korea,KOR,1910,,0.82,9911592.0,Asia
4420,South Korea,KOR,1915,,1.46,10607621.0,Asia
4421,South Korea,KOR,1920,,1.96,11464533.0,Asia
4422,South Korea,KOR,1925,,2.37,12435630.0,Asia
4423,South Korea,KOR,1930,,2.8,13456220.0,Asia
4424,South Korea,KOR,1935,,3.24,14306538.0,Asia
4425,South Korea,KOR,1940,,3.63,15330291.0,Asia
4426,South Korea,KOR,1945,,3.96,17532227.0,Asia
4427,South Korea,KOR,1950,37.5,4.64,19757319.0,Asia
4428,South Korea,KOR,1955,,5.22,22125104.0,Asia
4429,South Korea,KOR,1960,,4.46,26115388.0,Asia
4430,South Korea,KOR,1965,,5.68,29284343.0,Asia
4431,South Korea,KOR,1970,,6.59,32542203.0,Asia
4432,South Korea,KOR,1975,,7.54,35875741.0,Asia
4433,South Korea,KOR,1980,,8.61,38141109.0,Asia
4434,South Korea,KOR,1985,,9.52,41148956.0,Asia
4435,South Korea,KOR,1990,,10.46,44081425.0,Asia
4436,South Korea,KOR,1995,,11.17,45368425.0,Asia
4437,South Korea,KOR,2000,,11.8,46766660.0,Asia
4438,South Korea,KOR,2005,,12.27,47851646.0,Asia
4439,South Korea,KOR,2008,97.97,,48356485.0,Asia
4440,South Korea,KOR,2010,,12.96,48769329.0,Asia
4441,South Korea,KOR,2015,,13.33,50983909.0,Asia
4442,South Korea,KOR,2020,,13.68,51858481.0,Asia
4443,South Sudan,SSD,2008,26.83,,8817645.0,Africa
4444,Spain,ESP,1475,3.0,,6500000.0,Europe
4445,Spain,ESP,1550,4.0,,8500000.0,Europe
4446,Spain,ESP,1650,5.0,,8000000.0,Europe
4447,Spain,ESP,1750,8.0,,10073306.0,Europe
4448,Spain,ESP,1870,,1.63,16205967.0,Europe
4449,Spain,ESP,1875,,1.86,16527207.0,Europe
4450,Spain,ESP,1880,,2.19,16871852.0,Europe
4451,Spain,ESP,1885,,2.54,17302962.0,Europe
4452,Spain,ESP,1890,,2.84,17749968.0,Europe
4453,Spain,ESP,1895,,3.09,18157788.0,Europe
4454,Spain,ESP,1900,41.3,3.27,18592411.0,Europe
4455,Spain,ESP,1905,,3.4,19202565.0,Europe
4456,Spain,ESP,1910,47.8,3.49,19859082.0,Europe
4457,Spain,ESP,1915,,3.38,20535137.0,Europe
4458,Spain,ESP,1920,56.0,3.28,21275357.0,Europe
4459,Spain,ESP,1925,,3.2,22314065.0,Europe
4460,Spain,ESP,1930,,3.31,23440849.0,Europe
4461,Spain,ESP,1935,,3.31,24576871.0,Europe
4462,Spain,ESP,1940,76.8,3.42,25747164.0,Europe
4463,Spain,ESP,1945,,3.66,26888200.0,Europe
4464,Spain,ESP,1950,82.5,3.83,28077048.0,Europe
4465,Spain,ESP,1955,,4.04,29089774.0,Europe
4466,Spain,ESP,1960,,4.42,30404938.0,Europe
4467,Spain,ESP,1965,,4.7,32110669.0,Europe
4468,Spain,ESP,1970,,5.33,33812720.0,Europe
4469,Spain,ESP,1975,,6.19,35795771.0,Europe
4470,Spain,ESP,1980,,7.24,37537560.0,Europe
4471,Spain,ESP,1981,92.81,,37812708.0,Europe
4472,Spain,ESP,1985,,7.24,38601315.0,Europe
4473,Spain,ESP,1990,,7.51,39084975.0,Europe
4474,Spain,ESP,1991,96.49,,39201750.0,Europe
4475,Spain,ESP,1995,,8.72,40052733.0,Europe
4476,Spain,ESP,2000,,9.65,41019772.0,Europe
4477,Spain,ESP,2004,97.17,,43234562.0,Europe
4478,Spain,ESP,2005,97.75,10.64,43958883.0,Europe
4479,Spain,ESP,2006,97.75,,44695446.0,Europe
4480,Spain,ESP,2007,97.94,,45516501.0,Europe
4481,Spain,ESP,2008,97.63,,46235055.0,Europe
4482,Spain,ESP,2009,97.68,,46635182.0,Europe
4483,Spain,ESP,2010,97.75,10.75,46840469.0,Europe
4484,Spain,ESP,2011,97.78,,46998040.0,Europe
4485,Spain,ESP,2012,97.89,,47018323.0,Europe
4486,Spain,ESP,2013,98.08,,46860394.0,Europe
4487,Spain,ESP,2014,98.09,,46720187.0,Europe
4488,Spain,ESP,2015,98.14,11.24,46683683.0,Europe
4489,Spain,ESP,2016,98.25,,46732768.0,Europe
4490,Spain,ESP,2018,98.44,,47092817.0,Europe
4491,Spain,ESP,2020,98.59,11.51,47679482.0,Europe
4492,Spain,ESP,2021,99.7,,47735670.0,Europe
4493,Sri Lanka,LKA,1870,,0.16,2777781.0,Asia
4494,Sri Lanka,LKA,1875,,0.18,2955263.0,Asia
4495,Sri Lanka,LKA,1880,,0.19,3092435.0,Asia
4496,Sri Lanka,LKA,1885,,0.23,3260992.0,Asia
4497,Sri Lanka,LKA,1890,,0.3,3454615.0,Asia
4498,Sri Lanka,LKA,1895,,0.38,3738296.0,Asia
4499,Sri Lanka,LKA,1900,,0.48,4063376.0,Asia
4500,Sri Lanka,LKA,1901,26.4,,4135627.0,Asia
4501,Sri Lanka,LKA,1905,,0.58,4449526.0,Asia
4502,Sri Lanka,LKA,1910,,0.87,4860106.0,Asia
4503,Sri Lanka,LKA,1911,31.0,,4932467.0,Asia
4504,Sri Lanka,LKA,1915,,1.17,5190518.0,Asia
4505,Sri Lanka,LKA,1920,,1.42,5500957.0,Asia
4506,Sri Lanka,LKA,1921,39.9,,5554509.0,Asia
4507,Sri Lanka,LKA,1925,,2.08,5746923.0,Asia
4508,Sri Lanka,LKA,1930,,2.42,5987713.0,Asia
4509,Sri Lanka,LKA,1935,,2.76,6211836.0,Asia
4510,Sri Lanka,LKA,1940,,3.05,6492745.0,Asia
4511,Sri Lanka,LKA,1945,,3.3,7139430.0,Asia
4512,Sri Lanka,LKA,1946,57.8,,7287633.0,Asia
4513,Sri Lanka,LKA,1950,62.5,3.55,7811051.0,Asia
4514,Sri Lanka,LKA,1955,,3.84,8623328.0,Asia
4515,Sri Lanka,LKA,1960,,4.12,9661384.0,Asia
4516,Sri Lanka,LKA,1965,,4.49,10916965.0,Asia
4517,Sri Lanka,LKA,1970,,6.63,12287113.0,Asia
4518,Sri Lanka,LKA,1975,,6.97,13548989.0,Asia
4519,Sri Lanka,LKA,1980,,7.22,14847972.0,Asia
4520,Sri Lanka,LKA,1981,86.78,,15099417.0,Asia
4521,Sri Lanka,LKA,1985,,7.89,15544152.0,Asia
4522,Sri Lanka,LKA,1990,,8.9,16352460.0,Asia
4523,Sri Lanka,LKA,1995,,9.83,17564065.0,Asia
4524,Sri Lanka,LKA,2000,,10.77,19293056.0,Asia
4525,Sri Lanka,LKA,2001,90.68,,19600361.0,Asia
4526,Sri Lanka,LKA,2005,,10.83,20216531.0,Asia
4527,Sri Lanka,LKA,2006,90.81,,20352416.0,Asia
4528,Sri Lanka,LKA,2008,90.56,,20629377.0,Asia
4529,Sri Lanka,LKA,2010,91.18,10.67,20879092.0,Asia
4530,Sri Lanka,LKA,2014,92.53466,,21547454.0,Asia
4531,Sri Lanka,LKA,2015,92.55379,10.09,21729975.0,Asia
4532,Sri Lanka,LKA,2016,92.39,,21910763.0,Asia
4533,Sri Lanka,LKA,2017,91.9,,22087525.0,Asia
4534,Sri Lanka,LKA,2018,91.71,,22253116.0,Asia
4535,Sri Lanka,LKA,2019,92.25,,22410552.0,Asia
4536,Sri Lanka,LKA,2020,92.38,10.33,22561808.0,Asia
4537,Sri Lanka,LKA,2021,92.43,,22700377.0,Asia
4538,Sri Lanka,LKA,2022,92.49,,22834965.0,Asia
4539,Sri Lanka,LKA,2023,92.66,,22971615.0,Asia
4540,Sub-Saharan Africa (SDG),,1984,48.97,,,
4541,Sub-Saharan Africa (SDG),,1985,49.34,,,
4542,Sub-Saharan Africa (SDG),,1986,49.68,,,
4543,Sub-Saharan Africa (SDG),,1987,50.35,,,
4544,Sub-Saharan Africa (SDG),,1988,50.89,,,
4545,Sub-Saharan Africa (SDG),,1989,51.44,,,
4546,Sub-Saharan Africa (SDG),,1990,52.11,,,
4547,Sub-Saharan Africa (SDG),,1991,52.48,,,
4548,Sub-Saharan Africa (SDG),,1992,52.97,,,
4549,Sub-Saharan Africa (SDG),,1993,53.58,,,
4550,Sub-Saharan Africa (SDG),,1994,54.23,,,
4551,Sub-Saharan Africa (SDG),,1995,54.65,,,
4552,Sub-Saharan Africa (SDG),,1996,55.25,,,
4553,Sub-Saharan Africa (SDG),,1997,56.03,,,
4554,Sub-Saharan Africa (SDG),,1998,56.68,,,
4555,Sub-Saharan Africa (SDG),,1999,57.54,,,
4556,Sub-Saharan Africa (SDG),,2000,56.33,,,
4557,Sub-Saharan Africa (SDG),,2001,57.09,,,
4558,Sub-Saharan Africa (SDG),,2002,57.78,,,
4559,Sub-Saharan Africa (SDG),,2003,58.29,,,
4560,Sub-Saharan Africa (SDG),,2004,58.96,,,
4561,Sub-Saharan Africa (SDG),,2005,58.58,,,
4562,Sub-Saharan Africa (SDG),,2006,58.27,,,
4563,Sub-Saharan Africa (SDG),,2007,58.03,,,
4564,Sub-Saharan Africa (SDG),,2008,58.35,,,
4565,Sub-Saharan Africa (SDG),,2009,58.81,,,
4566,Sub-Saharan Africa (SDG),,2010,59.48,,,
4567,Sub-Saharan Africa (SDG),,2011,61.2,,,
4568,Sub-Saharan Africa (SDG),,2012,62.45,,,
4569,Sub-Saharan Africa (SDG),,2013,63.34,,,
4570,Sub-Saharan Africa (SDG),,2014,63.88,,,
4571,Sub-Saharan Africa (SDG),,2015,64.47,,,
4572,Sub-Saharan Africa (SDG),,2016,65.09,,,
4573,Sub-Saharan Africa (SDG),,2017,65.44,,,
4574,Sub-Saharan Africa (SDG),,2018,67.36,,,
4575,Sub-Saharan Africa (SDG),,2019,67.99,,,
4576,Sub-Saharan Africa (SDG),,2020,68.16,,,
4577,Sub-Saharan Africa (SDG),,2021,68.11,,,
4578,Sub-Saharan Africa (SDG),,2022,68.44,,,
4579,Sub-Saharan Africa (SDG),,2023,68.73,,,
4580,Sub-Saharan Africa (WB),WB_SSA,1985,49.66,,,
4581,Sub-Saharan Africa (WB),WB_SSA,1986,49.99,,,
4582,Sub-Saharan Africa (WB),WB_SSA,1987,50.63,,,
4583,Sub-Saharan Africa (WB),WB_SSA,1988,51.14,,,
4584,Sub-Saharan Africa (WB),WB_SSA,1989,51.68,,,
4585,Sub-Saharan Africa (WB),WB_SSA,1990,52.32,,,
4586,Sub-Saharan Africa (WB),WB_SSA,1991,52.67,,,
4587,Sub-Saharan Africa (WB),WB_SSA,1992,53.14,,,
4588,Sub-Saharan Africa (WB),WB_SSA,1993,53.72,,,
4589,Sub-Saharan Africa (WB),WB_SSA,1994,54.34,,,
4590,Sub-Saharan Africa (WB),WB_SSA,1995,54.74,,,
4591,Sub-Saharan Africa (WB),WB_SSA,1996,55.37,,,
4592,Sub-Saharan Africa (WB),WB_SSA,1997,56.16,,,
4593,Sub-Saharan Africa (WB),WB_SSA,1998,56.83,,,
4594,Sub-Saharan Africa (WB),WB_SSA,1999,57.7,,,
4595,Sub-Saharan Africa (WB),WB_SSA,2000,56.57,,,
4596,Sub-Saharan Africa (WB),WB_SSA,2001,57.34,,,
4597,Sub-Saharan Africa (WB),WB_SSA,2002,58.05,,,
4598,Sub-Saharan Africa (WB),WB_SSA,2003,58.58,,,
4599,Sub-Saharan Africa (WB),WB_SSA,2004,59.26,,,
4600,Sub-Saharan Africa (WB),WB_SSA,2005,58.94,,,
4601,Sub-Saharan Africa (WB),WB_SSA,2006,58.03,,,
4602,Sub-Saharan Africa (WB),WB_SSA,2007,57.83,,,
4603,Sub-Saharan Africa (WB),WB_SSA,2008,58.17,,,
4604,Sub-Saharan Africa (WB),WB_SSA,2009,58.65,,,
4605,Sub-Saharan Africa (WB),WB_SSA,2010,59.32,,,
4606,Sub-Saharan Africa (WB),WB_SSA,2011,61.01,,,
4607,Sub-Saharan Africa (WB),WB_SSA,2012,62.24,,,
4608,Sub-Saharan Africa (WB),WB_SSA,2013,63.12,,,
4609,Sub-Saharan Africa (WB),WB_SSA,2014,63.67,,,
4610,Sub-Saharan Africa (WB),WB_SSA,2015,64.26,,,
4611,Sub-Saharan Africa (WB),WB_SSA,2016,64.89,,,
4612,Sub-Saharan Africa (WB),WB_SSA,2017,65.25,,,
4613,Sub-Saharan Africa (WB),WB_SSA,2018,67.13,,,
4614,Sub-Saharan Africa (WB),WB_SSA,2019,67.73,,,
4615,Sub-Saharan Africa (WB),WB_SSA,2020,67.89,,,
4616,Sub-Saharan Africa (WB),WB_SSA,2021,67.84,,,
4617,Sub-Saharan Africa (WB),WB_SSA,2022,68.15,,,
4618,Sub-Saharan Africa (WB),WB_SSA,2023,68.44,,,
4619,Sudan,SDN,1870,,0.01,4882759.0,Africa
4620,Sudan,SDN,1875,,0.01,4929581.0,Africa
4621,Sudan,SDN,1880,,0.01,4977386.0,Africa
4622,Sudan,SDN,1885,,0.01,5024850.0,Africa
4623,Sudan,SDN,1890,,0.01,5071932.0,Africa
4624,Sudan,SDN,1895,,0.01,5118592.0,Africa
4625,Sudan,SDN,1900,,0.02,5164788.0,Africa
4626,Sudan,SDN,1905,,0.02,5210473.0,Africa
4627,Sudan,SDN,1910,,0.03,5255604.0,Africa
4628,Sudan,SDN,1915,,0.15,5299641.0,Africa
4629,Sudan,SDN,1920,,0.16,5388664.0,Africa
4630,Sudan,SDN,1925,,0.18,5509789.0,Africa
4631,Sudan,SDN,1930,,0.22,5633637.0,Africa
4632,Sudan,SDN,1935,,0.24,5760270.0,Africa
4633,Sudan,SDN,1940,,0.27,5889749.0,Africa
4634,Sudan,SDN,1945,,0.29,6022138.0,Africa
4635,Sudan,SDN,1950,7.5,0.35,6189915.0,Africa
4636,Sudan,SDN,1955,,0.43,7181691.0,Africa
4637,Sudan,SDN,1960,,0.51,8364491.0,Africa
4638,Sudan,SDN,1965,,0.63,9858033.0,Africa
4639,Sudan,SDN,1970,,0.78,11695768.0,Africa
4640,Sudan,SDN,1975,,1.03,14064803.0,Africa
4641,Sudan,SDN,1980,,1.42,17058908.0,Africa
4642,Sudan,SDN,1985,,1.93,19905872.0,Africa
4643,Sudan,SDN,1990,,2.4,22021484.0,Africa
4644,Sudan,SDN,1995,,2.78,24672144.0,Africa
4645,Sudan,SDN,2000,61.35,3.09,27816748.0,Africa
4646,Sudan,SDN,2005,,3.31,31262447.0,Africa
4647,Sudan,SDN,2008,53.52,,33623980.0,Africa
4648,Sudan,SDN,2010,,3.49,35414403.0,Africa
4649,Sudan,SDN,2015,,3.85,40024433.0,Africa
4650,Sudan,SDN,2020,,4.38,46789237.0,Africa
4651,Suriname,SUR,1950,72.5,,195575.0,South America
4652,Suriname,SUR,2004,89.6,,513928.0,South America
4653,Suriname,SUR,2008,94.62,,537252.0,South America
4654,Suriname,SUR,2010,94.68,,549931.0,South America
4655,Suriname,SUR,2012,92.87,,562640.0,South America
4656,Sweden,SWE,1475,1.0,,507784.0,Europe
4657,Sweden,SWE,1550,1.0,,766244.0,Europe
4658,Sweden,SWE,1650,23.0,,1368171.0,Europe
4659,Sweden,SWE,1750,48.0,,1772683.0,Europe
4660,Sweden,SWE,1870,,3.6,4168979.0,Europe
4661,Sweden,SWE,1875,,3.71,4366984.0,Europe
4662,Sweden,SWE,1880,,3.85,4563030.0,Europe
4663,Sweden,SWE,1885,,3.98,4679989.0,Europe
4664,Sweden,SWE,1890,,4.09,4792852.0,Europe
4665,Sweden,SWE,1895,,4.21,4952734.0,Europe
4666,Sweden,SWE,1900,,4.32,5123503.0,Europe
4667,Sweden,SWE,1905,,4.42,5289570.0,Europe
4668,Sweden,SWE,1910,,4.5,5463482.0,Europe
4669,Sweden,SWE,1915,,4.59,5670156.0,Europe
4670,Sweden,SWE,1920,,4.84,5876734.0,Europe
4671,Sweden,SWE,1925,,5.06,6014675.0,Europe
4672,Sweden,SWE,1930,,5.64,6141408.0,Europe
4673,Sweden,SWE,1935,,5.89,6255485.0,Europe
4674,Sweden,SWE,1940,,6.16,6393377.0,Europe
4675,Sweden,SWE,1945,,6.53,6691367.0,Europe
4676,Sweden,SWE,1950,98.5,6.95,7016565.0,Europe
4677,Sweden,SWE,1955,,7.28,7262328.0,Europe
4678,Sweden,SWE,1960,,7.69,7484597.0,Europe
4679,Sweden,SWE,1965,,8.12,7733011.0,Europe
4680,Sweden,SWE,1970,,8.65,8042783.0,Europe
4681,Sweden,SWE,1975,,9.62,8192641.0,Europe
4682,Sweden,SWE,1980,,10.3,8310470.0,Europe
4683,Sweden,SWE,1985,,10.65,8350249.0,Europe
4684,Sweden,SWE,1990,,11.03,8558571.0,Europe
4685,Sweden,SWE,1995,,11.41,8826298.0,Europe
4686,Sweden,SWE,2000,,11.72,8872099.0,Europe
4687,Sweden,SWE,2005,,11.86,9029771.0,Europe
4688,Sweden,SWE,2010,,11.95,9378234.0,Europe
4689,Sweden,SWE,2015,,11.89,9799483.0,Europe
4690,Sweden,SWE,2020,,11.93,10353682.0,Europe
4691,Switzerland,CHE,1870,,4.09,2655155.0,Europe
4692,Switzerland,CHE,1875,,4.28,2743419.0,Europe
4693,Switzerland,CHE,1880,,4.47,2831582.0,Europe
4694,Switzerland,CHE,1885,,4.68,2891309.0,Europe
4695,Switzerland,CHE,1890,,4.91,2960412.0,Europe
4696,Switzerland,CHE,1895,,5.13,3116589.0,Europe
4697,Switzerland,CHE,1900,,5.31,3297641.0,Europe
4698,Switzerland,CHE,1905,,5.67,3505221.0,Europe
4699,Switzerland,CHE,1910,,6.05,3708897.0,Europe
4700,Switzerland,CHE,1915,,6.37,3797595.0,Europe
4701,Switzerland,CHE,1920,,7.11,3870407.0,Europe
4702,Switzerland,CHE,1925,,7.45,3954753.0,Europe
4703,Switzerland,CHE,1930,,7.72,4042131.0,Europe
4704,Switzerland,CHE,1935,,7.96,4128912.0,Europe
4705,Switzerland,CHE,1940,,8.21,4233223.0,Europe
4706,Switzerland,CHE,1945,,8.52,4444943.0,Europe
4707,Switzerland,CHE,1950,98.5,8.97,4692642.0,Europe
4708,Switzerland,CHE,1955,,9.09,5002118.0,Europe
4709,Switzerland,CHE,1960,,9.16,5327777.0,Europe
4710,Switzerland,CHE,1965,,9.5,5856414.0,Europe
4711,Switzerland,CHE,1970,,9.9,6180922.0,Europe
4712,Switzerland,CHE,1975,,10.55,6338600.0,Europe
4713,Switzerland,CHE,1980,,11.32,6319848.0,Europe
4714,Switzerland,CHE,1985,,10.67,6470959.0,Europe
4715,Switzerland,CHE,1990,,10.54,6713168.0,Europe
4716,Switzerland,CHE,1995,,10.41,7040481.0,Europe
4717,Switzerland,CHE,2000,,10.14,7184003.0,Europe
4718,Switzerland,CHE,2005,,10.82,7431824.0,Europe
4719,Switzerland,CHE,2010,,12.92,7825750.0,Europe
4720,Switzerland,CHE,2015,,12.95,8283940.0,Europe
4721,Switzerland,CHE,2020,,12.97,8640582.0,Europe
4722,Syria,SYR,1870,,0.01,1584954.0,Asia
4723,Syria,SYR,1875,,0.01,1612588.0,Asia
4724,Syria,SYR,1880,,0.02,1640702.0,Asia
4725,Syria,SYR,1885,,0.02,1669306.0,Asia
4726,Syria,SYR,1890,,0.02,1698409.0,Asia
4727,Syria,SYR,1895,,0.03,1728018.0,Asia
4728,Syria,SYR,1900,,0.04,1768504.0,Asia
4729,Syria,SYR,1905,,0.11,1877878.0,Asia
4730,Syria,SYR,1910,,0.16,2006651.0,Asia
4731,Syria,SYR,1915,,0.21,2152230.0,Asia
4732,Syria,SYR,1920,,0.37,2309054.0,Asia
4733,Syria,SYR,1925,,0.43,2476848.0,Asia
4734,Syria,SYR,1930,,0.5,2656835.0,Asia
4735,Syria,SYR,1935,,0.6,2849902.0,Asia
4736,Syria,SYR,1940,,0.69,3056998.0,Asia
4737,Syria,SYR,1945,,0.8,3279143.0,Asia
4738,Syria,SYR,1950,27.5,0.92,3612085.0,Asia
4739,Syria,SYR,1955,,1.05,4050600.0,Asia
4740,Syria,SYR,1960,,1.31,4673502.0,Asia
4741,Syria,SYR,1965,,1.63,5435268.0,Asia
4742,Syria,SYR,1970,,2.2,6380612.0,Asia
4743,Syria,SYR,1975,,2.89,7554368.0,Asia
4744,Syria,SYR,1980,,3.55,8957664.0,Asia
4745,Syria,SYR,1981,55.65,,9260187.0,Asia
4746,Syria,SYR,1985,,4.26,10625673.0,Asia
4747,Syria,SYR,1990,,4.68,12579212.0,Asia
4748,Syria,SYR,1995,,4.77,14616804.0,Asia
4749,Syria,SYR,2000,,4.79,16637884.0,Asia
4750,Syria,SYR,2002,82.89,,17468335.0,Asia
4751,Syria,SYR,2004,80.84,,18336879.0,Asia
4752,Syria,SYR,2005,,6.12,18814092.0,Asia
4753,Syria,SYR,2010,,7.07,22482417.0,Asia
4754,Syria,SYR,2015,,7.44,19424615.0,Asia
4755,Syria,SYR,2020,,7.92,21049431.0,Asia
4756,Syria,SYR,2021,94.42,,21628837.0,Asia
4757,Taiwan,TWN,1870,,0.0,2326358.0,Asia
4758,Taiwan,TWN,1875,,0.0,2358645.0,Asia
4759,Taiwan,TWN,1880,,0.0,2391752.0,Asia
4760,Taiwan,TWN,1885,,0.0,2425312.0,Asia
4761,Taiwan,TWN,1890,,0.01,2495279.0,Asia
4762,Taiwan,TWN,1895,,0.01,2629126.0,Asia
4763,Taiwan,TWN,1900,,0.02,2809533.0,Asia
4764,Taiwan,TWN,1905,,0.03,3005298.0,Asia
4765,Taiwan,TWN,1910,,0.07,3228010.0,Asia
4766,Taiwan,TWN,1915,,0.1,3463334.0,Asia
4767,Taiwan,TWN,1920,,0.53,3639403.0,Asia
4768,Taiwan,TWN,1925,,0.88,3987618.0,Asia
4769,Taiwan,TWN,1930,,1.34,4490164.0,Asia
4770,Taiwan,TWN,1935,,1.76,5112023.0,Asia
4771,Taiwan,TWN,1940,,2.12,5826611.0,Asia
4772,Taiwan,TWN,1945,,2.5,6354446.0,Asia
4773,Taiwan,TWN,1950,,3.16,7596535.0,Asia
4774,Taiwan,TWN,1955,,3.47,9104136.0,Asia
4775,Taiwan,TWN,1960,,3.76,11046263.0,Asia
4776,Taiwan,TWN,1965,,4.18,13124808.0,Asia
4777,Taiwan,TWN,1970,,5.1,14815755.0,Asia
4778,Taiwan,TWN,1975,,6.07,16365267.0,Asia
4779,Taiwan,TWN,1980,,7.1,18086521.0,Asia
4780,Taiwan,TWN,1985,,7.89,19571695.0,Asia
4781,Taiwan,TWN,1990,,8.68,20594907.0,Asia
4782,Taiwan,TWN,1995,,9.55,21534497.0,Asia
4783,Taiwan,TWN,2000,,10.38,22332873.0,Asia
4784,Taiwan,TWN,2005,,11.35,22824932.0,Asia
4785,Taiwan,TWN,2010,,11.96,23224049.0,Asia
4786,Taiwan,TWN,2015,,12.37,23529260.0,Asia
4787,Taiwan,TWN,2020,,12.76,23663461.0,Asia
4788,Tajikistan,TJK,1989,97.69,,5267255.0,Asia
4789,Tajikistan,TJK,2000,99.45,,6284737.0,Asia
4790,Tajikistan,TJK,2003,97.350235,,6658575.0,Asia
4791,Tajikistan,TJK,2007,98.029305,,7194479.0,Asia
4792,Tajikistan,TJK,2009,99.72987,,7490232.0,Asia
4793,Tajikistan,TJK,2015,,10.16,8643839.0,Asia
4794,Tajikistan,TJK,2020,,10.12,9749312.0,Asia
4795,Tanzania,TZA,1950,7.5,,7625152.0,Africa
4796,Tanzania,TZA,1988,59.11,,24769690.0,Africa
4797,Tanzania,TZA,2002,69.43,,36121301.0,Africa
4798,Tanzania,TZA,2012,78.1,,47374261.0,Africa
4799,Tanzania,TZA,2014,79.89494,,50351506.0,Africa
4800,Tanzania,TZA,2015,77.89,6.41,52020958.0,Africa
4801,Tanzania,TZA,2020,82.2361,6.87,60972803.0,Africa
4802,Tanzania,TZA,2022,78.21,,64711822.0,Africa
4803,Thailand,THA,1870,,0.01,5807044.0,Asia
4804,Thailand,THA,1875,,0.01,6018224.0,Asia
4805,Thailand,THA,1880,,0.01,6245403.0,Asia
4806,Thailand,THA,1885,,0.01,6481151.0,Asia
4807,Thailand,THA,1890,,0.02,6734361.0,Asia
4808,Thailand,THA,1895,,0.03,7053396.0,Asia
4809,Thailand,THA,1900,,0.04,7411725.0,Asia
4810,Thailand,THA,1905,,0.2,7887330.0,Asia
4811,Thailand,THA,1910,,0.34,8430298.0,Asia
4812,Thailand,THA,1915,,0.46,9146885.0,Asia
4813,Thailand,THA,1920,,0.51,9983580.0,Asia
4814,Thailand,THA,1925,,0.6,11180768.0,Asia
4815,Thailand,THA,1930,,0.73,12563733.0,Asia
4816,Thailand,THA,1935,,0.99,14065091.0,Asia
4817,Thailand,THA,1940,,1.25,15767871.0,Asia
4818,Thailand,THA,1945,,1.67,17889744.0,Asia
4819,Thailand,THA,1950,52.5,2.16,20428401.0,Asia
4820,Thailand,THA,1955,,2.44,23343179.0,Asia
4821,Thailand,THA,1960,,2.68,26851751.0,Asia
4822,Thailand,THA,1965,,2.39,31149337.0,Asia
4823,Thailand,THA,1970,,2.74,35954411.0,Asia
4824,Thailand,THA,1975,,3.24,40939999.0,Asia
4825,Thailand,THA,1980,87.98,3.9,45650031.0,Asia
4826,Thailand,THA,1985,,4.45,50270754.0,Asia
4827,Thailand,THA,1990,,5.21,54738329.0,Asia
4828,Thailand,THA,1995,,5.79,59098231.0,Asia
4829,Thailand,THA,2000,92.65,6.09,63007815.0,Asia
4830,Thailand,THA,2005,93.51,7.46,66017415.0,Asia
4831,Thailand,THA,2010,96.43,8.47,68579443.0,Asia
4832,Thailand,THA,2013,93.7,,69845112.0,Asia
4833,Thailand,THA,2015,92.87,8.71,70540787.0,Asia
4834,Thailand,THA,2016,91.98,,70859835.0,Asia
4835,Thailand,THA,2018,93.77,,71376081.0,Asia
4836,Thailand,THA,2019,91.27,,71522264.0,Asia
4837,Thailand,THA,2020,,9.32,71641484.0,Asia
4838,Thailand,THA,2022,91.1,,71735321.0,Asia
4839,Togo,TGO,1870,,0.01,581006.0,Africa
4840,Togo,TGO,1875,,0.01,608902.0,Africa
4841,Togo,TGO,1880,,0.01,638484.0,Africa
4842,Togo,TGO,1885,,0.02,664465.0,Africa
4843,Togo,TGO,1890,,0.02,690680.0,Africa
4844,Togo,TGO,1895,,0.03,717920.0,Africa
4845,Togo,TGO,1900,,0.04,746223.0,Africa
4846,Togo,TGO,1905,,0.05,775631.0,Africa
4847,Togo,TGO,1910,,0.07,806672.0,Africa
4848,Togo,TGO,1915,,0.1,842115.0,Africa
4849,Togo,TGO,1920,,0.11,881367.0,Africa
4850,Togo,TGO,1925,,0.12,945631.0,Africa
4851,Togo,TGO,1930,,0.25,1018096.0,Africa
4852,Togo,TGO,1935,,0.27,1092017.0,Africa
4853,Togo,TGO,1940,,0.29,1173468.0,Africa
4854,Togo,TGO,1945,,0.32,1280007.0,Africa
4855,Togo,TGO,1950,7.5,0.36,1399596.0,Africa
4856,Togo,TGO,1955,,0.43,1529948.0,Africa
4857,Togo,TGO,1960,,0.53,1673110.0,Africa
4858,Togo,TGO,1965,,0.65,1835587.0,Africa
4859,Togo,TGO,1970,,0.92,2149480.0,Africa
4860,Togo,TGO,1975,,1.93,2463792.0,Africa
4861,Togo,TGO,1980,,2.95,2791409.0,Africa
4862,Togo,TGO,1985,,3.65,3194544.0,Africa
4863,Togo,TGO,1990,,4.3,3714023.0,Africa
4864,Togo,TGO,1995,,4.62,4110452.0,Africa
4865,Togo,TGO,2000,53.18,5.05,4783721.0,Africa
4866,Togo,TGO,2005,,5.44,5413151.0,Africa
4867,Togo,TGO,2006,56.89,,5569659.0,Africa
4868,Togo,TGO,2009,57.09,,6130944.0,Africa
4869,Togo,TGO,2010,57.2,6.09,6325791.0,Africa
4870,Togo,TGO,2011,60.41,,6500577.0,Africa
4871,Togo,TGO,2015,63.75,6.85,7071500.0,Africa
4872,Togo,TGO,2017,60.9537,,7324379.0,Africa
4873,Togo,TGO,2019,66.54,,7619916.0,Africa
4874,Togo,TGO,2020,,7.68,7788058.0,Africa
4875,Togo,TGO,2022,72.6,,8068616.0,Africa
4876,Tokelau,TKL,1950,96.0,,1612.0,Oceania
4877,Tokelau,TKL,2022,100.0,,2312.0,Oceania
4878,Tonga,TON,1950,92.5,,49679.0,Oceania
4879,Tonga,TON,1976,99.59,,95343.0,Oceania
4880,Tonga,TON,1996,98.91,,100294.0,Oceania
4881,Tonga,TON,2006,99.02,,106266.0,Oceania
4882,Tonga,TON,2011,99.39,,107584.0,Oceania
4883,Tonga,TON,2015,,11.22,106110.0,Oceania
4884,Tonga,TON,2016,97.15,,105536.0,Oceania
4885,Tonga,TON,2019,91.05,,105688.0,Oceania
4886,Tonga,TON,2020,,11.42,105721.0,Oceania
4887,Tonga,TON,2023,99.48,,104613.0,Oceania
4888,Trinidad and Tobago,TTO,1870,,0.5,125755.0,North America
4889,Trinidad and Tobago,TTO,1875,,0.59,147143.0,North America
4890,Trinidad and Tobago,TTO,1880,,0.69,172262.0,North America
4891,Trinidad and Tobago,TTO,1885,,0.86,195743.0,North America
4892,Trinidad and Tobago,TTO,1890,,1.05,220924.0,North America
4893,Trinidad and Tobago,TTO,1895,,1.29,245925.0,North America
4894,Trinidad and Tobago,TTO,1900,,1.66,273257.0,North America
4895,Trinidad and Tobago,TTO,1905,,2.0,304163.0,North America
4896,Trinidad and Tobago,TTO,1910,,2.41,337613.0,North America
4897,Trinidad and Tobago,TTO,1915,,2.92,367737.0,North America
4898,Trinidad and Tobago,TTO,1920,,3.28,396002.0,North America
4899,Trinidad and Tobago,TTO,1925,,3.55,406973.0,North America
4900,Trinidad and Tobago,TTO,1930,,3.93,418330.0,North America
4901,Trinidad and Tobago,TTO,1935,,4.3,450298.0,North America
4902,Trinidad and Tobago,TTO,1940,,4.61,491882.0,North America
4903,Trinidad and Tobago,TTO,1945,,4.92,562817.0,North America
4904,Trinidad and Tobago,TTO,1950,77.5,5.16,648778.0,North America
4905,Trinidad and Tobago,TTO,1955,,5.37,741247.0,North America
4906,Trinidad and Tobago,TTO,1960,,5.73,844952.0,North America
4907,Trinidad and Tobago,TTO,1965,,6.05,928433.0,North America
4908,Trinidad and Tobago,TTO,1970,,6.51,991480.0,North America
4909,Trinidad and Tobago,TTO,1975,,7.03,1053468.0,North America
4910,Trinidad and Tobago,TTO,1980,94.97,7.57,1121750.0,North America
4911,Trinidad and Tobago,TTO,1985,,8.13,1187370.0,North America
4912,Trinidad and Tobago,TTO,1990,96.94,8.71,1252215.0,North America
4913,Trinidad and Tobago,TTO,1995,,9.22,1295167.0,North America
4914,Trinidad and Tobago,TTO,2000,,9.72,1319781.0,North America
4915,Trinidad and Tobago,TTO,2005,,10.27,1352040.0,North America
4916,Trinidad and Tobago,TTO,2010,,10.96,1386657.0,North America
4917,Trinidad and Tobago,TTO,2015,,11.0,1429190.0,North America
4918,Trinidad and Tobago,TTO,2020,,11.28,1481026.0,North America
4919,Tunisia,TUN,1870,,0.01,1371878.0,Africa
4920,Tunisia,TUN,1875,,0.01,1445578.0,Africa
4921,Tunisia,TUN,1880,,0.01,1523231.0,Africa
4922,Tunisia,TUN,1885,,0.01,1605049.0,Africa
4923,Tunisia,TUN,1890,,0.01,1690896.0,Africa
4924,Tunisia,TUN,1895,,0.01,1778972.0,Africa
4925,Tunisia,TUN,1900,,0.02,1878648.0,Africa
4926,Tunisia,TUN,1905,,0.02,2033194.0,Africa
4927,Tunisia,TUN,1910,,0.08,2193797.0,Africa
4928,Tunisia,TUN,1915,,0.13,2269295.0,Africa
4929,Tunisia,TUN,1920,,0.18,2337611.0,Africa
4930,Tunisia,TUN,1925,,0.2,2461290.0,Africa
4931,Tunisia,TUN,1930,,0.25,2611086.0,Africa
4932,Tunisia,TUN,1935,,0.42,2839468.0,Africa
4933,Tunisia,TUN,1940,,0.51,3094602.0,Africa
4934,Tunisia,TUN,1945,,0.59,3339248.0,Africa
4935,Tunisia,TUN,1950,17.5,0.68,3608997.0,Africa
4936,Tunisia,TUN,1955,,0.82,4005135.0,Africa
4937,Tunisia,TUN,1960,,0.96,4267299.0,Africa
4938,Tunisia,TUN,1965,,1.37,4561390.0,Africa
4939,Tunisia,TUN,1970,,1.9,5131394.0,Africa
4940,Tunisia,TUN,1975,,2.63,5839266.0,Africa
4941,Tunisia,TUN,1980,,3.47,6606194.0,Africa
4942,Tunisia,TUN,1984,48.19,,7220050.0,Africa
4943,Tunisia,TUN,1985,,3.93,7409907.0,Africa
4944,Tunisia,TUN,1990,,4.68,8324509.0,Africa
4945,Tunisia,TUN,1995,,5.48,9161263.0,Africa
4946,Tunisia,TUN,2000,,6.32,9764940.0,Africa
4947,Tunisia,TUN,2004,74.3,,10166170.0,Africa
4948,Tunisia,TUN,2005,,7.21,10255474.0,Africa
4949,Tunisia,TUN,2007,77.19,,10441705.0,Africa
4950,Tunisia,TUN,2008,77.71,,10542637.0,Africa
4951,Tunisia,TUN,2010,79.13,8.0,10765984.0,Africa
4952,Tunisia,TUN,2011,79.65,,10886041.0,Africa
4953,Tunisia,TUN,2012,80.22,,11009649.0,Africa
4954,Tunisia,TUN,2014,79.04,,11274295.0,Africa
4955,Tunisia,TUN,2015,,8.63,11402270.0,Africa
4956,Tunisia,TUN,2018,79.48,,11765515.0,Africa
4957,Tunisia,TUN,2019,80.55,,11875084.0,Africa
4958,Tunisia,TUN,2020,,9.29,11974058.0,Africa
4959,Tunisia,TUN,2021,83.68,,12048625.0,Africa
4960,Tunisia,TUN,2023,86.25,,12200434.0,Africa
4961,Turkey,TUR,1870,,0.01,11762553.0,Asia
4962,Turkey,TUR,1875,,0.01,12087864.0,Asia
4963,Turkey,TUR,1880,,0.02,12443331.0,Asia
4964,Turkey,TUR,1885,,0.02,12809235.0,Asia
4965,Turkey,TUR,1890,,0.03,13185884.0,Asia
4966,Turkey,TUR,1895,,0.04,13573592.0,Asia
4967,Turkey,TUR,1900,,0.17,13972684.0,Asia
4968,Turkey,TUR,1905,,0.24,14383492.0,Asia
4969,Turkey,TUR,1910,,0.22,14683987.0,Asia
4970,Turkey,TUR,1915,,0.31,14226111.0,Asia
4971,Turkey,TUR,1920,,0.39,13800950.0,Asia
4972,Turkey,TUR,1925,,0.48,14185613.0,Asia
4973,Turkey,TUR,1927,8.2,,14394259.0,Asia
4974,Turkey,TUR,1930,,0.57,14806857.0,Asia
4975,Turkey,TUR,1935,20.4,0.69,16079757.0,Asia
4976,Turkey,TUR,1940,,0.78,17561075.0,Asia
4977,Turkey,TUR,1945,30.5,0.94,19126328.0,Asia
4978,Turkey,TUR,1950,32.5,1.14,21021142.0,Asia
4979,Turkey,TUR,1955,,1.42,24310513.0,Asia
4980,Turkey,TUR,1960,,1.84,28329895.0,Asia
4981,Turkey,TUR,1965,,2.2,32345213.0,Asia
4982,Turkey,TUR,1970,,2.58,36638458.0,Asia
4983,Turkey,TUR,1975,61.63,3.09,41053123.0,Asia
4984,Turkey,TUR,1980,65.69,3.77,45408818.0,Asia
4985,Turkey,TUR,1985,75.97,4.82,50687118.0,Asia
4986,Turkey,TUR,1990,79.23,5.22,56015627.0,Asia
4987,Turkey,TUR,1995,,5.88,61024501.0,Asia
4988,Turkey,TUR,2000,,6.37,65425957.0,Asia
4989,Turkey,TUR,2004,87.37,,68592621.0,Asia
4990,Turkey,TUR,2005,88.23,6.86,69329557.0,Asia
4991,Turkey,TUR,2006,88.12,,70045351.0,Asia
4992,Turkey,TUR,2007,88.66,,70750593.0,Asia
4993,Turkey,TUR,2009,90.82,,72464846.0,Asia
4994,Turkey,TUR,2010,92.66,7.44,73346766.0,Asia
4995,Turkey,TUR,2011,94.11,,74215203.0,Asia
4996,Turkey,TUR,2012,94.92,,75197196.0,Asia
4997,Turkey,TUR,2013,95.26,,76403032.0,Asia
4998,Turkey,TUR,2014,95.44,,78036154.0,Asia
4999,Turkey,TUR,2015,95.6,8.13,80014222.0,Asia
5000,Turkey,TUR,2016,95.86,,81652087.0,Asia
5001,Turkey,TUR,2017,96.15,,83083667.0,Asia
5002,Turkey,TUR,2019,96.74,,85357670.0,Asia
5003,Turkey,TUR,2020,,8.49,86091691.0,Asia
5004,Turkey,TUR,2021,97.26,,86686254.0,Asia
5005,Turkmenistan,TKM,1995,98.78,,4191207.0,Asia
5006,Turkmenistan,TKM,2022,99.9,,7230197.0,Asia
5007,Tuvalu,TUV,2022,100.0,,10012.0,Oceania
5008,USSR,OWID_USS,1950,92.5,,181400996.0,Europe
5009,Uganda,UGA,1870,,0.01,3311720.0,Africa
5010,Uganda,UGA,1875,,0.01,3419807.0,Africa
5011,Uganda,UGA,1880,,0.01,3533304.0,Africa
5012,Uganda,UGA,1885,,0.01,3650353.0,Africa
5013,Uganda,UGA,1890,,0.01,3757466.0,Africa
5014,Uganda,UGA,1895,,0.01,3780541.0,Africa
5015,Uganda,UGA,1900,,0.01,3774052.0,Africa
5016,Uganda,UGA,1905,,0.08,3668098.0,Africa
5017,Uganda,UGA,1910,,0.16,3562507.0,Africa
5018,Uganda,UGA,1915,,0.2,3540009.0,Africa
5019,Uganda,UGA,1920,,0.43,3555241.0,Africa
5020,Uganda,UGA,1925,,0.46,3825147.0,Africa
5021,Uganda,UGA,1930,,0.5,4153962.0,Africa
5022,Uganda,UGA,1935,,0.54,4460701.0,Africa
5023,Uganda,UGA,1940,,0.58,4793413.0,Africa
5024,Uganda,UGA,1945,,0.74,5228608.0,Africa
5025,Uganda,UGA,1950,27.5,0.92,5750917.0,Africa
5026,Uganda,UGA,1955,,1.06,6613776.0,Africa
5027,Uganda,UGA,1960,,1.18,7640975.0,Africa
5028,Uganda,UGA,1965,,1.29,8849209.0,Africa
5029,Uganda,UGA,1970,,1.58,10321608.0,Africa
5030,Uganda,UGA,1975,,2.0,11725240.0,Africa
5031,Uganda,UGA,1980,,2.4,13275751.0,Africa
5032,Uganda,UGA,1985,,3.02,15023679.0,Africa
5033,Uganda,UGA,1990,,3.71,17569895.0,Africa
5034,Uganda,UGA,1991,56.11,,18155901.0,Africa
5035,Uganda,UGA,1995,,4.17,20665673.0,Africa
5036,Uganda,UGA,2000,,4.56,24000158.0,Africa
5037,Uganda,UGA,2002,68.14,,25532872.0,Africa
5038,Uganda,UGA,2005,,5.11,27963287.0,Africa
5039,Uganda,UGA,2006,71.37,,28794005.0,Africa
5040,Uganda,UGA,2010,73.21,5.87,32390801.0,Africa
5041,Uganda,UGA,2012,70.2,,34337436.0,Africa
5042,Uganda,UGA,2014,68.51,,36395542.0,Africa
5043,Uganda,UGA,2015,,6.27,37531444.0,Africa
5044,Uganda,UGA,2016,69.1,,38799153.0,Africa
5045,Uganda,UGA,2020,,6.69,44457148.0,Africa
5046,Uganda,UGA,2021,79.04765,,45910931.0,Africa
5047,Uganda,UGA,2023,80.51,,48656606.0,Africa
5048,Ukraine,UKR,2001,99.43,,49106854.0,Europe
5049,Ukraine,UKR,2015,,10.81,45784904.0,Europe
5050,Ukraine,UKR,2020,,10.82,44680008.0,Europe
5051,United Arab Emirates,ARE,1975,53.51,,542868.0,Asia
5052,United Arab Emirates,ARE,1985,71.24,,1377918.0,Asia
5053,United Arab Emirates,ARE,2005,90.03,,4664797.0,Asia
5054,United Arab Emirates,ARE,2015,,9.35,8674633.0,Asia
5055,United Arab Emirates,ARE,2019,97.78,,9377855.0,Asia
5056,United Arab Emirates,ARE,2020,,9.57,9448529.0,Asia
5057,United Arab Emirates,ARE,2021,98.13,,9789055.0,Asia
5058,United Arab Emirates,ARE,2022,98.29,,10242085.0,Asia
5059,United Arab Emirates,ARE,2023,98.06,,10642089.0,Asia
5060,United Kingdom,GBR,1475,5.0,,4205609.0,Europe
5061,United Kingdom,GBR,1550,16.0,,5006677.0,Europe
5062,United Kingdom,GBR,1650,53.0,,6762353.0,Europe
5063,United Kingdom,GBR,1750,54.0,,9288177.0,Europe
5064,United Kingdom,GBR,1870,,0.92,31413071.0,Europe
5065,United Kingdom,GBR,1875,,0.98,32953628.0,Europe
5066,United Kingdom,GBR,1880,,1.15,34560483.0,Europe
5067,United Kingdom,GBR,1885,,1.4,35994727.0,Europe
5068,United Kingdom,GBR,1890,,1.81,37479831.0,Europe
5069,United Kingdom,GBR,1895,,2.16,39234136.0,Europe
5070,United Kingdom,GBR,1900,,2.55,41089602.0,Europe
5071,United Kingdom,GBR,1905,,3.11,42935539.0,Europe
5072,United Kingdom,GBR,1910,,3.64,44723743.0,Europe
5073,United Kingdom,GBR,1915,,4.08,45781070.0,Europe
5074,United Kingdom,GBR,1920,,4.49,46564792.0,Europe
5075,United Kingdom,GBR,1925,,4.93,46259648.0,Europe
5076,United Kingdom,GBR,1930,,5.42,45980369.0,Europe
5077,United Kingdom,GBR,1935,,5.94,46949578.0,Europe
5078,United Kingdom,GBR,1940,,6.24,48108804.0,Europe
5079,United Kingdom,GBR,1945,,6.46,49081483.0,Europe
5080,United Kingdom,GBR,1950,98.5,6.49,50121020.0,Europe
5081,United Kingdom,GBR,1955,,6.73,51176749.0,Europe
5082,United Kingdom,GBR,1960,,7.01,52538548.0,Europe
5083,United Kingdom,GBR,1965,,7.65,54359022.0,Europe
5084,United Kingdom,GBR,1970,,8.06,55663801.0,Europe
5085,United Kingdom,GBR,1975,,8.39,56220139.0,Europe
5086,United Kingdom,GBR,1980,,8.52,56282102.0,Europe
5087,United Kingdom,GBR,1985,,8.76,56606416.0,Europe
5088,United Kingdom,GBR,1990,,9.28,57367867.0,Europe
5089,United Kingdom,GBR,1995,,9.67,58154632.0,Europe
5090,United Kingdom,GBR,2000,,9.97,59057333.0,Europe
5091,United Kingdom,GBR,2005,,11.57,60596107.0,Europe
5092,United Kingdom,GBR,2010,,12.46,63006482.0,Europe
5093,United Kingdom,GBR,2015,,12.67,65382107.0,Europe
5094,United Kingdom,GBR,2020,,12.9,67351860.0,Europe
5095,United States,USA,1870,,4.26,39902173.0,North America
5096,United States,USA,1875,,4.57,44606685.0,North America
5097,United States,USA,1880,,4.89,49844419.0,North America
5098,United States,USA,1885,,5.17,55707739.0,North America
5099,United States,USA,1890,,5.55,62112247.0,North America
5100,United States,USA,1895,,5.93,68238885.0,North America
5101,United States,USA,1900,89.3,6.38,74829905.0,North America
5102,United States,USA,1905,,6.72,82253148.0,North America
5103,United States,USA,1910,92.3,6.76,90151889.0,North America
5104,United States,USA,1915,,6.97,96854312.0,North America
5105,United States,USA,1920,94.0,7.2,103898175.0,North America
5106,United States,USA,1925,,7.56,111732111.0,North America
5107,United States,USA,1930,95.7,7.9,119629770.0,North America
5108,United States,USA,1935,,8.34,124448298.0,North America
5109,United States,USA,1940,97.1,8.68,129417367.0,North America
5110,United States,USA,1945,,8.93,138111665.0,North America
5111,United States,USA,1950,96.5,8.74,154202683.0,North America
5112,United States,USA,1955,,9.14,166200028.0,North America
5113,United States,USA,1960,,9.63,180274556.0,North America
5114,United States,USA,1965,,10.42,195653774.0,North America
5115,United States,USA,1970,,11.1,207796338.0,North America
5116,United States,USA,1975,,11.73,219129299.0,North America
5117,United States,USA,1980,,12.28,229858656.0,North America
5118,United States,USA,1985,,12.35,241690438.0,North America
5119,United States,USA,1990,,12.55,253373387.0,North America
5120,United States,USA,1995,,12.83,268205796.0,North America
5121,United States,USA,2000,,13.1,281484126.0,North America
5122,United States,USA,2005,,13.01,295716666.0,North America
5123,United States,USA,2010,,13.24,311062785.0,North America
5124,United States,USA,2015,,13.29,326126496.0,North America
5125,United States,USA,2020,,13.32,339436156.0,North America
5126,United States Virgin Islands,VIR,1950,87.5,,27104.0,North America
5127,Upper-middle-income countries,OWID_UMC,1974,66.46,,1684470455.0,
5128,Upper-middle-income countries,OWID_UMC,1975,66.52,,1718245910.0,
5129,Upper-middle-income countries,OWID_UMC,1976,66.77,,1751110410.0,
5130,Upper-middle-income countries,OWID_UMC,1977,67.03,,1783273600.0,
5131,Upper-middle-income countries,OWID_UMC,1978,68.03,,1815168803.0,
5132,Upper-middle-income countries,OWID_UMC,1979,69.11,,1847597169.0,
5133,Upper-middle-income countries,OWID_UMC,1980,70.09,,1881133551.0,
5134,Upper-middle-income countries,OWID_UMC,1981,71.05,,1916523115.0,
5135,Upper-middle-income countries,OWID_UMC,1982,71.95,,1953563487.0,
5136,Upper-middle-income countries,OWID_UMC,1983,72.86,,1990121020.0,
5137,Upper-middle-income countries,OWID_UMC,1984,73.93,,2026296195.0,
5138,Upper-middle-income countries,OWID_UMC,1985,74.81,,2063538957.0,
5139,Upper-middle-income countries,OWID_UMC,1986,75.66,,2102138840.0,
5140,Upper-middle-income countries,OWID_UMC,1987,76.53,,2142257398.0,
5141,Upper-middle-income countries,OWID_UMC,1988,79.75,,2182290688.0,
5142,Upper-middle-income countries,OWID_UMC,1989,80.37,,2221836457.0,
5143,Upper-middle-income countries,OWID_UMC,1990,81.08,,2261820039.0,
5144,Upper-middle-income countries,OWID_UMC,1991,81.63,,2298844713.0,
5145,Upper-middle-income countries,OWID_UMC,1992,82.2,,2331783394.0,
5146,Upper-middle-income countries,OWID_UMC,1993,82.74,,2362713375.0,
5147,Upper-middle-income countries,OWID_UMC,1994,83.26,,2391747063.0,
5148,Upper-middle-income countries,OWID_UMC,1995,83.83,,2420230437.0,
5149,Upper-middle-income countries,OWID_UMC,1996,84.32,,2448504338.0,
5150,Upper-middle-income countries,OWID_UMC,1997,88.61,,2476023229.0,
5151,Upper-middle-income countries,OWID_UMC,1998,89.02,,2503023049.0,
5152,Upper-middle-income countries,OWID_UMC,1999,89.38,,2529456838.0,
5153,Upper-middle-income countries,OWID_UMC,2000,89.79,,2555702780.0,
5154,Upper-middle-income countries,OWID_UMC,2001,90.12,,2581301386.0,
5155,Upper-middle-income countries,OWID_UMC,2002,90.47,,2605109669.0,
5156,Upper-middle-income countries,OWID_UMC,2003,90.93,,2628458676.0,
5157,Upper-middle-income countries,OWID_UMC,2004,91.28,,2652271354.0,
5158,Upper-middle-income countries,OWID_UMC,2005,91.54,,2676427566.0,
5159,Upper-middle-income countries,OWID_UMC,2006,91.84,,2700688736.0,
5160,Upper-middle-income countries,OWID_UMC,2007,92.85,,2724523415.0,
5161,Upper-middle-income countries,OWID_UMC,2008,93.28,,2749165480.0,
5162,Upper-middle-income countries,OWID_UMC,2009,93.66,,2774944246.0,
5163,Upper-middle-income countries,OWID_UMC,2010,93.77,,2800920111.0,
5164,Upper-middle-income countries,OWID_UMC,2011,93.99,,2826529069.0,
5165,Upper-middle-income countries,OWID_UMC,2012,94.27,,2853513937.0,
5166,Upper-middle-income countries,OWID_UMC,2013,94.37,,2881781481.0,
5167,Upper-middle-income countries,OWID_UMC,2014,94.75,,2909623484.0,
5168,Upper-middle-income countries,OWID_UMC,2015,94.89,,2936592596.0,
5169,Upper-middle-income countries,OWID_UMC,2016,95.12,,2961887241.0,
5170,Upper-middle-income countries,OWID_UMC,2017,95.16,,2986941328.0,
5171,Upper-middle-income countries,OWID_UMC,2018,95.32,,3010524931.0,
5172,Upper-middle-income countries,OWID_UMC,2019,95.62,,3030827998.0,
5173,Upper-middle-income countries,OWID_UMC,2020,95.73,,3047355384.0,
5174,Upper-middle-income countries,OWID_UMC,2021,95.76,,3059569196.0,
5175,Upper-middle-income countries,OWID_UMC,2022,95.91,,3067365341.0,
5176,Upper-middle-income countries,OWID_UMC,2023,96.04,,3074336898.0,
5177,Uruguay,URY,1870,,0.34,342458.0,South America
5178,Uruguay,URY,1875,,0.41,401691.0,South America
5179,Uruguay,URY,1880,,0.51,470397.0,South America
5180,Uruguay,URY,1885,,0.62,569779.0,South America
5181,Uruguay,URY,1890,,0.75,689096.0,South America
5182,Uruguay,URY,1895,,0.85,801463.0,South America
5183,Uruguay,URY,1900,,0.94,919712.0,South America
5184,Uruguay,URY,1905,,1.03,1007909.0,South America
5185,Uruguay,URY,1910,,1.44,1101649.0,South America
5186,Uruguay,URY,1915,,1.85,1237025.0,South America
5187,Uruguay,URY,1920,,2.16,1392464.0,South America
5188,Uruguay,URY,1925,,2.84,1557826.0,South America
5189,Uruguay,URY,1930,,3.11,1732125.0,South America
5190,Uruguay,URY,1935,,3.38,1864438.0,South America
5191,Uruguay,URY,1940,,3.72,1993585.0,South America
5192,Uruguay,URY,1945,,4.06,2110016.0,South America
5193,Uruguay,URY,1950,82.5,4.47,2234414.0,South America
5194,Uruguay,URY,1955,,4.77,2367035.0,South America
5195,Uruguay,URY,1960,,5.06,2529964.0,South America
5196,Uruguay,URY,1965,,5.43,2681172.0,South America
5197,Uruguay,URY,1970,,5.94,2790811.0,South America
5198,Uruguay,URY,1975,93.86,6.45,2872328.0,South America
5199,Uruguay,URY,1980,,6.94,2951956.0,South America
5200,Uruguay,URY,1985,95.38,7.4,3017044.0,South America
5201,Uruguay,URY,1990,,7.71,3104404.0,South America
5202,Uruguay,URY,1995,,8.08,3189438.0,South America
5203,Uruguay,URY,1996,96.78,,3206329.0,South America
5204,Uruguay,URY,2000,,8.36,3266212.0,South America
5205,Uruguay,URY,2005,,8.5,3285776.0,South America
5206,Uruguay,URY,2006,97.79,,3289508.0,South America
5207,Uruguay,URY,2007,97.86,,3295155.0,South America
5208,Uruguay,URY,2008,98.16,,3302184.0,South America
5209,Uruguay,URY,2009,98.26,,3310093.0,South America
5210,Uruguay,URY,2010,98.07,8.61,3318581.0,South America
5211,Uruguay,URY,2011,98.34,,3326829.0,South America
5212,Uruguay,URY,2012,98.4,,3335406.0,South America
5213,Uruguay,URY,2013,98.36,,3345335.0,South America
5214,Uruguay,URY,2014,98.44,,3356343.0,South America
5215,Uruguay,URY,2015,98.52,8.65,3368022.0,South America
5216,Uruguay,URY,2016,98.56,,3379279.0,South America
5217,Uruguay,URY,2017,98.62,,3388444.0,South America
5218,Uruguay,URY,2018,98.7,,3394538.0,South America
5219,Uruguay,URY,2019,98.77,,3397206.0,South America
5220,Uruguay,URY,2020,98.95962,8.76,3398966.0,South America
5221,Uruguay,URY,2022,98.85,,3390913.0,South America
5222,Uruguay,URY,2023,98.82549,,3388083.0,South America
5223,Uzbekistan,UZB,2000,98.64,,24787052.0,Asia
5224,Uzbekistan,UZB,2013,99.99,,29724065.0,Asia
5225,Uzbekistan,UZB,2014,99.98,,30222994.0,Asia
5226,Uzbekistan,UZB,2015,99.98,,30749349.0,Asia
5227,Uzbekistan,UZB,2016,99.99,,31284565.0,Asia
5228,Uzbekistan,UZB,2018,99.99,,32373489.0,Asia
5229,Uzbekistan,UZB,2019,100.0,,32964700.0,Asia
5230,Uzbekistan,UZB,2021,100.0,,34243696.0,Asia
5231,Uzbekistan,UZB,2022,100.0,,34938953.0,Asia
5232,Vanuatu,VUT,1950,32.5,,51557.0,Oceania
5233,Vanuatu,VUT,1979,52.87,,113061.0,Oceania
5234,Vanuatu,VUT,1999,74.0,,182056.0,Oceania
5235,Vanuatu,VUT,2019,92.47445,,291995.0,Oceania
5236,Vanuatu,VUT,2020,89.7931,,298867.0,Oceania
5237,Vanuatu,VUT,2023,87.96,,320422.0,Oceania
5238,Venezuela,VEN,1870,,0.02,1701337.0,South America
5239,Venezuela,VEN,1875,,0.02,1854358.0,South America
5240,Venezuela,VEN,1880,,0.02,2023151.0,South America
5241,Venezuela,VEN,1885,,0.03,2177402.0,South America
5242,Venezuela,VEN,1890,,0.04,2338873.0,South America
5243,Venezuela,VEN,1895,,0.05,2515273.0,South America
5244,Venezuela,VEN,1900,,0.44,2699561.0,South America
5245,Venezuela,VEN,1905,,0.57,2858773.0,South America
5246,Venezuela,VEN,1910,,0.63,3014767.0,South America
5247,Venezuela,VEN,1915,,0.74,3138467.0,South America
5248,Venezuela,VEN,1920,,0.84,3255672.0,South America
5249,Venezuela,VEN,1925,,0.93,3412385.0,South America
5250,Venezuela,VEN,1930,,0.98,3592246.0,South America
5251,Venezuela,VEN,1935,,1.15,3837890.0,South America
5252,Venezuela,VEN,1940,,1.32,4146367.0,South America
5253,Venezuela,VEN,1945,,1.59,4731202.0,South America
5254,Venezuela,VEN,1950,52.5,1.65,5488858.0,South America
5255,Venezuela,VEN,1955,,2.01,6755819.0,South America
5256,Venezuela,VEN,1960,,2.44,8160087.0,South America
5257,Venezuela,VEN,1965,,2.75,9697793.0,South America
5258,Venezuela,VEN,1970,,3.49,11387795.0,South America
5259,Venezuela,VEN,1975,,4.51,13215889.0,South America
5260,Venezuela,VEN,1980,,5.47,15258225.0,South America
5261,Venezuela,VEN,1981,84.73,,15687305.0,South America
5262,Venezuela,VEN,1985,,5.33,17461433.0,South America
5263,Venezuela,VEN,1990,89.83,5.26,19827005.0,South America
5264,Venezuela,VEN,1995,,6.11,22193822.0,South America
5265,Venezuela,VEN,2000,,7.01,24526707.0,South America
5266,Venezuela,VEN,2001,92.98,,24979934.0,South America
5267,Venezuela,VEN,2005,94.370705,7.8,26785797.0,South America
5268,Venezuela,VEN,2006,94.66207,,27224691.0,South America
5269,Venezuela,VEN,2007,95.15,,27649369.0,South America
5270,Venezuela,VEN,2008,95.3117,,28053694.0,South America
5271,Venezuela,VEN,2009,95.51,,28438296.0,South America
5272,Venezuela,VEN,2010,95.39242,8.78,28813101.0,South America
5273,Venezuela,VEN,2011,94.77,,29185220.0,South America
5274,Venezuela,VEN,2012,95.98719,,29553829.0,South America
5275,Venezuela,VEN,2015,96.61,9.02,30573968.0,South America
5276,Venezuela,VEN,2016,97.13,,30765719.0,South America
5277,Venezuela,VEN,2017,97.183716,,30565331.0,South America
5278,Venezuela,VEN,2020,,9.33,28444080.0,South America
5279,Vietnam,VNM,1950,17.5,,25100732.0,Asia
5280,Vietnam,VNM,1979,83.83,,51378214.0,Asia
5281,Vietnam,VNM,1989,87.6,,64147354.0,Asia
5282,Vietnam,VNM,1999,90.28,,76287454.0,Asia
5283,Vietnam,VNM,2000,90.16,,77154016.0,Asia
5284,Vietnam,VNM,2009,93.52,,86460023.0,Asia
5285,Vietnam,VNM,2015,,7.99,92823254.0,Asia
5286,Vietnam,VNM,2019,95.75,,97173778.0,Asia
5287,Vietnam,VNM,2020,,8.35,98079196.0,Asia
5288,Vietnam,VNM,2022,96.13,,99680656.0,Asia
5289,Wallis and Futuna,WLF,2018,99.320526,,11827.0,Oceania
5290,Wallis and Futuna,WLF,2019,99.313416,,11711.0,Oceania
5291,Wallis and Futuna,WLF,2020,96.55,,11640.0,Oceania
5292,Wallis and Futuna,WLF,2023,99.43576,,11394.0,Oceania
5293,Western Europe (Buringh and van Zanden),,1475,12.0,,,
5294,Western Europe (Buringh and van Zanden),,1550,18.0,,,
5295,Western Europe (Buringh and van Zanden),,1650,25.0,,,
5296,Western Europe (Buringh and van Zanden),,1750,31.0,,,
5297,Yemen,YEM,1870,,0.01,2822786.0,Asia
5298,Yemen,YEM,1875,,0.01,2844329.0,Asia
5299,Yemen,YEM,1880,,0.01,2866041.0,Asia
5300,Yemen,YEM,1885,,0.01,2887913.0,Asia
5301,Yemen,YEM,1890,,0.01,2909945.0,Asia
5302,Yemen,YEM,1895,,0.01,2932138.0,Asia
5303,Yemen,YEM,1900,,0.01,2967405.0,Asia
5304,Yemen,YEM,1905,,0.01,3086657.0,Asia
5305,Yemen,YEM,1910,,0.01,3225110.0,Asia
5306,Yemen,YEM,1915,,0.01,3373920.0,Asia
5307,Yemen,YEM,1920,,0.01,3533546.0,Asia
5308,Yemen,YEM,1925,,0.01,3703018.0,Asia
5309,Yemen,YEM,1930,,0.02,3880617.0,Asia
5310,Yemen,YEM,1935,,0.02,4066735.0,Asia
5311,Yemen,YEM,1940,,0.02,4261779.0,Asia
5312,Yemen,YEM,1945,,0.02,4466177.0,Asia
5313,Yemen,YEM,1950,3.0,0.03,4616782.0,Asia
5314,Yemen,YEM,1955,,0.03,5009669.0,Asia
5315,Yemen,YEM,1960,,0.04,5532299.0,Asia
5316,Yemen,YEM,1965,,0.06,6195597.0,Asia
5317,Yemen,YEM,1970,,0.07,7065279.0,Asia
5318,Yemen,YEM,1975,,0.08,8133602.0,Asia
5319,Yemen,YEM,1980,,0.25,9543358.0,Asia
5320,Yemen,YEM,1985,,0.64,11453825.0,Asia
5321,Yemen,YEM,1990,,1.25,13887863.0,Asia
5322,Yemen,YEM,1994,37.09,,16149147.0,Asia
5323,Yemen,YEM,1995,,1.77,16740057.0,Asia
5324,Yemen,YEM,2000,,2.45,19624139.0,Asia
5325,Yemen,YEM,2005,,3.12,22790082.0,Asia
5326,Yemen,YEM,2010,,3.84,26754383.0,Asia
5327,Yemen,YEM,2015,,4.64,31159378.0,Asia
5328,Yemen,YEM,2020,,5.56,36134867.0,Asia
5329,Yugoslavia,OWID_YGS,1931,55.4,,14620000.0,Europe
5330,Yugoslavia,OWID_YGS,1948,74.6,,15820000.0,Europe
5331,Yugoslavia,OWID_YGS,1950,72.5,,16300000.0,Europe
5332,Zambia,ZMB,1870,,0.01,1599238.0,Africa
5333,Zambia,ZMB,1875,,0.01,1602458.0,Africa
5334,Zambia,ZMB,1880,,0.01,1607966.0,Africa
5335,Zambia,ZMB,1885,,0.01,1625565.0,Africa
5336,Zambia,ZMB,1890,,0.01,1641223.0,Africa
5337,Zambia,ZMB,1895,,0.01,1631459.0,Africa
5338,Zambia,ZMB,1900,,0.01,1612918.0,Africa
5339,Zambia,ZMB,1905,,0.01,1564469.0,Africa
5340,Zambia,ZMB,1910,,0.16,1514671.0,Africa
5341,Zambia,ZMB,1915,,0.29,1477686.0,Africa
5342,Zambia,ZMB,1920,,0.39,1462906.0,Africa
5343,Zambia,ZMB,1925,,0.48,1558458.0,Africa
5344,Zambia,ZMB,1930,,0.97,1677885.0,Africa
5345,Zambia,ZMB,1935,,1.14,1799711.0,Africa
5346,Zambia,ZMB,1940,,1.32,1933946.0,Africa
5347,Zambia,ZMB,1945,,1.56,2109530.0,Africa
5348,Zambia,ZMB,1950,22.5,1.84,2321310.0,Africa
5349,Zambia,ZMB,1955,,2.03,2703549.0,Africa
5350,Zambia,ZMB,1960,,2.36,3153730.0,Africa
5351,Zambia,ZMB,1965,,2.68,3692088.0,Africa
5352,Zambia,ZMB,1970,,3.12,4321726.0,Africa
5353,Zambia,ZMB,1975,,3.81,4990087.0,Africa
5354,Zambia,ZMB,1980,,4.36,5802841.0,Africa
5355,Zambia,ZMB,1985,,4.77,6780953.0,Africa
5356,Zambia,ZMB,1990,65.0,5.02,7786163.0,Africa
5357,Zambia,ZMB,1995,,6.03,8785768.0,Africa
5358,Zambia,ZMB,1999,68.0,,9740013.0,Africa
5359,Zambia,ZMB,2000,,6.35,10017633.0,Africa
5360,Zambia,ZMB,2002,69.15,,10647955.0,Africa
5361,Zambia,ZMB,2005,,6.59,11718819.0,Africa
5362,Zambia,ZMB,2010,83.14,7.4,13965592.0,Africa
5363,Zambia,ZMB,2015,,7.9,16399092.0,Africa
5364,Zambia,ZMB,2018,71.13,,17973574.0,Africa
5365,Zambia,ZMB,2020,81.753006,8.37,19059394.0,Africa
5366,Zambia,ZMB,2021,79.94946,,19603610.0,Africa
5367,Zambia,ZMB,2022,79.984146,,20152935.0,Africa
5368,Zanzibar,OWID_ZAN,1950,7.5,,,
5369,Zimbabwe,ZWE,1870,,0.01,815983.0,Africa
5370,Zimbabwe,ZWE,1875,,0.01,858553.0,Africa
5371,Zimbabwe,ZWE,1880,,0.01,903344.0,Africa
5372,Zimbabwe,ZWE,1885,,0.01,950472.0,Africa
5373,Zimbabwe,ZWE,1890,,0.01,1000058.0,Africa
5374,Zimbabwe,ZWE,1895,,0.01,1052230.0,Africa
5375,Zimbabwe,ZWE,1900,,0.01,1111376.0,Africa
5376,Zimbabwe,ZWE,1905,,0.02,1202129.0,Africa
5377,Zimbabwe,ZWE,1910,,0.06,1304325.0,Africa
5378,Zimbabwe,ZWE,1915,,0.12,1410230.0,Africa
5379,Zimbabwe,ZWE,1920,,0.2,1528456.0,Africa
5380,Zimbabwe,ZWE,1925,,0.33,1690639.0,Africa
5381,Zimbabwe,ZWE,1930,,0.53,1874974.0,Africa
5382,Zimbabwe,ZWE,1935,,0.9,2072976.0,Africa
5383,Zimbabwe,ZWE,1940,,1.16,2289421.0,Africa
5384,Zimbabwe,ZWE,1945,,1.28,2519116.0,Africa
5385,Zimbabwe,ZWE,1950,22.5,1.66,2790908.0,Africa
5386,Zimbabwe,ZWE,1955,,1.99,3263221.0,Africa
5387,Zimbabwe,ZWE,1960,,2.38,3809392.0,Africa
5388,Zimbabwe,ZWE,1965,,2.68,4458457.0,Africa
5389,Zimbabwe,ZWE,1970,,3.22,5215919.0,Africa
5390,Zimbabwe,ZWE,1975,,3.54,6098653.0,Africa
5391,Zimbabwe,ZWE,1980,,4.03,7041304.0,Africa
5392,Zimbabwe,ZWE,1982,77.79,,7796503.0,Africa
5393,Zimbabwe,ZWE,1985,,4.84,8686815.0,Africa
5394,Zimbabwe,ZWE,1990,,5.97,10137287.0,Africa
5395,Zimbabwe,ZWE,1992,83.51,,10702697.0,Africa
5396,Zimbabwe,ZWE,1995,,6.85,10974607.0,Africa
5397,Zimbabwe,ZWE,2000,,7.26,11892055.0,Africa
5398,Zimbabwe,ZWE,2005,,7.65,12483433.0,Africa
5399,Zimbabwe,ZWE,2010,,7.86,13356551.0,Africa
5400,Zimbabwe,ZWE,2015,,8.03,14399008.0,Africa
5401,Zimbabwe,ZWE,2019,93.23,,15271377.0,Africa
5402,Zimbabwe,ZWE,2020,,8.32,15526887.0,Africa
