,entity,code,year,ny_gdp_pcap_pp_kd,owid_region
0,Afghanistan,AFG,2000,1617.8264,Asia
1,Afghanistan,AFG,2001,1454.1108,Asia
2,Afghanistan,AFG,2002,1774.3087,Asia
3,Afghanistan,AFG,2003,1815.9282,Asia
4,Afghanistan,AFG,2004,1776.9182,Asia
5,Afghanistan,AFG,2005,1908.1147,Asia
6,Afghanistan,AFG,2006,1929.7239,Asia
7,Afghanistan,AFG,2007,2155.353,Asia
8,Afghanistan,AFG,2008,2191.5044,Asia
9,Afghanistan,AFG,2009,2565.022,Asia
10,Afghanistan,AFG,2010,2848.5862,Asia
11,Afghanistan,AFG,2011,2757.0525,Asia
12,Afghanistan,AFG,2012,2985.319,Asia
13,Afghanistan,AFG,2013,3046.5798,Asia
14,Afghanistan,AFG,2014,3017.9426,Asia
15,Afghanistan,AFG,2015,2967.6921,Asia
16,Afghanistan,AFG,2016,2958.7854,Asia
17,Afghanistan,AFG,2017,2952.999,Asia
18,Afghanistan,AFG,2018,2902.392,Asia
19,Afghanistan,AFG,2019,2927.245,Asia
20,Afghanistan,AFG,2020,2769.6858,Asia
21,Afghanistan,AFG,2021,2144.1665,Asia
22,Afghanistan,AFG,2022,1981.7102,Asia
23,Afghanistan,AFG,2023,1983.8126,Asia
24,Afghanistan,AFG,2024,1964.4523,Asia
25,Albania,ALB,1990,5560.834,Europe
26,Albania,ALB,1991,4027.889,Europe
27,Albania,ALB,1992,3761.14,Europe
28,Albania,ALB,1993,4145.9023,Europe
29,Albania,ALB,1994,4517.7803,Europe
30,Albania,ALB,1995,5151.376,Europe
31,Albania,ALB,1996,5563.77,Europe
32,Albania,ALB,1997,4942.9834,Europe
33,Albania,ALB,1998,5387.546,Europe
34,Albania,ALB,1999,6085.9834,Europe
35,Albania,ALB,2000,6581.9893,Europe
36,Albania,ALB,2001,7232.9604,Europe
37,Albania,ALB,2002,7590.4585,Europe
38,Albania,ALB,2003,8025.248,Europe
39,Albania,ALB,2004,8483.259,Europe
40,Albania,ALB,2005,8964.281,Europe
41,Albania,ALB,2006,9563.989,Europe
42,Albania,ALB,2007,10262.924,Europe
43,Albania,ALB,2008,11056.306,Europe
44,Albania,ALB,2009,11430.574,Europe
45,Albania,ALB,2010,11829.004,Europe
46,Albania,ALB,2011,12153.063,Europe
47,Albania,ALB,2012,12463.519,Europe
48,Albania,ALB,2013,12873.43,Europe
49,Albania,ALB,2014,13366.504,Europe
50,Albania,ALB,2015,13876.762,Europe
51,Albania,ALB,2016,14643.429,Europe
52,Albania,ALB,2017,15359.397,Europe
53,Albania,ALB,2018,16170.924,Europe
54,Albania,ALB,2019,16761.123,Europe
55,Albania,ALB,2020,16457.719,Europe
56,Albania,ALB,2021,18212.795,Europe
57,Albania,ALB,2022,19388.793,Europe
58,Albania,ALB,2023,20501.646,Europe
59,Albania,ALB,2024,21640.984,Europe
60,Albania,ALB,2025,22724.293,Europe
61,Algeria,DZA,1990,11728.546,Africa
62,Algeria,DZA,1991,11314.864,Africa
63,Algeria,DZA,1992,11241.415,Africa
64,Algeria,DZA,1993,10743.706,Africa
65,Algeria,DZA,1994,10414.035,Africa
66,Algeria,DZA,1995,10588.443,Africa
67,Algeria,DZA,1996,10808.879,Africa
68,Algeria,DZA,1997,10725.968,Africa
69,Algeria,DZA,1998,11094.888,Africa
70,Algeria,DZA,1999,11292.037,Africa
71,Algeria,DZA,2000,11558.221,Africa
72,Algeria,DZA,2001,11742.595,Africa
73,Algeria,DZA,2002,12213.126,Africa
74,Algeria,DZA,2003,12835.182,Africa
75,Algeria,DZA,2004,13226.765,Africa
76,Algeria,DZA,2005,13738.496,Africa
77,Algeria,DZA,2006,13920.694,Africa
78,Algeria,DZA,2007,14114.675,Africa
79,Algeria,DZA,2008,14206.776,Africa
80,Algeria,DZA,2009,14104.428,Africa
81,Algeria,DZA,2010,14496.421,Africa
82,Algeria,DZA,2011,14641.964,Africa
83,Algeria,DZA,2012,14697.54,Africa
84,Algeria,DZA,2013,14778.191,Africa
85,Algeria,DZA,2014,15073.763,Africa
86,Algeria,DZA,2015,15239.518,Africa
87,Algeria,DZA,2016,15511.686,Africa
88,Algeria,DZA,2017,15427.664,Africa
89,Algeria,DZA,2018,15343.426,Africa
90,Algeria,DZA,2019,15199.199,Africa
91,Algeria,DZA,2020,14194.155,Africa
92,Algeria,DZA,2021,14496.865,Africa
93,Algeria,DZA,2022,14782.2,Africa
94,Algeria,DZA,2023,15159.324,Africa
95,Algeria,DZA,2024,15501.92,Africa
96,Algeria,DZA,2025,15882.714,Africa
97,Andorra,AND,1990,50036.3,Europe
98,Andorra,AND,1991,47624.97,Europe
99,Andorra,AND,1992,45246.53,Europe
100,Andorra,AND,1993,42605.66,Europe
101,Andorra,AND,1994,42716.367,Europe
102,Andorra,AND,1995,44375.023,Europe
103,Andorra,AND,1996,46386.09,Europe
104,Andorra,AND,1997,50032.35,Europe
105,Andorra,AND,1998,51092.223,Europe
106,Andorra,AND,1999,52921.047,Europe
107,Andorra,AND,2000,54809.145,Europe
108,Andorra,AND,2001,59109.016,Europe
109,Andorra,AND,2002,61188.637,Europe
110,Andorra,AND,2003,63656.195,Europe
111,Andorra,AND,2004,64353.484,Europe
112,Andorra,AND,2005,65114.805,Europe
113,Andorra,AND,2006,66390.3,Europe
114,Andorra,AND,2007,65534.117,Europe
115,Andorra,AND,2008,60691.605,Europe
116,Andorra,AND,2009,57203.973,Europe
117,Andorra,AND,2010,58285.06,Europe
118,Andorra,AND,2011,60470.465,Europe
119,Andorra,AND,2012,58172.133,Europe
120,Andorra,AND,2013,57332.16,Europe
121,Andorra,AND,2014,59929.246,Europe
122,Andorra,AND,2015,62105.152,Europe
123,Andorra,AND,2016,64402.81,Europe
124,Andorra,AND,2017,63239.656,Europe
125,Andorra,AND,2018,63048.598,Europe
126,Andorra,AND,2019,63215.9,Europe
127,Andorra,AND,2020,55488.492,Europe
128,Andorra,AND,2021,59332.203,Europe
129,Andorra,AND,2022,63913.383,Europe
130,Andorra,AND,2023,64631.297,Europe
131,Andorra,AND,2024,66232.74,Europe
132,Andorra,AND,2025,67993.055,Europe
133,Angola,AGO,1990,8366.413,Africa
134,Angola,AGO,1991,8170.2495,Africa
135,Angola,AGO,1992,7445.4385,Africa
136,Angola,AGO,1993,5481.7637,Africa
137,Angola,AGO,1994,5377.99,Africa
138,Angola,AGO,1995,5981.5327,Africa
139,Angola,AGO,1996,6565.8647,Africa
140,Angola,AGO,1997,6808.3364,Africa
141,Angola,AGO,1998,6893.1226,Africa
142,Angola,AGO,1999,6815.1753,Africa
143,Angola,AGO,2000,6794.5303,Africa
144,Angola,AGO,2001,6846.7925,Africa
145,Angola,AGO,2002,7521.736,Africa
146,Angola,AGO,2003,7516.814,Africa
147,Angola,AGO,2004,8079.5264,Africa
148,Angola,AGO,2005,8892.921,Africa
149,Angola,AGO,2006,9586.176,Africa
150,Angola,AGO,2007,10434.709,Africa
151,Angola,AGO,2008,11131.631,Africa
152,Angola,AGO,2009,10930.253,Africa
153,Angola,AGO,2010,11074.072,Africa
154,Angola,AGO,2011,11034.592,Africa
155,Angola,AGO,2012,11516.813,Africa
156,Angola,AGO,2013,11622.979,Africa
157,Angola,AGO,2014,11718.429,Africa
158,Angola,AGO,2015,11389.761,Africa
159,Angola,AGO,2016,10963.997,Africa
160,Angola,AGO,2017,10565.168,Africa
161,Angola,AGO,2018,10154.839,Africa
162,Angola,AGO,2019,9712.9795,Africa
163,Angola,AGO,2020,8904.949,Africa
164,Angola,AGO,2021,8720.1875,Africa
165,Angola,AGO,2022,8750.993,Africa
166,Angola,AGO,2023,8597.539,Africa
167,Angola,AGO,2024,8752.798,Africa
168,Angola,AGO,2025,8760.19,Africa
169,Antigua and Barbuda,ATG,1990,21074.576,North America
170,Antigua and Barbuda,ATG,1991,21424.291,North America
171,Antigua and Barbuda,ATG,1992,21330.273,North America
172,Antigua and Barbuda,ATG,1993,22051.438,North America
173,Antigua and Barbuda,ATG,1994,23081.664,North America
174,Antigua and Barbuda,ATG,1995,21639.602,North America
175,Antigua and Barbuda,ATG,1996,22597.314,North America
176,Antigua and Barbuda,ATG,1997,23350.309,North America
177,Antigua and Barbuda,ATG,1998,23996.115,North America
178,Antigua and Barbuda,ATG,1999,24462.203,North America
179,Antigua and Barbuda,ATG,2000,25547.611,North America
180,Antigua and Barbuda,ATG,2001,24014.775,North America
181,Antigua and Barbuda,ATG,2002,23958.164,North America
182,Antigua and Barbuda,ATG,2003,25136.002,North America
183,Antigua and Barbuda,ATG,2004,26303.617,North America
184,Antigua and Barbuda,ATG,2005,27692.635,North America
185,Antigua and Barbuda,ATG,2006,30827.342,North America
186,Antigua and Barbuda,ATG,2007,33245.27,North America
187,Antigua and Barbuda,ATG,2008,32756.307,North America
188,Antigua and Barbuda,ATG,2009,28405.69,North America
189,Antigua and Barbuda,ATG,2010,25826.61,North America
190,Antigua and Barbuda,ATG,2011,25023.918,North America
191,Antigua and Barbuda,ATG,2012,25592.906,North America
192,Antigua and Barbuda,ATG,2013,25206.846,North America
193,Antigua and Barbuda,ATG,2014,25557.525,North America
194,Antigua and Barbuda,ATG,2015,25734.152,North America
195,Antigua and Barbuda,ATG,2016,26627.715,North America
196,Antigua and Barbuda,ATG,2017,27199.195,North America
197,Antigua and Barbuda,ATG,2018,28878.607,North America
198,Antigua and Barbuda,ATG,2019,29651.863,North America
199,Antigua and Barbuda,ATG,2020,23930.672,North America
200,Antigua and Barbuda,ATG,2021,25745.496,North America
201,Antigua and Barbuda,ATG,2022,27785.557,North America
202,Antigua and Barbuda,ATG,2023,28712.396,North America
203,Antigua and Barbuda,ATG,2024,29298.646,North America
204,Antigua and Barbuda,ATG,2025,30620.307,North America
205,Argentina,ARG,1990,17007.285,South America
206,Argentina,ARG,1991,18295.61,South America
207,Argentina,ARG,1992,19476.283,South America
208,Argentina,ARG,1993,20791.346,South America
209,Argentina,ARG,1994,21711.844,South America
210,Argentina,ARG,1995,20819.5,South America
211,Argentina,ARG,1996,21695.596,South America
212,Argentina,ARG,1997,23172.158,South America
213,Argentina,ARG,1998,23783.102,South America
214,Argentina,ARG,1999,22714.512,South America
215,Argentina,ARG,2000,22281.38,South America
216,Argentina,ARG,2001,21066.459,South America
217,Argentina,ARG,2002,18571.701,South America
218,Argentina,ARG,2003,20005.139,South America
219,Argentina,ARG,2004,21591.45,South America
220,Argentina,ARG,2005,23262.408,South America
221,Argentina,ARG,2006,24877.25,South America
222,Argentina,ARG,2007,26850.664,South America
223,Argentina,ARG,2008,27658.484,South America
224,Argentina,ARG,2009,25747.197,South America
225,Argentina,ARG,2010,28056.258,South America
226,Argentina,ARG,2011,29425.76,South America
227,Argentina,ARG,2012,28825.967,South America
228,Argentina,ARG,2013,29227.66,South America
229,Argentina,ARG,2014,28200.814,South America
230,Argentina,ARG,2015,28669.207,South America
231,Argentina,ARG,2016,27802.105,South America
232,Argentina,ARG,2017,28334.904,South America
233,Argentina,ARG,2018,27367.115,South America
234,Argentina,ARG,2019,26629.553,South America
235,Argentina,ARG,2020,23877.094,South America
236,Argentina,ARG,2021,26300.273,South America
237,Argentina,ARG,2022,27825.027,South America
238,Argentina,ARG,2023,27230.396,South America
239,Argentina,ARG,2024,26771.965,South America
240,Argentina,ARG,2025,27846.598,South America
241,Armenia,ARM,1990,6137.6006,Asia
242,Armenia,ARM,1991,5326.753,Asia
243,Armenia,ARM,1992,3136.7244,Asia
244,Armenia,ARM,1993,2958.8804,Asia
245,Armenia,ARM,1994,3200.8965,Asia
246,Armenia,ARM,1995,3480.7559,Asia
247,Armenia,ARM,1996,3717.3357,Asia
248,Armenia,ARM,1997,3879.1794,Asia
249,Armenia,ARM,1998,4211.5127,Asia
250,Armenia,ARM,1999,4406.9673,Asia
251,Armenia,ARM,2000,4589.0083,Asia
252,Armenia,ARM,2001,5044.1167,Asia
253,Armenia,ARM,2002,5731.3535,Asia
254,Armenia,ARM,2003,6569.2603,Asia
255,Armenia,ARM,2004,7299.4,Asia
256,Armenia,ARM,2005,8362.9,Asia
257,Armenia,ARM,2006,9525.231,Asia
258,Armenia,ARM,2007,10898.849,Asia
259,Armenia,ARM,2008,11727.482,Asia
260,Armenia,ARM,2009,10143.235,Asia
261,Armenia,ARM,2010,10438.564,Asia
262,Armenia,ARM,2011,10990.177,Asia
263,Armenia,ARM,2012,11796.274,Asia
264,Armenia,ARM,2013,12194.019,Asia
265,Armenia,ARM,2014,12667.376,Asia
266,Armenia,ARM,2015,13112.76,Asia
267,Armenia,ARM,2016,13192.994,Asia
268,Armenia,ARM,2017,14243.875,Asia
269,Armenia,ARM,2018,15037.045,Asia
270,Armenia,ARM,2019,16215.36,Asia
271,Armenia,ARM,2020,15052.936,Asia
272,Armenia,ARM,2021,15921.705,Asia
273,Armenia,ARM,2022,17886.178,Asia
274,Armenia,ARM,2023,19402.752,Asia
275,Armenia,ARM,2024,20078.785,Asia
276,Armenia,ARM,2025,21153.479,Asia
277,Aruba,ABW,1990,33146.67,North America
278,Aruba,ABW,1991,34079.23,North America
279,Aruba,ABW,1992,34458.14,North America
280,Aruba,ABW,1993,34627.742,North America
281,Aruba,ABW,1994,35580.535,North America
282,Aruba,ABW,1995,35476.41,North America
283,Aruba,ABW,1996,34506.53,North America
284,Aruba,ABW,1997,35534.273,North America
285,Aruba,ABW,1998,35361.164,North America
286,Aruba,ABW,1999,35316.62,North America
287,Aruba,ABW,2000,37618.992,North America
288,Aruba,ABW,2001,38827.47,North America
289,Aruba,ABW,2002,38195.316,North America
290,Aruba,ABW,2003,38182.39,North America
291,Aruba,ABW,2004,40101.79,North America
292,Aruba,ABW,2005,38926.477,North America
293,Aruba,ABW,2006,38664.4,North America
294,Aruba,ABW,2007,39562.45,North America
295,Aruba,ABW,2008,39982.51,North America
296,Aruba,ABW,2009,35074.684,North America
297,Aruba,ABW,2010,34037.543,North America
298,Aruba,ABW,2011,34926.1,North America
299,Aruba,ABW,2012,34058.31,North America
300,Aruba,ABW,2013,35711.93,North America
301,Aruba,ABW,2014,35837.324,North America
302,Aruba,ABW,2015,36753.402,North America
303,Aruba,ABW,2016,36926.113,North America
304,Aruba,ABW,2017,38213.29,North America
305,Aruba,ABW,2018,39378.227,North America
306,Aruba,ABW,2019,39754.56,North America
307,Aruba,ABW,2020,30408.826,North America
308,Aruba,ABW,2021,35207.17,North America
309,Aruba,ABW,2022,39083.46,North America
310,Aruba,ABW,2023,42783.25,North America
311,Aruba,ABW,2024,45428.004,North America
312,Australia,AUS,1990,36267.742,Oceania
313,Australia,AUS,1991,35670.668,Oceania
314,Australia,AUS,1992,35426.285,Oceania
315,Australia,AUS,1993,36533.15,Oceania
316,Australia,AUS,1994,37622.652,Oceania
317,Australia,AUS,1995,38653.336,Oceania
318,Australia,AUS,1996,39663.16,Oceania
319,Australia,AUS,1997,40773.566,Oceania
320,Australia,AUS,1998,42257.17,Oceania
321,Australia,AUS,1999,43899.074,Oceania
322,Australia,AUS,2000,45099.074,Oceania
323,Australia,AUS,2001,45428.2,Oceania
324,Australia,AUS,2002,46688.395,Oceania
325,Australia,AUS,2003,47581.23,Oceania
326,Australia,AUS,2004,49061.277,Oceania
327,Australia,AUS,2005,49997.066,Oceania
328,Australia,AUS,2006,50693.727,Oceania
329,Australia,AUS,2007,51663.242,Oceania
330,Australia,AUS,2008,52473.383,Oceania
331,Australia,AUS,2009,52407.91,Oceania
332,Australia,AUS,2010,52739.27,Oceania
333,Australia,AUS,2011,53257.047,Oceania
334,Australia,AUS,2012,54403.883,Oceania
335,Australia,AUS,2013,54895.004,Oceania
336,Australia,AUS,2014,55489.07,Oceania
337,Australia,AUS,2015,55879.996,Oceania
338,Australia,AUS,2016,56529.953,Oceania
339,Australia,AUS,2017,56881.855,Oceania
340,Australia,AUS,2018,57647.844,Oceania
341,Australia,AUS,2019,58048.617,Oceania
342,Australia,AUS,2020,57260.465,Oceania
343,Australia,AUS,2021,58327.414,Oceania
344,Australia,AUS,2022,60029.133,Oceania
345,Australia,AUS,2023,60684.96,Oceania
346,Australia,AUS,2024,60309.582,Oceania
347,Australia,AUS,2025,60194.062,Oceania
348,Austria,AUT,1990,43258.113,Europe
349,Austria,AUT,1991,44302.36,Europe
350,Austria,AUT,1992,44734.793,Europe
351,Austria,AUT,1993,44601.145,Europe
352,Austria,AUT,1994,45497.074,Europe
353,Austria,AUT,1995,46639.465,Europe
354,Austria,AUT,1996,47608.562,Europe
355,Austria,AUT,1997,48575.09,Europe
356,Austria,AUT,1998,50216.63,Europe
357,Austria,AUT,1999,52004.46,Europe
358,Austria,AUT,2000,53534.266,Europe
359,Austria,AUT,2001,54032.074,Europe
360,Austria,AUT,2002,54565.0,Europe
361,Austria,AUT,2003,54919.71,Europe
362,Austria,AUT,2004,55980.152,Europe
363,Austria,AUT,2005,56890.2,Europe
364,Austria,AUT,2006,58460.156,Europe
365,Austria,AUT,2007,60470.824,Europe
366,Austria,AUT,2008,61157.902,Europe
367,Austria,AUT,2009,58810.36,Europe
368,Austria,AUT,2010,59730.47,Europe
369,Austria,AUT,2011,61272.17,Europe
370,Austria,AUT,2012,61376.633,Europe
371,Austria,AUT,2013,60862.97,Europe
372,Austria,AUT,2014,60845.574,Europe
373,Austria,AUT,2015,60951.605,Europe
374,Austria,AUT,2016,61572.625,Europe
375,Austria,AUT,2017,62535.812,Europe
376,Austria,AUT,2018,63777.938,Europe
377,Austria,AUT,2019,64609.285,Europe
378,Austria,AUT,2020,60276.332,Europe
379,Austria,AUT,2021,62968.855,Europe
380,Austria,AUT,2022,65694.46,Europe
381,Austria,AUT,2023,64536.207,Europe
382,Austria,AUT,2024,63787.99,Europe
383,Austria,AUT,2025,63970.402,Europe
384,Azerbaijan,AZE,1990,10776.067,Asia
385,Azerbaijan,AZE,1991,10559.212,Asia
386,Azerbaijan,AZE,1992,8050.2163,Asia
387,Azerbaijan,AZE,1993,6097.4863,Asia
388,Azerbaijan,AZE,1994,4830.699,Asia
389,Azerbaijan,AZE,1995,4211.721,Asia
390,Azerbaijan,AZE,1996,4223.523,Asia
391,Azerbaijan,AZE,1997,4425.5884,Asia
392,Azerbaijan,AZE,1998,4822.16,Asia
393,Azerbaijan,AZE,1999,5133.748,Asia
394,Azerbaijan,AZE,2000,5656.9297,Asia
395,Azerbaijan,AZE,2001,6168.9854,Asia
396,Azerbaijan,AZE,2002,6701.0815,Asia
397,Azerbaijan,AZE,2003,7329.4062,Asia
398,Azerbaijan,AZE,2004,7937.8594,Asia
399,Azerbaijan,AZE,2005,10054.101,Asia
400,Azerbaijan,AZE,2006,13371.658,Asia
401,Azerbaijan,AZE,2007,16587.365,Asia
402,Azerbaijan,AZE,2008,17963.021,Asia
403,Azerbaijan,AZE,2009,19242.39,Asia
404,Azerbaijan,AZE,2010,19925.39,Asia
405,Azerbaijan,AZE,2011,19358.078,Asia
406,Azerbaijan,AZE,2012,19523.373,Asia
407,Azerbaijan,AZE,2013,20398.646,Asia
408,Azerbaijan,AZE,2014,20709.201,Asia
409,Azerbaijan,AZE,2015,20678.754,Asia
410,Azerbaijan,AZE,2016,19822.41,Asia
411,Azerbaijan,AZE,2017,19659.004,Asia
412,Azerbaijan,AZE,2018,19781.852,Asia
413,Azerbaijan,AZE,2019,20101.492,Asia
414,Azerbaijan,AZE,2020,19126.098,Asia
415,Azerbaijan,AZE,2021,20111.375,Asia
416,Azerbaijan,AZE,2022,21051.244,Asia
417,Azerbaijan,AZE,2023,21310.738,Asia
418,Azerbaijan,AZE,2024,22090.53,Asia
419,Azerbaijan,AZE,2025,22314.217,Asia
420,Bahamas,BHS,1990,33072.16,North America
421,Bahamas,BHS,1991,31148.904,North America
422,Bahamas,BHS,1992,29412.88,North America
423,Bahamas,BHS,1993,28955.352,North America
424,Bahamas,BHS,1994,29346.361,North America
425,Bahamas,BHS,1995,30128.193,North America
426,Bahamas,BHS,1996,30907.82,North America
427,Bahamas,BHS,1997,30839.025,North America
428,Bahamas,BHS,1998,31836.527,North America
429,Bahamas,BHS,1999,33657.805,North America
430,Bahamas,BHS,2000,34597.164,North America
431,Bahamas,BHS,2001,35072.367,North America
432,Bahamas,BHS,2002,35610.68,North America
433,Bahamas,BHS,2003,34740.76,North America
434,Bahamas,BHS,2004,34617.805,North America
435,Bahamas,BHS,2005,35365.465,North America
436,Bahamas,BHS,2006,35789.133,North America
437,Bahamas,BHS,2007,35797.117,North America
438,Bahamas,BHS,2008,34498.035,North America
439,Bahamas,BHS,2009,32630.264,North America
440,Bahamas,BHS,2010,32711.459,North America
441,Bahamas,BHS,2011,32535.662,North America
442,Bahamas,BHS,2012,33667.555,North America
443,Bahamas,BHS,2013,32402.916,North America
444,Bahamas,BHS,2014,32712.635,North America
445,Bahamas,BHS,2015,32777.586,North America
446,Bahamas,BHS,2016,32172.336,North America
447,Bahamas,BHS,2017,33050.035,North America
448,Bahamas,BHS,2018,33650.215,North America
449,Bahamas,BHS,2019,33202.49,North America
450,Bahamas,BHS,2020,26452.695,North America
451,Bahamas,BHS,2021,31064.682,North America
452,Bahamas,BHS,2022,34342.93,North America
453,Bahamas,BHS,2023,35221.27,North America
454,Bahamas,BHS,2024,36244.05,North America
455,Bahrain,BHR,1990,41856.543,Asia
456,Bahrain,BHR,1991,47644.023,Asia
457,Bahrain,BHR,1992,49511.95,Asia
458,Bahrain,BHR,1993,54433.137,Asia
459,Bahrain,BHR,1994,52886.58,Asia
460,Bahrain,BHR,1995,53537.684,Asia
461,Bahrain,BHR,1996,54289.438,Asia
462,Bahrain,BHR,1997,54512.855,Asia
463,Bahrain,BHR,1998,55638.695,Asia
464,Bahrain,BHR,1999,56522.227,Asia
465,Bahrain,BHR,2000,57968.996,Asia
466,Bahrain,BHR,2001,57280.7,Asia
467,Bahrain,BHR,2002,55096.656,Asia
468,Bahrain,BHR,2003,54431.875,Asia
469,Bahrain,BHR,2004,54045.094,Asia
470,Bahrain,BHR,2005,53478.266,Asia
471,Bahrain,BHR,2006,52691.934,Asia
472,Bahrain,BHR,2007,52731.793,Asia
473,Bahrain,BHR,2008,52765.39,Asia
474,Bahrain,BHR,2009,50665.75,Asia
475,Bahrain,BHR,2010,50704.848,Asia
476,Bahrain,BHR,2011,53132.33,Asia
477,Bahrain,BHR,2012,54516.84,Asia
478,Bahrain,BHR,2013,55376.402,Asia
479,Bahrain,BHR,2014,55065.82,Asia
480,Bahrain,BHR,2015,54149.914,Asia
481,Bahrain,BHR,2016,54107.074,Asia
482,Bahrain,BHR,2017,53859.773,Asia
483,Bahrain,BHR,2018,54893.074,Asia
484,Bahrain,BHR,2019,56749.96,Asia
485,Bahrain,BHR,2020,53814.246,Asia
486,Bahrain,BHR,2021,54954.676,Asia
487,Bahrain,BHR,2022,57572.996,Asia
488,Bahrain,BHR,2023,57819.906,Asia
489,Bahrain,BHR,2024,59060.184,Asia
490,Bahrain,BHR,2025,60669.63,Asia
491,Bangladesh,BGD,1990,2069.7822,Asia
492,Bangladesh,BGD,1991,2101.3835,Asia
493,Bangladesh,BGD,1992,2174.3823,Asia
494,Bangladesh,BGD,1993,2234.81,Asia
495,Bangladesh,BGD,1994,2279.0942,Asia
496,Bangladesh,BGD,1995,2351.7039,Asia
497,Bangladesh,BGD,1996,2413.543,Asia
498,Bangladesh,BGD,1997,2475.5957,Asia
499,Bangladesh,BGD,1998,2555.0613,Asia
500,Bangladesh,BGD,1999,2624.0654,Asia
501,Bangladesh,BGD,2000,2712.935,Asia
502,Bangladesh,BGD,2001,2803.5547,Asia
503,Bangladesh,BGD,2002,2866.4346,Asia
504,Bangladesh,BGD,2003,2958.915,Asia
505,Bangladesh,BGD,2004,3071.838,Asia
506,Bangladesh,BGD,2005,3231.6138,Asia
507,Bangladesh,BGD,2006,3407.4272,Asia
508,Bangladesh,BGD,2007,3608.9155,Asia
509,Bangladesh,BGD,2008,3787.9382,Asia
510,Bangladesh,BGD,2009,3942.1362,Asia
511,Bangladesh,BGD,2010,4125.464,Asia
512,Bangladesh,BGD,2011,4352.4263,Asia
513,Bangladesh,BGD,2012,4592.0483,Asia
514,Bangladesh,BGD,2013,4822.726,Asia
515,Bangladesh,BGD,2014,5068.6396,Asia
516,Bangladesh,BGD,2015,5352.7114,Asia
517,Bangladesh,BGD,2016,5682.5356,Asia
518,Bangladesh,BGD,2017,6005.707,Asia
519,Bangladesh,BGD,2018,6392.5933,Asia
520,Bangladesh,BGD,2019,6838.326,Asia
521,Bangladesh,BGD,2020,7015.1978,Asia
522,Bangladesh,BGD,2021,7441.0693,Asia
523,Bangladesh,BGD,2022,7888.164,Asia
524,Bangladesh,BGD,2023,8242.398,Asia
525,Bangladesh,BGD,2024,8486.785,Asia
526,Bangladesh,BGD,2025,8676.756,Asia
527,Barbados,BRB,1990,19195.887,North America
528,Barbados,BRB,1991,18391.008,North America
529,Barbados,BRB,1992,17284.52,North America
530,Barbados,BRB,1993,17370.873,North America
531,Barbados,BRB,1994,17679.998,North America
532,Barbados,BRB,1995,18007.234,North America
533,Barbados,BRB,1996,18705.797,North America
534,Barbados,BRB,1997,19584.408,North America
535,Barbados,BRB,1998,20311.2,North America
536,Barbados,BRB,1999,20372.885,North America
537,Barbados,BRB,2000,21315.768,North America
538,Barbados,BRB,2001,20782.844,North America
539,Barbados,BRB,2002,20809.857,North America
540,Barbados,BRB,2003,21132.328,North America
541,Barbados,BRB,2004,21308.605,North America
542,Barbados,BRB,2005,22035.387,North America
543,Barbados,BRB,2006,23260.865,North America
544,Barbados,BRB,2007,23631.943,North America
545,Barbados,BRB,2008,23657.291,North America
546,Barbados,BRB,2009,22354.84,North America
547,Barbados,BRB,2010,20464.795,North America
548,Barbados,BRB,2011,20383.254,North America
549,Barbados,BRB,2012,19743.578,North America
550,Barbados,BRB,2013,19730.348,North America
551,Barbados,BRB,2014,19840.83,North America
552,Barbados,BRB,2015,19642.232,North America
553,Barbados,BRB,2016,19877.111,North America
554,Barbados,BRB,2017,19966.32,North America
555,Barbados,BRB,2018,19877.676,North America
556,Barbados,BRB,2019,19890.455,North America
557,Barbados,BRB,2020,16399.701,North America
558,Barbados,BRB,2021,17686.746,North America
559,Barbados,BRB,2022,20494.535,North America
560,Barbados,BRB,2023,20865.016,North America
561,Barbados,BRB,2024,21557.527,North America
562,Barbados,BRB,2025,22127.361,North America
563,Belarus,BLR,1990,12351.636,Europe
564,Belarus,BLR,1991,12197.788,Europe
565,Belarus,BLR,1992,11002.602,Europe
566,Belarus,BLR,1993,10143.984,Europe
567,Belarus,BLR,1994,8967.73,Europe
568,Belarus,BLR,1995,8061.196,Europe
569,Belarus,BLR,1996,8314.856,Europe
570,Belarus,BLR,1997,9301.327,Europe
571,Belarus,BLR,1998,10128.156,Europe
572,Belarus,BLR,1999,10519.749,Europe
573,Belarus,BLR,2000,11182.455,Europe
574,Belarus,BLR,2001,11771.087,Europe
575,Belarus,BLR,2002,12443.933,Europe
576,Belarus,BLR,2003,13413.927,Europe
577,Belarus,BLR,2004,15052.118,Europe
578,Belarus,BLR,2005,16579.873,Europe
579,Belarus,BLR,2006,18349.871,Europe
580,Belarus,BLR,2007,20019.611,Europe
581,Belarus,BLR,2008,22137.947,Europe
582,Belarus,BLR,2009,22236.838,Europe
583,Belarus,BLR,2010,24012.613,Europe
584,Belarus,BLR,2011,25404.756,Europe
585,Belarus,BLR,2012,25879.133,Europe
586,Belarus,BLR,2013,26147.625,Europe
587,Belarus,BLR,2014,26564.436,Europe
588,Belarus,BLR,2015,25513.213,Europe
589,Belarus,BLR,2016,24846.83,Europe
590,Belarus,BLR,2017,25503.98,Europe
591,Belarus,BLR,2018,26363.463,Europe
592,Belarus,BLR,2019,26798.82,Europe
593,Belarus,BLR,2020,26731.496,Europe
594,Belarus,BLR,2021,27611.18,Europe
595,Belarus,BLR,2022,26537.508,Europe
596,Belarus,BLR,2023,27782.438,Europe
597,Belarus,BLR,2024,29135.947,Europe
598,Belarus,BLR,2025,29666.21,Europe
599,Belgium,BEL,1990,41640.06,Europe
600,Belgium,BEL,1991,42246.074,Europe
601,Belgium,BEL,1992,42719.047,Europe
602,Belgium,BEL,1993,42143.195,Europe
603,Belgium,BEL,1994,43369.277,Europe
604,Belgium,BEL,1995,44310.63,Europe
605,Belgium,BEL,1996,44808.523,Europe
606,Belgium,BEL,1997,46396.004,Europe
607,Belgium,BEL,1998,47205.31,Europe
608,Belgium,BEL,1999,48765.766,Europe
609,Belgium,BEL,2000,50455.734,Europe
610,Belgium,BEL,2001,50835.4,Europe
611,Belgium,BEL,2002,51471.85,Europe
612,Belgium,BEL,2003,51788.844,Europe
613,Belgium,BEL,2004,53406.69,Europe
614,Belgium,BEL,2005,54346.895,Europe
615,Belgium,BEL,2006,55367.62,Europe
616,Belgium,BEL,2007,56983.46,Europe
617,Belgium,BEL,2008,56787.74,Europe
618,Belgium,BEL,2009,55258.707,Europe
619,Belgium,BEL,2010,56240.203,Europe
620,Belgium,BEL,2011,56585.3,Europe
621,Belgium,BEL,2012,56356.824,Europe
622,Belgium,BEL,2013,56263.176,Europe
623,Belgium,BEL,2014,57002.91,Europe
624,Belgium,BEL,2015,57509.023,Europe
625,Belgium,BEL,2016,57901.496,Europe
626,Belgium,BEL,2017,58529.332,Europe
627,Belgium,BEL,2018,59357.69,Europe
628,Belgium,BEL,2019,60479.977,Europe
629,Belgium,BEL,2020,57333.543,Europe
630,Belgium,BEL,2021,60669.215,Europe
631,Belgium,BEL,2022,62602.926,Europe
632,Belgium,BEL,2023,63042.01,Europe
633,Belgium,BEL,2024,63311.277,Europe
634,Belgium,BEL,2025,63488.42,Europe
635,Belize,BLZ,1990,8251.617,North America
636,Belize,BLZ,1991,9028.073,North America
637,Belize,BLZ,1992,9967.777,North America
638,Belize,BLZ,1993,10366.859,North America
639,Belize,BLZ,1994,10146.399,North America
640,Belize,BLZ,1995,9967.847,North America
641,Belize,BLZ,1996,9782.645,North America
642,Belize,BLZ,1997,9862.267,North America
643,Belize,BLZ,1998,9894.6,North America
644,Belize,BLZ,1999,10460.635,North America
645,Belize,BLZ,2000,11363.687,North America
646,Belize,BLZ,2001,11567.026,North America
647,Belize,BLZ,2002,11828.187,North America
648,Belize,BLZ,2003,12589.268,North America
649,Belize,BLZ,2004,12807.166,North America
650,Belize,BLZ,2005,12714.97,North America
651,Belize,BLZ,2006,12912.53,North America
652,Belize,BLZ,2007,12973.207,North America
653,Belize,BLZ,2008,12415.681,North America
654,Belize,BLZ,2009,12033.91,North America
655,Belize,BLZ,2010,11913.664,North America
656,Belize,BLZ,2011,11641.771,North America
657,Belize,BLZ,2012,11843.415,North America
658,Belize,BLZ,2013,12064.797,North America
659,Belize,BLZ,2014,12272.296,North America
660,Belize,BLZ,2015,12348.795,North America
661,Belize,BLZ,2016,12063.06,North America
662,Belize,BLZ,2017,11572.301,North America
663,Belize,BLZ,2018,11451.897,North America
664,Belize,BLZ,2019,11765.975,North America
665,Belize,BLZ,2020,10045.141,North America
666,Belize,BLZ,2021,11716.327,North America
667,Belize,BLZ,2022,12565.364,North America
668,Belize,BLZ,2023,12371.009,North America
669,Belize,BLZ,2024,12621.408,North America
670,Belize,BLZ,2025,12788.843,North America
671,Benin,BEN,1990,2207.0679,Africa
672,Benin,BEN,1991,2230.4604,Africa
673,Benin,BEN,1992,2226.5667,Africa
674,Benin,BEN,1993,2254.2456,Africa
675,Benin,BEN,1994,2215.3662,Africa
676,Benin,BEN,1995,2300.141,Africa
677,Benin,BEN,1996,2337.6304,Africa
678,Benin,BEN,1997,2399.786,Africa
679,Benin,BEN,1998,2419.1,Africa
680,Benin,BEN,1999,2470.685,Africa
681,Benin,BEN,2000,2536.169,Africa
682,Benin,BEN,2001,2591.065,Africa
683,Benin,BEN,2002,2630.1807,Africa
684,Benin,BEN,2003,2639.0437,Africa
685,Benin,BEN,2004,2672.844,Africa
686,Benin,BEN,2005,2632.4724,Africa
687,Benin,BEN,2006,2652.2185,Africa
688,Benin,BEN,2007,2729.1375,Africa
689,Benin,BEN,2008,2777.6196,Africa
690,Benin,BEN,2009,2758.0725,Africa
691,Benin,BEN,2010,2733.574,Africa
692,Benin,BEN,2011,2732.0125,Africa
693,Benin,BEN,2012,2779.7266,Africa
694,Benin,BEN,2013,2893.0466,Africa
695,Benin,BEN,2014,2987.3823,Africa
696,Benin,BEN,2015,2952.0022,Africa
697,Benin,BEN,2016,2962.6638,Africa
698,Benin,BEN,2017,3041.7793,Africa
699,Benin,BEN,2018,3155.4512,Africa
700,Benin,BEN,2019,3281.1047,Africa
701,Benin,BEN,2020,3317.8596,Africa
702,Benin,BEN,2021,3464.2886,Africa
703,Benin,BEN,2022,3588.3252,Africa
704,Benin,BEN,2023,3721.2126,Africa
705,Benin,BEN,2024,3901.326,Africa
706,Benin,BEN,2025,4116.2153,Africa
707,Bermuda,BMU,1990,79750.86,North America
708,Bermuda,BMU,1991,76368.27,North America
709,Bermuda,BMU,1992,75769.91,North America
710,Bermuda,BMU,1993,77506.74,North America
711,Bermuda,BMU,1994,77473.58,North America
712,Bermuda,BMU,1995,80430.64,North America
713,Bermuda,BMU,1996,82126.26,North America
714,Bermuda,BMU,1997,85384.445,North America
715,Bermuda,BMU,1998,88038.54,North America
716,Bermuda,BMU,1999,90294.38,North America
717,Bermuda,BMU,2000,98024.08,North America
718,Bermuda,BMU,2001,104565.266,North America
719,Bermuda,BMU,2002,102564.11,North America
720,Bermuda,BMU,2003,105647.445,North America
721,Bermuda,BMU,2004,107807.76,North America
722,Bermuda,BMU,2005,109340.016,North America
723,Bermuda,BMU,2006,115175.77,North America
724,Bermuda,BMU,2007,118696.09,North America
725,Bermuda,BMU,2008,115947.63,North America
726,Bermuda,BMU,2009,108967.43,North America
727,Bermuda,BMU,2010,105973.36,North America
728,Bermuda,BMU,2011,101994.24,North America
729,Bermuda,BMU,2012,96715.164,North America
730,Bermuda,BMU,2013,96553.875,North America
731,Bermuda,BMU,2014,93046.21,North America
732,Bermuda,BMU,2015,93863.85,North America
733,Bermuda,BMU,2016,93269.016,North America
734,Bermuda,BMU,2017,96441.27,North America
735,Bermuda,BMU,2018,95643.27,North America
736,Bermuda,BMU,2019,95523.96,North America
737,Bermuda,BMU,2020,88484.81,North America
738,Bermuda,BMU,2021,92319.67,North America
739,Bermuda,BMU,2022,97943.055,North America
740,Bermuda,BMU,2023,102268.92,North America
741,Bermuda,BMU,2024,104299.945,North America
742,Bhutan,BTN,1990,3411.3838,Asia
743,Bhutan,BTN,1991,3338.0095,Asia
744,Bhutan,BTN,1992,3624.598,Asia
745,Bhutan,BTN,1993,3850.5513,Asia
746,Bhutan,BTN,1994,4042.4941,Asia
747,Bhutan,BTN,1995,4379.8706,Asia
748,Bhutan,BTN,1996,4616.92,Asia
749,Bhutan,BTN,1997,4778.705,Asia
750,Bhutan,BTN,1998,4965.8765,Asia
751,Bhutan,BTN,1999,5241.3667,Asia
752,Bhutan,BTN,2000,5287.574,Asia
753,Bhutan,BTN,2001,5545.6304,Asia
754,Bhutan,BTN,2002,5991.255,Asia
755,Bhutan,BTN,2003,6323.541,Asia
756,Bhutan,BTN,2004,6517.997,Asia
757,Bhutan,BTN,2005,6850.804,Asia
758,Bhutan,BTN,2006,7140.856,Asia
759,Bhutan,BTN,2007,8195.07,Asia
760,Bhutan,BTN,2008,8470.035,Asia
761,Bhutan,BTN,2009,9019.118,Asia
762,Bhutan,BTN,2010,9985.284,Asia
763,Bhutan,BTN,2011,10714.687,Asia
764,Bhutan,BTN,2012,11143.944,Asia
765,Bhutan,BTN,2013,11212.4795,Asia
766,Bhutan,BTN,2014,11744.519,Asia
767,Bhutan,BTN,2015,12400.298,Asia
768,Bhutan,BTN,2016,13320.976,Asia
769,Bhutan,BTN,2017,13482.343,Asia
770,Bhutan,BTN,2018,13854.8545,Asia
771,Bhutan,BTN,2019,14555.188,Asia
772,Bhutan,BTN,2020,12979.937,Asia
773,Bhutan,BTN,2021,13458.8125,Asia
774,Bhutan,BTN,2022,14061.3125,Asia
775,Bhutan,BTN,2023,14610.296,Asia
776,Bhutan,BTN,2024,15603.887,Asia
777,Bhutan,BTN,2025,16743.871,Asia
778,Bolivia,BOL,1990,6247.1045,South America
779,Bolivia,BOL,1991,6440.486,South America
780,Bolivia,BOL,1992,6414.3286,South America
781,Bolivia,BOL,1993,6556.8164,South America
782,Bolivia,BOL,1994,6731.2847,South America
783,Bolivia,BOL,1995,6914.342,South America
784,Bolivia,BOL,1996,7083.6133,South America
785,Bolivia,BOL,1997,7301.5093,South America
786,Bolivia,BOL,1998,7534.5166,South America
787,Bolivia,BOL,1999,7435.7256,South America
788,Bolivia,BOL,2000,7492.4336,South America
789,Bolivia,BOL,2001,7491.1523,South America
790,Bolivia,BOL,2002,7550.0156,South America
791,Bolivia,BOL,2003,7625.9053,South America
792,Bolivia,BOL,2004,7811.5967,South America
793,Bolivia,BOL,2005,8020.6357,South America
794,Bolivia,BOL,2006,8263.319,South America
795,Bolivia,BOL,2007,8493.948,South America
796,Bolivia,BOL,2008,8865.272,South America
797,Bolivia,BOL,2009,9011.557,South America
798,Bolivia,BOL,2010,9230.398,South America
799,Bolivia,BOL,2011,9554.445,South America
800,Bolivia,BOL,2012,9884.462,South America
801,Bolivia,BOL,2013,10391.384,South America
802,Bolivia,BOL,2014,10790.848,South America
803,Bolivia,BOL,2015,11144.642,South America
804,Bolivia,BOL,2016,11448.021,South America
805,Bolivia,BOL,2017,11755.256,South America
806,Bolivia,BOL,2018,11920.313,South America
807,Bolivia,BOL,2019,11930.916,South America
808,Bolivia,BOL,2020,10285.659,South America
809,Bolivia,BOL,2021,11202.441,South America
810,Bolivia,BOL,2022,11487.715,South America
811,Bolivia,BOL,2023,11616.157,South America
812,Bolivia,BOL,2024,11329.151,South America
813,Bolivia,BOL,2025,11000.534,South America
814,Bosnia and Herzegovina,BIH,1990,2413.9382,Europe
815,Bosnia and Herzegovina,BIH,1991,2183.5261,Europe
816,Bosnia and Herzegovina,BIH,1992,2150.9106,Europe
817,Bosnia and Herzegovina,BIH,1993,2281.89,Europe
818,Bosnia and Herzegovina,BIH,1994,2657.803,Europe
819,Bosnia and Herzegovina,BIH,1995,3090.3782,Europe
820,Bosnia and Herzegovina,BIH,1996,4568.9824,Europe
821,Bosnia and Herzegovina,BIH,1997,6020.9604,Europe
822,Bosnia and Herzegovina,BIH,1998,6899.297,Europe
823,Bosnia and Herzegovina,BIH,1999,7481.304,Europe
824,Bosnia and Herzegovina,BIH,2000,7830.502,Europe
825,Bosnia and Herzegovina,BIH,2001,7982.519,Europe
826,Bosnia and Herzegovina,BIH,2002,8366.691,Europe
827,Bosnia and Herzegovina,BIH,2003,8709.957,Europe
828,Bosnia and Herzegovina,BIH,2004,9344.83,Europe
829,Bosnia and Herzegovina,BIH,2005,9814.47,Europe
830,Bosnia and Herzegovina,BIH,2006,10430.412,Europe
831,Bosnia and Herzegovina,BIH,2007,11178.682,Europe
832,Bosnia and Herzegovina,BIH,2008,11983.72,Europe
833,Bosnia and Herzegovina,BIH,2009,11826.65,Europe
834,Bosnia and Herzegovina,BIH,2010,12142.861,Europe
835,Bosnia and Herzegovina,BIH,2011,12487.649,Europe
836,Bosnia and Herzegovina,BIH,2012,12626.927,Europe
837,Bosnia and Herzegovina,BIH,2013,13135.718,Europe
838,Bosnia and Herzegovina,BIH,2014,13458.853,Europe
839,Bosnia and Herzegovina,BIH,2015,14220.09,Europe
840,Bosnia and Herzegovina,BIH,2016,14873.641,Europe
841,Bosnia and Herzegovina,BIH,2017,15554.659,Europe
842,Bosnia and Herzegovina,BIH,2018,16349.0,Europe
843,Bosnia and Herzegovina,BIH,2019,17029.297,Europe
844,Bosnia and Herzegovina,BIH,2020,16747.035,Europe
845,Bosnia and Herzegovina,BIH,2021,18286.662,Europe
846,Bosnia and Herzegovina,BIH,2022,19298.117,Europe
847,Bosnia and Herzegovina,BIH,2023,19804.918,Europe
848,Bosnia and Herzegovina,BIH,2024,20578.5,Europe
849,Bosnia and Herzegovina,BIH,2025,21178.227,Europe
850,Botswana,BWA,1990,10520.918,Africa
851,Botswana,BWA,1991,11001.802,Africa
852,Botswana,BWA,1992,11008.681,Africa
853,Botswana,BWA,1993,10902.951,Africa
854,Botswana,BWA,1994,10989.67,Africa
855,Botswana,BWA,1995,11457.699,Africa
856,Botswana,BWA,1996,11832.938,Africa
857,Botswana,BWA,1997,12526.353,Africa
858,Botswana,BWA,1998,12306.25,Africa
859,Botswana,BWA,1999,13207.447,Africa
860,Botswana,BWA,2000,13185.817,Africa
861,Botswana,BWA,2001,12949.641,Africa
862,Botswana,BWA,2002,13479.696,Africa
863,Botswana,BWA,2003,13857.259,Africa
864,Botswana,BWA,2004,13984.842,Africa
865,Botswana,BWA,2005,14361.958,Africa
866,Botswana,BWA,2006,15275.583,Africa
867,Botswana,BWA,2007,15850.234,Africa
868,Botswana,BWA,2008,16040.315,Africa
869,Botswana,BWA,2009,13489.951,Africa
870,Botswana,BWA,2010,14545.02,Africa
871,Botswana,BWA,2011,15236.719,Africa
872,Botswana,BWA,2012,14957.619,Africa
873,Botswana,BWA,2013,16369.426,Africa
874,Botswana,BWA,2014,17052.193,Africa
875,Botswana,BWA,2015,15994.964,Africa
876,Botswana,BWA,2016,16905.588,Africa
877,Botswana,BWA,2017,17352.896,Africa
878,Botswana,BWA,2018,17825.02,Africa
879,Botswana,BWA,2019,18106.01,Africa
880,Botswana,BWA,2020,16289.392,Africa
881,Botswana,BWA,2021,17960.625,Africa
882,Botswana,BWA,2022,18647.373,Africa
883,Botswana,BWA,2023,18932.48,Africa
884,Botswana,BWA,2024,18107.615,Africa
885,Botswana,BWA,2025,17687.205,Africa
886,Brazil,BRA,1990,12633.288,South America
887,Brazil,BRA,1991,12546.561,South America
888,Brazil,BRA,1992,12271.979,South America
889,Brazil,BRA,1993,12669.429,South America
890,Brazil,BRA,1994,13202.931,South America
891,Brazil,BRA,1995,13550.439,South America
892,Brazil,BRA,1996,13641.63,South America
893,Brazil,BRA,1997,13896.625,South America
894,Brazil,BRA,1998,13737.703,South America
895,Brazil,BRA,1999,13602.414,South America
896,Brazil,BRA,2000,14005.348,South America
897,Brazil,BRA,2001,14016.132,South America
898,Brazil,BRA,2002,14265.905,South America
899,Brazil,BRA,2003,14259.366,South America
900,Brazil,BRA,2004,14911.261,South America
901,Brazil,BRA,2005,15221.014,South America
902,Brazil,BRA,2006,15657.4795,South America
903,Brazil,BRA,2007,16440.584,South America
904,Brazil,BRA,2008,17113.367,South America
905,Brazil,BRA,2009,16939.441,South America
906,Brazil,BRA,2010,18062.158,South America
907,Brazil,BRA,2011,18627.81,South America
908,Brazil,BRA,2012,18832.219,South America
909,Brazil,BRA,2013,19241.506,South America
910,Brazil,BRA,2014,19183.172,South America
911,Brazil,BRA,2015,18357.068,South America
912,Brazil,BRA,2016,17620.928,South America
913,Brazil,BRA,2017,17724.48,South America
914,Brazil,BRA,2018,17917.75,South America
915,Brazil,BRA,2019,18018.621,South America
916,Brazil,BRA,2020,17327.516,South America
917,Brazil,BRA,2021,18075.705,South America
918,Brazil,BRA,2022,18554.047,South America
919,Brazil,BRA,2023,19079.812,South America
920,Brazil,BRA,2024,19652.365,South America
921,Brazil,BRA,2025,20024.697,South America
922,Brunei,BRN,1990,118163.68,Asia
923,Brunei,BRN,1991,118220.69,Asia
924,Brunei,BRN,1992,111457.22,Asia
925,Brunei,BRN,1993,107899.13,Asia
926,Brunei,BRN,1994,106239.234,Asia
927,Brunei,BRN,1995,105043.85,Asia
928,Brunei,BRN,1996,102522.125,Asia
929,Brunei,BRN,1997,106503.42,Asia
930,Brunei,BRN,1998,97171.64,Asia
931,Brunei,BRN,1999,99083.32,Asia
932,Brunei,BRN,2000,100323.44,Asia
933,Brunei,BRN,2001,99680.766,Asia
934,Brunei,BRN,2002,101571.586,Asia
935,Brunei,BRN,2003,103226.914,Asia
936,Brunei,BRN,2004,101497.76,Asia
937,Brunei,BRN,2005,99795.69,Asia
938,Brunei,BRN,2006,102248.51,Asia
939,Brunei,BRN,2007,96752.62,Asia
940,Brunei,BRN,2008,91275.5,Asia
941,Brunei,BRN,2009,87875.83,Asia
942,Brunei,BRN,2010,88586.516,Asia
943,Brunei,BRN,2011,90279.664,Asia
944,Brunei,BRN,2012,89718.46,Asia
945,Brunei,BRN,2013,86606.65,Asia
946,Brunei,BRN,2014,83310.62,Asia
947,Brunei,BRN,2015,81910.19,Asia
948,Brunei,BRN,2016,78880.625,Asia
949,Brunei,BRN,2017,78966.87,Asia
950,Brunei,BRN,2018,78099.05,Asia
951,Brunei,BRN,2019,80228.16,Asia
952,Brunei,BRN,2020,80280.9,Asia
953,Brunei,BRN,2021,78248.8,Asia
954,Brunei,BRN,2022,76357.83,Asia
955,Brunei,BRN,2023,76616.7,Asia
956,Brunei,BRN,2024,79071.734,Asia
957,Brunei,BRN,2025,78985.125,Asia
958,Bulgaria,BGR,1990,14954.135,Europe
959,Bulgaria,BGR,1991,13827.4795,Europe
960,Bulgaria,BGR,1992,12960.322,Europe
961,Bulgaria,BGR,1993,12870.738,Europe
962,Bulgaria,BGR,1994,13149.308,Europe
963,Bulgaria,BGR,1995,13591.343,Europe
964,Bulgaria,BGR,1996,14372.771,Europe
965,Bulgaria,BGR,1997,12419.38,Europe
966,Bulgaria,BGR,1998,12976.267,Europe
967,Bulgaria,BGR,1999,11953.599,Europe
968,Bulgaria,BGR,2000,12563.836,Europe
969,Bulgaria,BGR,2001,13306.505,Europe
970,Bulgaria,BGR,2002,14397.001,Europe
971,Bulgaria,BGR,2003,15271.484,Europe
972,Bulgaria,BGR,2004,16388.96,Europe
973,Bulgaria,BGR,2005,17678.033,Europe
974,Bulgaria,BGR,2006,19024.543,Europe
975,Bulgaria,BGR,2007,20440.252,Europe
976,Bulgaria,BGR,2008,21845.955,Europe
977,Bulgaria,BGR,2009,21251.217,Europe
978,Bulgaria,BGR,2010,21724.287,Europe
979,Bulgaria,BGR,2011,22321.033,Europe
980,Bulgaria,BGR,2012,22618.81,Europe
981,Bulgaria,BGR,2013,22954.396,Europe
982,Bulgaria,BGR,2014,23455.482,Europe
983,Bulgaria,BGR,2015,24562.648,Europe
984,Bulgaria,BGR,2016,25636.744,Europe
985,Bulgaria,BGR,2017,26691.758,Europe
986,Bulgaria,BGR,2018,27690.895,Europe
987,Bulgaria,BGR,2019,29149.922,Europe
988,Bulgaria,BGR,2020,28521.207,Europe
989,Bulgaria,BGR,2021,30958.982,Europe
990,Bulgaria,BGR,2022,32433.658,Europe
991,Bulgaria,BGR,2023,33073.68,Europe
992,Bulgaria,BGR,2024,34221.387,Europe
993,Bulgaria,BGR,2025,35325.53,Europe
994,Burkina Faso,BFA,1990,1107.856,Africa
995,Burkina Faso,BFA,1991,1178.077,Africa
996,Burkina Faso,BFA,1992,1152.0448,Africa
997,Burkina Faso,BFA,1993,1162.6493,Africa
998,Burkina Faso,BFA,1994,1148.6072,Africa
999,Burkina Faso,BFA,1995,1183.5286,Africa
1000,Burkina Faso,BFA,1996,1280.696,Africa
1001,Burkina Faso,BFA,1997,1326.9423,Africa
1002,Burkina Faso,BFA,1998,1385.0931,Africa
1003,Burkina Faso,BFA,1999,1444.5669,Africa
1004,Burkina Faso,BFA,2000,1428.574,Africa
1005,Burkina Faso,BFA,2001,1477.2849,Africa
1006,Burkina Faso,BFA,2002,1494.678,Africa
1007,Burkina Faso,BFA,2003,1561.8331,Africa
1008,Burkina Faso,BFA,2004,1581.2562,Africa
1009,Burkina Faso,BFA,2005,1664.9955,Africa
1010,Burkina Faso,BFA,2006,1714.7604,Africa
1011,Burkina Faso,BFA,2007,1731.9304,Africa
1012,Burkina Faso,BFA,2008,1779.3271,Africa
1013,Burkina Faso,BFA,2009,1779.323,Africa
1014,Burkina Faso,BFA,2010,1873.9714,Africa
1015,Burkina Faso,BFA,2011,1939.8666,Africa
1016,Burkina Faso,BFA,2012,2003.6647,Africa
1017,Burkina Faso,BFA,2013,2057.064,Africa
1018,Burkina Faso,BFA,2014,2083.1985,Africa
1019,Burkina Faso,BFA,2015,2101.7026,Africa
1020,Burkina Faso,BFA,2016,2162.7258,Africa
1021,Burkina Faso,BFA,2017,2232.2878,Africa
1022,Burkina Faso,BFA,2018,2316.3943,Africa
1023,Burkina Faso,BFA,2019,2391.5364,Africa
1024,Burkina Faso,BFA,2020,2380.9316,Africa
1025,Burkina Faso,BFA,2021,2486.431,Africa
1026,Burkina Faso,BFA,2022,2469.1995,Africa
1027,Burkina Faso,BFA,2023,2486.2068,Africa
1028,Burkina Faso,BFA,2024,2548.5024,Africa
1029,Burkina Faso,BFA,2025,2624.8286,Africa
1030,Burundi,BDI,1990,1455.8262,Africa
1031,Burundi,BDI,1991,1497.269,Africa
1032,Burundi,BDI,1992,1472.4932,Africa
1033,Burundi,BDI,1993,1424.766,Africa
1034,Burundi,BDI,1994,1361.3221,Africa
1035,Burundi,BDI,1995,1180.6749,Africa
1036,Burundi,BDI,1996,1085.4712,Africa
1037,Burundi,BDI,1997,1068.2938,Africa
1038,Burundi,BDI,1998,1097.8645,Africa
1039,Burundi,BDI,1999,1061.0441,Africa
1040,Burundi,BDI,2000,1030.3224,Africa
1041,Burundi,BDI,2001,1025.4838,Africa
1042,Burundi,BDI,2002,1041.2972,Africa
1043,Burundi,BDI,2003,996.56946,Africa
1044,Burundi,BDI,2004,1006.5124,Africa
1045,Burundi,BDI,2005,978.54193,Africa
1046,Burundi,BDI,2006,995.02783,Africa
1047,Burundi,BDI,2007,991.9314,Africa
1048,Burundi,BDI,2008,998.56506,Africa
1049,Burundi,BDI,2009,985.18475,Africa
1050,Burundi,BDI,2010,988.0187,Africa
1051,Burundi,BDI,2011,991.6599,Africa
1052,Burundi,BDI,2012,999.2201,Africa
1053,Burundi,BDI,2013,1011.43134,Africa
1054,Burundi,BDI,2014,1019.1761,Africa
1055,Burundi,BDI,2015,992.2858,Africa
1056,Burundi,BDI,2016,1006.5591,Africa
1057,Burundi,BDI,2017,1020.84985,Africa
1058,Burundi,BDI,2018,1043.4056,Africa
1059,Burundi,BDI,2019,1054.726,Africa
1060,Burundi,BDI,2020,1027.6289,Africa
1061,Burundi,BDI,2021,1032.3827,Africa
1062,Burundi,BDI,2022,1028.1113,Africa
1063,Burundi,BDI,2023,1033.0094,Africa
1064,Burundi,BDI,2024,1048.0555,Africa
1065,Burundi,BDI,2025,1066.513,Africa
1066,Cambodia,KHM,1990,2646.098,Asia
1067,Cambodia,KHM,1991,2731.3796,Asia
1068,Cambodia,KHM,1992,2769.4883,Asia
1069,Cambodia,KHM,1993,2714.5916,Asia
1070,Cambodia,KHM,1994,1650.391,Asia
1071,Cambodia,KHM,1995,1672.7393,Asia
1072,Cambodia,KHM,1996,1643.0157,Asia
1073,Cambodia,KHM,1997,1595.1713,Asia
1074,Cambodia,KHM,1998,1602.3837,Asia
1075,Cambodia,KHM,1999,1775.4124,Asia
1076,Cambodia,KHM,2000,1922.0317,Asia
1077,Cambodia,KHM,2001,2032.0809,Asia
1078,Cambodia,KHM,2002,2126.3416,Asia
1079,Cambodia,KHM,2003,2309.8394,Asia
1080,Cambodia,KHM,2004,2491.3093,Asia
1081,Cambodia,KHM,2005,2781.8904,Asia
1082,Cambodia,KHM,2006,3041.1047,Asia
1083,Cambodia,KHM,2007,3308.1575,Asia
1084,Cambodia,KHM,2008,3501.9258,Asia
1085,Cambodia,KHM,2009,3587.609,Asia
1086,Cambodia,KHM,2010,3711.5376,Asia
1087,Cambodia,KHM,2011,3921.979,Asia
1088,Cambodia,KHM,2012,4159.1636,Asia
1089,Cambodia,KHM,2013,4419.399,Asia
1090,Cambodia,KHM,2014,4702.7305,Asia
1091,Cambodia,KHM,2015,4968.5728,Asia
1092,Cambodia,KHM,2016,5283.7295,Asia
1093,Cambodia,KHM,2017,5632.0312,Asia
1094,Cambodia,KHM,2018,6050.591,Asia
1095,Cambodia,KHM,2019,6448.885,Asia
1096,Cambodia,KHM,2020,6128.782,Asia
1097,Cambodia,KHM,2021,6225.5327,Asia
1098,Cambodia,KHM,2022,6458.368,Asia
1099,Cambodia,KHM,2023,6695.292,Asia
1100,Cambodia,KHM,2024,7011.5815,Asia
1101,Cambodia,KHM,2025,7300.0806,Asia
1102,Cameroon,CMR,1990,4517.6187,Africa
1103,Cameroon,CMR,1991,4220.653,Africa
1104,Cameroon,CMR,1992,3974.2776,Africa
1105,Cameroon,CMR,1993,3556.3186,Africa
1106,Cameroon,CMR,1994,3522.7488,Africa
1107,Cameroon,CMR,1995,3526.5437,Africa
1108,Cameroon,CMR,1996,3577.592,Africa
1109,Cameroon,CMR,1997,3641.7075,Africa
1110,Cameroon,CMR,1998,3714.132,Africa
1111,Cameroon,CMR,1999,3780.0623,Africa
1112,Cameroon,CMR,2000,3822.9443,Africa
1113,Cameroon,CMR,2001,3884.873,Africa
1114,Cameroon,CMR,2002,3951.4194,Africa
1115,Cameroon,CMR,2003,4054.7812,Africa
1116,Cameroon,CMR,2004,4222.9663,Africa
1117,Cameroon,CMR,2005,4199.7227,Africa
1118,Cameroon,CMR,2006,4241.5176,Africa
1119,Cameroon,CMR,2007,4302.619,Africa
1120,Cameroon,CMR,2008,4300.2666,Africa
1121,Cameroon,CMR,2009,4286.577,Africa
1122,Cameroon,CMR,2010,4286.583,Africa
1123,Cameroon,CMR,2011,4307.852,Africa
1124,Cameroon,CMR,2012,4382.1113,Africa
1125,Cameroon,CMR,2013,4473.5723,Africa
1126,Cameroon,CMR,2014,4588.4863,Africa
1127,Cameroon,CMR,2015,4698.667,Africa
1128,Cameroon,CMR,2016,4767.132,Africa
1129,Cameroon,CMR,2017,4797.9756,Africa
1130,Cameroon,CMR,2018,4851.48,Africa
1131,Cameroon,CMR,2019,4882.3555,Africa
1132,Cameroon,CMR,2020,4763.482,Africa
1133,Cameroon,CMR,2021,4793.556,Africa
1134,Cameroon,CMR,2022,4843.6504,Africa
1135,Cameroon,CMR,2023,4875.251,Africa
1136,Cameroon,CMR,2024,4916.9336,Africa
1137,Cameroon,CMR,2025,4945.9565,Africa
1138,Canada,CAN,1990,40475.098,North America
1139,Canada,CAN,1991,39139.297,North America
1140,Canada,CAN,1992,39023.168,North America
1141,Canada,CAN,1993,39622.465,North America
1142,Canada,CAN,1994,40952.12,North America
1143,Canada,CAN,1995,41617.707,North America
1144,Canada,CAN,1996,41880.535,North America
1145,Canada,CAN,1997,43241.223,North America
1146,Canada,CAN,1998,44553.266,North America
1147,Canada,CAN,1999,46464.527,North America
1148,Canada,CAN,2000,48399.285,North America
1149,Canada,CAN,2001,48774.15,North America
1150,Canada,CAN,2002,49694.99,North America
1151,Canada,CAN,2003,50139.766,North America
1152,Canada,CAN,2004,51210.66,North America
1153,Canada,CAN,2005,52356.54,North America
1154,Canada,CAN,2006,53195.76,North America
1155,Canada,CAN,2007,53761.84,North America
1156,Canada,CAN,2008,53711.656,North America
1157,Canada,CAN,2009,51552.402,North America
1158,Canada,CAN,2010,52558.42,North America
1159,Canada,CAN,2011,53681.11,North America
1160,Canada,CAN,2012,54034.78,North America
1161,Canada,CAN,2013,54712.156,North America
1162,Canada,CAN,2014,55723.46,North America
1163,Canada,CAN,2015,55660.844,North America
1164,Canada,CAN,2016,55606.133,North America
1165,Canada,CAN,2017,56612.305,North America
1166,Canada,CAN,2018,57337.47,North America
1167,Canada,CAN,2019,57583.824,North America
1168,Canada,CAN,2020,54092.86,North America
1169,Canada,CAN,2021,56995.094,North America
1170,Canada,CAN,2022,58583.13,North America
1171,Canada,CAN,2023,58088.38,North America
1172,Canada,CAN,2024,57534.09,North America
1173,Canada,CAN,2025,57989.58,North America
1174,Cape Verde,CPV,1990,1848.7587,Africa
1175,Cape Verde,CPV,1991,1830.076,Africa
1176,Cape Verde,CPV,1992,1984.6807,Africa
1177,Cape Verde,CPV,1993,2111.6213,Africa
1178,Cape Verde,CPV,1994,2465.994,Africa
1179,Cape Verde,CPV,1995,2763.3972,Africa
1180,Cape Verde,CPV,1996,3022.8882,Africa
1181,Cape Verde,CPV,1997,3302.974,Africa
1182,Cape Verde,CPV,1998,3657.381,Africa
1183,Cape Verde,CPV,1999,4006.4797,Africa
1184,Cape Verde,CPV,2000,4510.1357,Africa
1185,Cape Verde,CPV,2001,4540.907,Africa
1186,Cape Verde,CPV,2002,4710.241,Africa
1187,Cape Verde,CPV,2003,4841.2656,Africa
1188,Cape Verde,CPV,2004,5268.303,Africa
1189,Cape Verde,CPV,2005,5565.7695,Africa
1190,Cape Verde,CPV,2006,5941.3823,Africa
1191,Cape Verde,CPV,2007,6767.4067,Africa
1192,Cape Verde,CPV,2008,7169.1396,Africa
1193,Cape Verde,CPV,2009,6994.574,Africa
1194,Cape Verde,CPV,2010,7072.1216,Africa
1195,Cape Verde,CPV,2011,7325.784,Africa
1196,Cape Verde,CPV,2012,7397.8223,Africa
1197,Cape Verde,CPV,2013,7440.6626,Africa
1198,Cape Verde,CPV,2014,7491.022,Africa
1199,Cape Verde,CPV,2015,7560.1367,Africa
1200,Cape Verde,CPV,2016,7881.303,Africa
1201,Cape Verde,CPV,2017,8234.56,Africa
1202,Cape Verde,CPV,2018,8531.13,Africa
1203,Cape Verde,CPV,2019,9111.63,Africa
1204,Cape Verde,CPV,2020,7207.8687,Africa
1205,Cape Verde,CPV,2021,7685.4194,Africa
1206,Cape Verde,CPV,2022,8850.106,Africa
1207,Cape Verde,CPV,2023,9228.461,Africa
1208,Cape Verde,CPV,2024,9825.534,Africa
1209,Cape Verde,CPV,2025,10395.741,Africa
1210,Cayman Islands,CYM,2006,92213.08,North America
1211,Cayman Islands,CYM,2007,92343.73,North America
1212,Cayman Islands,CYM,2008,89380.15,North America
1213,Cayman Islands,CYM,2009,80631.84,North America
1214,Cayman Islands,CYM,2010,76294.766,North America
1215,Cayman Islands,CYM,2011,75094.83,North America
1216,Cayman Islands,CYM,2012,73982.68,North America
1217,Cayman Islands,CYM,2013,72988.7,North America
1218,Cayman Islands,CYM,2014,73051.81,North America
1219,Cayman Islands,CYM,2015,73315.38,North America
1220,Cayman Islands,CYM,2016,73941.86,North America
1221,Cayman Islands,CYM,2017,74599.68,North America
1222,Cayman Islands,CYM,2018,76124.55,North America
1223,Cayman Islands,CYM,2019,77476.84,North America
1224,Cayman Islands,CYM,2020,72183.13,North America
1225,Cayman Islands,CYM,2021,74160.49,North America
1226,Cayman Islands,CYM,2022,76735.375,North America
1227,Cayman Islands,CYM,2023,79580.89,North America
1228,Cayman Islands,CYM,2024,80996.65,North America
1229,Central African Republic,CAF,1990,1481.2526,Africa
1230,Central African Republic,CAF,1991,1427.6902,Africa
1231,Central African Republic,CAF,1992,1294.2025,Africa
1232,Central African Republic,CAF,1993,1257.8284,Africa
1233,Central African Republic,CAF,1994,1278.915,Africa
1234,Central African Republic,CAF,1995,1334.1033,Africa
1235,Central African Republic,CAF,1996,1247.9688,Africa
1236,Central African Republic,CAF,1997,1278.4883,Africa
1237,Central African Republic,CAF,1998,1302.7515,Africa
1238,Central African Republic,CAF,1999,1313.2357,Africa
1239,Central African Republic,CAF,2000,1245.814,Africa
1240,Central African Republic,CAF,2001,1272.857,Africa
1241,Central African Republic,CAF,2002,1290.3832,Africa
1242,Central African Republic,CAF,2003,1191.8732,Africa
1243,Central African Republic,CAF,2004,1236.2854,Africa
1244,Central African Republic,CAF,2005,1219.594,Africa
1245,Central African Republic,CAF,2006,1251.8708,Africa
1246,Central African Republic,CAF,2007,1284.5529,Africa
1247,Central African Republic,CAF,2008,1283.2728,Africa
1248,Central African Republic,CAF,2009,1402.6816,Africa
1249,Central African Republic,CAF,2010,1479.4137,Africa
1250,Central African Republic,CAF,2011,1517.1484,Africa
1251,Central African Republic,CAF,2012,1577.9806,Africa
1252,Central African Republic,CAF,2013,996.89636,Africa
1253,Central African Republic,CAF,2014,1001.85596,Africa
1254,Central African Republic,CAF,2015,1043.9218,Africa
1255,Central African Republic,CAF,2016,1073.9448,Africa
1256,Central African Republic,CAF,2017,1103.8661,Africa
1257,Central African Republic,CAF,2018,1125.7009,Africa
1258,Central African Republic,CAF,2019,1145.0956,Africa
1259,Central African Republic,CAF,2020,1136.5706,Africa
1260,Central African Republic,CAF,2021,1128.5524,Africa
1261,Central African Republic,CAF,2022,1136.8018,Africa
1262,Central African Republic,CAF,2023,1132.6764,Africa
1263,Central African Republic,CAF,2024,1111.2194,Africa
1264,Central African Republic,CAF,2025,1122.7609,Africa
1265,Chad,TCD,1990,1711.3699,Africa
1266,Chad,TCD,1991,1790.7379,Africa
1267,Chad,TCD,1992,1853.6766,Africa
1268,Chad,TCD,1993,1526.0543,Africa
1269,Chad,TCD,1994,1642.5165,Africa
1270,Chad,TCD,1995,1591.1416,Africa
1271,Chad,TCD,1996,1555.914,Africa
1272,Chad,TCD,1997,1588.0986,Africa
1273,Chad,TCD,1998,1641.0571,Africa
1274,Chad,TCD,1999,1573.5853,Africa
1275,Chad,TCD,2000,1506.7158,Africa
1276,Chad,TCD,2001,1626.5668,Africa
1277,Chad,TCD,2002,1704.273,Africa
1278,Chad,TCD,2003,1878.5858,Africa
1279,Chad,TCD,2004,2400.97,Africa
1280,Chad,TCD,2005,2705.8164,Africa
1281,Chad,TCD,2006,2596.0325,Africa
1282,Chad,TCD,2007,2613.4739,Africa
1283,Chad,TCD,2008,2601.3613,Africa
1284,Chad,TCD,2009,2474.7075,Africa
1285,Chad,TCD,2010,2717.4055,Africa
1286,Chad,TCD,2011,2741.0708,Africa
1287,Chad,TCD,2012,2886.2747,Africa
1288,Chad,TCD,2013,2864.113,Africa
1289,Chad,TCD,2014,2820.678,Africa
1290,Chad,TCD,2015,2822.5793,Africa
1291,Chad,TCD,2016,2622.598,Africa
1292,Chad,TCD,2017,2496.2622,Africa
1293,Chad,TCD,2018,2552.3704,Africa
1294,Chad,TCD,2019,2604.5315,Africa
1295,Chad,TCD,2020,2513.0293,Africa
1296,Chad,TCD,2021,2435.0728,Africa
1297,Chad,TCD,2022,2449.4824,Africa
1298,Chad,TCD,2023,2433.5332,Africa
1299,Chad,TCD,2024,2430.733,Africa
1300,Chad,TCD,2025,2480.5095,Africa
1301,Chile,CHL,1990,10955.249,South America
1302,Chile,CHL,1991,11610.278,South America
1303,Chile,CHL,1992,12738.616,South America
1304,Chile,CHL,1993,13380.473,South America
1305,Chile,CHL,1994,13849.626,South America
1306,Chile,CHL,1995,14911.564,South America
1307,Chile,CHL,1996,15748.466,South America
1308,Chile,CHL,1997,16687.855,South America
1309,Chile,CHL,1998,17161.033,South America
1310,Chile,CHL,1999,16900.125,South America
1311,Chile,CHL,2000,17529.42,South America
1312,Chile,CHL,2001,17874.531,South America
1313,Chile,CHL,2002,18244.52,South America
1314,Chile,CHL,2003,18907.346,South America
1315,Chile,CHL,2004,19966.709,South America
1316,Chile,CHL,2005,20923.48,South America
1317,Chile,CHL,2006,21973.738,South America
1318,Chile,CHL,2007,22884.299,South America
1319,Chile,CHL,2008,23515.348,South America
1320,Chile,CHL,2009,23019.03,South America
1321,Chile,CHL,2010,24122.479,South America
1322,Chile,CHL,2011,25372.273,South America
1323,Chile,CHL,2012,26676.81,South America
1324,Chile,CHL,2013,27297.818,South America
1325,Chile,CHL,2014,27511.56,South America
1326,Chile,CHL,2015,27817.959,South America
1327,Chile,CHL,2016,27965.348,South America
1328,Chile,CHL,2017,27899.598,South America
1329,Chile,CHL,2018,28499.406,South America
1330,Chile,CHL,2019,28227.979,South America
1331,Chile,CHL,2020,26258.404,South America
1332,Chile,CHL,2021,29106.635,South America
1333,Chile,CHL,2022,29560.451,South America
1334,Chile,CHL,2023,29600.418,South America
1335,Chile,CHL,2024,30267.645,South America
1336,Chile,CHL,2025,30863.422,South America
1337,China,CHN,1990,1666.8141,Asia
1338,China,CHN,1991,1798.3826,Asia
1339,China,CHN,1992,2030.4713,Asia
1340,China,CHN,1993,2286.7957,Asia
1341,China,CHN,1994,2556.907,Asia
1342,China,CHN,1995,2807.8865,Asia
1343,China,CHN,1996,3055.7283,Asia
1344,China,CHN,1997,3305.8303,Asia
1345,China,CHN,1998,3533.6985,Asia
1346,China,CHN,1999,3774.4275,Asia
1347,China,CHN,2000,4065.8672,Asia
1348,China,CHN,2001,4372.4355,Asia
1349,China,CHN,2002,4744.382,Asia
1350,China,CHN,2003,5191.7812,Asia
1351,China,CHN,2004,5684.388,Asia
1352,China,CHN,2005,6298.2993,Asia
1353,China,CHN,2006,7057.1113,Asia
1354,China,CHN,2007,8013.7837,Asia
1355,China,CHN,2008,8743.702,Asia
1356,China,CHN,2009,9518.682,Asia
1357,China,CHN,2010,10476.152,Asia
1358,China,CHN,2011,11404.918,Asia
1359,China,CHN,2012,12217.935,Asia
1360,China,CHN,2013,13080.879,Asia
1361,China,CHN,2014,13968.519,Asia
1362,China,CHN,2015,14857.108,Asia
1363,China,CHN,2016,15772.837,Asia
1364,China,CHN,2017,16758.047,Asia
1365,China,CHN,2018,17807.049,Asia
1366,China,CHN,2019,18820.588,Asia
1367,China,CHN,2020,19215.102,Asia
1368,China,CHN,2021,20843.297,Asia
1369,China,CHN,2022,21499.312,Asia
1370,China,CHN,2023,22687.252,Asia
1371,China,CHN,2024,23841.477,Asia
1372,China,CHN,2025,25066.521,Asia
1373,Colombia,COL,1990,9998.811,South America
1374,Colombia,COL,1991,9996.098,South America
1375,Colombia,COL,1992,10196.433,South America
1376,Colombia,COL,1993,10533.115,South America
1377,Colombia,COL,1994,10927.938,South America
1378,Colombia,COL,1995,11279.0,South America
1379,Colombia,COL,1996,11303.131,South America
1380,Colombia,COL,1997,11483.505,South America
1381,Colombia,COL,1998,11343.88,South America
1382,Colombia,COL,1999,10679.709,South America
1383,Colombia,COL,2000,10813.494,South America
1384,Colombia,COL,2001,10823.45,South America
1385,Colombia,COL,2002,10925.148,South America
1386,Colombia,COL,2003,11183.291,South America
1387,Colombia,COL,2004,11607.938,South America
1388,Colombia,COL,2005,11999.255,South America
1389,Colombia,COL,2006,12636.625,South America
1390,Colombia,COL,2007,13318.304,South America
1391,Colombia,COL,2008,13591.061,South America
1392,Colombia,COL,2009,13586.752,South America
1393,Colombia,COL,2010,14037.064,South America
1394,Colombia,COL,2011,14852.37,South America
1395,Colombia,COL,2012,15279.479,South America
1396,Colombia,COL,2013,15912.247,South America
1397,Colombia,COL,2014,16480.363,South America
1398,Colombia,COL,2015,16821.38,South America
1399,Colombia,COL,2016,17003.244,South America
1400,Colombia,COL,2017,16986.033,South America
1401,Colombia,COL,2018,17104.13,South America
1402,Colombia,COL,2019,17336.771,South America
1403,Colombia,COL,2020,15861.5,South America
1404,Colombia,COL,2021,17383.09,South America
1405,Colombia,COL,2022,18458.72,South America
1406,Colombia,COL,2023,18406.625,South America
1407,Colombia,COL,2024,18481.838,South America
1408,Colombia,COL,2025,18778.648,South America
1409,Comoros,COM,1990,3178.8547,Africa
1410,Comoros,COM,1991,2911.0535,Africa
1411,Comoros,COM,1992,3061.0325,Africa
1412,Comoros,COM,1993,3082.2224,Africa
1413,Comoros,COM,1994,2907.4224,Africa
1414,Comoros,COM,1995,3018.458,Africa
1415,Comoros,COM,1996,2951.7832,Africa
1416,Comoros,COM,1997,3029.3464,Africa
1417,Comoros,COM,1998,2978.3713,Africa
1418,Comoros,COM,1999,3004.6907,Africa
1419,Comoros,COM,2000,2917.8716,Africa
1420,Comoros,COM,2001,3013.389,Africa
1421,Comoros,COM,2002,3085.9382,Africa
1422,Comoros,COM,2003,3085.5967,Africa
1423,Comoros,COM,2004,3121.5168,Africa
1424,Comoros,COM,2005,3231.725,Africa
1425,Comoros,COM,2006,3111.6257,Africa
1426,Comoros,COM,2007,3074.7346,Africa
1427,Comoros,COM,2008,3133.7502,Africa
1428,Comoros,COM,2009,3171.6035,Africa
1429,Comoros,COM,2010,3226.635,Africa
1430,Comoros,COM,2011,3293.834,Africa
1431,Comoros,COM,2012,3330.5244,Africa
1432,Comoros,COM,2013,3406.4993,Africa
1433,Comoros,COM,2014,3403.4128,Africa
1434,Comoros,COM,2015,3370.5557,Africa
1435,Comoros,COM,2016,3411.7712,Africa
1436,Comoros,COM,2017,3472.0786,Africa
1437,Comoros,COM,2018,3528.9587,Africa
1438,Comoros,COM,2019,3522.6687,Africa
1439,Comoros,COM,2020,3447.4727,Africa
1440,Comoros,COM,2021,3449.0435,Africa
1441,Comoros,COM,2022,3465.8403,Africa
1442,Comoros,COM,2023,3508.1587,Africa
1443,Comoros,COM,2024,3556.0383,Africa
1444,Comoros,COM,2025,3621.7664,Africa
1445,Congo,COG,1990,8699.526,Africa
1446,Congo,COG,1991,8658.161,Africa
1447,Congo,COG,1992,8636.637,Africa
1448,Congo,COG,1993,8302.697,Africa
1449,Congo,COG,1994,7617.6074,Africa
1450,Congo,COG,1995,7701.3247,Africa
1451,Congo,COG,1996,7812.048,Africa
1452,Congo,COG,1997,7599.0483,Africa
1453,Congo,COG,1998,7711.6323,Africa
1454,Congo,COG,1999,7312.3267,Africa
1455,Congo,COG,2000,7570.583,Africa
1456,Congo,COG,2001,7567.439,Africa
1457,Congo,COG,2002,7729.3887,Africa
1458,Congo,COG,2003,7577.4565,Africa
1459,Congo,COG,2004,7577.446,Africa
1460,Congo,COG,2005,7876.118,Africa
1461,Congo,COG,2006,8192.58,Africa
1462,Congo,COG,2007,7375.8247,Africa
1463,Congo,COG,2008,7587.288,Africa
1464,Congo,COG,2009,8138.45,Africa
1465,Congo,COG,2010,8583.662,Africa
1466,Congo,COG,2011,8492.421,Africa
1467,Congo,COG,2012,9079.687,Africa
1468,Congo,COG,2013,8798.494,Africa
1469,Congo,COG,2014,9159.257,Africa
1470,Congo,COG,2015,8977.707,Africa
1471,Congo,COG,2016,8001.8257,Africa
1472,Congo,COG,2017,7372.7705,Africa
1473,Congo,COG,2018,7029.3364,Africa
1474,Congo,COG,2019,6939.369,Africa
1475,Congo,COG,2020,6350.5093,Africa
1476,Congo,COG,2021,6263.2114,Africa
1477,Congo,COG,2022,6205.105,Africa
1478,Congo,COG,2023,6172.2876,Africa
1479,Congo,COG,2024,6152.565,Africa
1480,Congo,COG,2025,6194.09,Africa
1481,Costa Rica,CRI,1990,10979.788,North America
1482,Costa Rica,CRI,1991,10946.381,North America
1483,Costa Rica,CRI,1992,11654.818,North America
1484,Costa Rica,CRI,1993,12173.677,North America
1485,Costa Rica,CRI,1994,12415.263,North America
1486,Costa Rica,CRI,1995,12623.534,North America
1487,Costa Rica,CRI,1996,12497.627,North America
1488,Costa Rica,CRI,1997,12887.525,North America
1489,Costa Rica,CRI,1998,13505.084,North America
1490,Costa Rica,CRI,1999,13776.583,North America
1491,Costa Rica,CRI,2000,14025.69,North America
1492,Costa Rica,CRI,2001,14257.525,North America
1493,Costa Rica,CRI,2002,14503.177,North America
1494,Costa Rica,CRI,2003,14898.72,North America
1495,Costa Rica,CRI,2004,15330.883,North America
1496,Costa Rica,CRI,2005,15711.745,North America
1497,Costa Rica,CRI,2006,16628.373,North America
1498,Costa Rica,CRI,2007,17752.416,North America
1499,Costa Rica,CRI,2008,18343.1,North America
1500,Costa Rica,CRI,2009,17941.502,North America
1501,Costa Rica,CRI,2010,18670.168,North America
1502,Costa Rica,CRI,2011,19264.457,North America
1503,Costa Rica,CRI,2012,19970.686,North America
1504,Costa Rica,CRI,2013,20242.293,North America
1505,Costa Rica,CRI,2014,20735.193,North America
1506,Costa Rica,CRI,2015,21265.318,North America
1507,Costa Rica,CRI,2016,21936.467,North America
1508,Costa Rica,CRI,2017,22633.766,North America
1509,Costa Rica,CRI,2018,23069.861,North America
1510,Costa Rica,CRI,2019,23496.83,North America
1511,Costa Rica,CRI,2020,22368.139,North America
1512,Costa Rica,CRI,2021,24083.6,North America
1513,Costa Rica,CRI,2022,25290.008,North America
1514,Costa Rica,CRI,2023,26378.541,North America
1515,Costa Rica,CRI,2024,27325.047,North America
1516,Costa Rica,CRI,2025,28443.412,North America
1517,Cote d'Ivoire,CIV,1990,5255.5483,Africa
1518,Cote d'Ivoire,CIV,1991,5052.889,Africa
1519,Cote d'Ivoire,CIV,1992,4843.329,Africa
1520,Cote d'Ivoire,CIV,1993,4645.502,Africa
1521,Cote d'Ivoire,CIV,1994,4502.4927,Africa
1522,Cote d'Ivoire,CIV,1995,4638.7915,Africa
1523,Cote d'Ivoire,CIV,1996,4807.46,Africa
1524,Cote d'Ivoire,CIV,1997,5072.635,Africa
1525,Cote d'Ivoire,CIV,1998,5093.1694,Africa
1526,Cote d'Ivoire,CIV,1999,4987.394,Africa
1527,Cote d'Ivoire,CIV,2000,4838.376,Africa
1528,Cote d'Ivoire,CIV,2001,4609.1787,Africa
1529,Cote d'Ivoire,CIV,2002,4368.9604,Africa
1530,Cote d'Ivoire,CIV,2003,4060.0305,Africa
1531,Cote d'Ivoire,CIV,2004,4088.9753,Africa
1532,Cote d'Ivoire,CIV,2005,4032.2756,Africa
1533,Cote d'Ivoire,CIV,2006,4049.2903,Africa
1534,Cote d'Ivoire,CIV,2007,3999.7205,Africa
1535,Cote d'Ivoire,CIV,2008,4096.754,Africa
1536,Cote d'Ivoire,CIV,2009,4151.0845,Africa
1537,Cote d'Ivoire,CIV,2010,4338.6846,Africa
1538,Cote d'Ivoire,CIV,2011,4017.4375,Africa
1539,Cote d'Ivoire,CIV,2012,4234.212,Africa
1540,Cote d'Ivoire,CIV,2013,4597.22,Africa
1541,Cote d'Ivoire,CIV,2014,4907.611,Africa
1542,Cote d'Ivoire,CIV,2015,5110.9004,Africa
1543,Cote d'Ivoire,CIV,2016,5320.8857,Africa
1544,Cote d'Ivoire,CIV,2017,5556.155,Africa
1545,Cote d'Ivoire,CIV,2018,5670.242,Africa
1546,Cote d'Ivoire,CIV,2019,5894.9224,Africa
1547,Cote d'Ivoire,CIV,2020,5787.858,Africa
1548,Cote d'Ivoire,CIV,2021,6045.2046,Africa
1549,Cote d'Ivoire,CIV,2022,6272.264,Africa
1550,Cote d'Ivoire,CIV,2023,6520.899,Africa
1551,Cote d'Ivoire,CIV,2024,6747.038,Africa
1552,Cote d'Ivoire,CIV,2025,7014.8457,Africa
1553,Croatia,HRV,1990,23399.64,Europe
1554,Croatia,HRV,1991,18812.865,Europe
1555,Croatia,HRV,1992,17020.166,Europe
1556,Croatia,HRV,1993,15570.339,Europe
1557,Croatia,HRV,1994,16301.686,Europe
1558,Croatia,HRV,1995,17522.514,Europe
1559,Croatia,HRV,1996,18850.164,Europe
1560,Croatia,HRV,1997,20110.203,Europe
1561,Croatia,HRV,1998,20576.014,Europe
1562,Croatia,HRV,1999,20489.354,Europe
1563,Croatia,HRV,2000,21302.412,Europe
1564,Croatia,HRV,2001,22826.723,Europe
1565,Croatia,HRV,2002,24136.781,Europe
1566,Croatia,HRV,2003,25473.566,Europe
1567,Croatia,HRV,2004,26528.537,Europe
1568,Croatia,HRV,2005,27641.137,Europe
1569,Croatia,HRV,2006,29035.676,Europe
1570,Croatia,HRV,2007,30508.307,Europe
1571,Croatia,HRV,2008,31113.555,Europe
1572,Croatia,HRV,2009,29024.664,Europe
1573,Croatia,HRV,2010,28701.875,Europe
1574,Croatia,HRV,2011,28769.023,Europe
1575,Croatia,HRV,2012,28259.164,Europe
1576,Croatia,HRV,2013,28397.982,Europe
1577,Croatia,HRV,2014,28456.336,Europe
1578,Croatia,HRV,2015,29466.451,Europe
1579,Croatia,HRV,2016,30820.805,Europe
1580,Croatia,HRV,2017,32348.588,Europe
1581,Croatia,HRV,2018,33729.547,Europe
1582,Croatia,HRV,2019,35122.797,Europe
1583,Croatia,HRV,2020,32493.402,Europe
1584,Croatia,HRV,2021,36930.074,Europe
1585,Croatia,HRV,2022,39863.91,Europe
1586,Croatia,HRV,2023,41320.258,Europe
1587,Croatia,HRV,2024,42828.8,Europe
1588,Croatia,HRV,2025,44172.043,Europe
1589,Curacao,CUW,2000,34307.125,North America
1590,Curacao,CUW,2001,35339.066,North America
1591,Curacao,CUW,2002,35435.996,North America
1592,Curacao,CUW,2003,34812.793,North America
1593,Curacao,CUW,2004,34288.742,North America
1594,Curacao,CUW,2005,33651.504,North America
1595,Curacao,CUW,2006,33334.855,North America
1596,Curacao,CUW,2007,33490.254,North America
1597,Curacao,CUW,2008,33795.133,North America
1598,Curacao,CUW,2009,33397.4,North America
1599,Curacao,CUW,2010,33004.555,North America
1600,Curacao,CUW,2011,32704.355,North America
1601,Curacao,CUW,2012,32320.877,North America
1602,Curacao,CUW,2013,31753.385,North America
1603,Curacao,CUW,2014,31128.646,North America
1604,Curacao,CUW,2015,30861.32,North America
1605,Curacao,CUW,2016,30209.79,North America
1606,Curacao,CUW,2017,29729.102,North America
1607,Curacao,CUW,2018,29256.816,North America
1608,Curacao,CUW,2019,28659.656,North America
1609,Curacao,CUW,2020,23669.771,North America
1610,Curacao,CUW,2021,24905.768,North America
1611,Curacao,CUW,2022,26734.646,North America
1612,Curacao,CUW,2023,27617.92,North America
1613,Curacao,CUW,2024,28762.059,North America
1614,Cyprus,CYP,1990,27666.535,Europe
1615,Cyprus,CYP,1991,27158.926,Europe
1616,Cyprus,CYP,1992,28931.814,Europe
1617,Cyprus,CYP,1993,28439.215,Europe
1618,Cyprus,CYP,1994,29500.623,Europe
1619,Cyprus,CYP,1995,31393.246,Europe
1620,Cyprus,CYP,1996,31282.61,Europe
1621,Cyprus,CYP,1997,31656.83,Europe
1622,Cyprus,CYP,1998,33181.99,Europe
1623,Cyprus,CYP,1999,34452.723,Europe
1624,Cyprus,CYP,2000,36121.664,Europe
1625,Cyprus,CYP,2001,37146.844,Europe
1626,Cyprus,CYP,2002,38090.777,Europe
1627,Cyprus,CYP,2003,38617.812,Europe
1628,Cyprus,CYP,2004,40019.926,Europe
1629,Cyprus,CYP,2005,41362.094,Europe
1630,Cyprus,CYP,2006,42595.203,Europe
1631,Cyprus,CYP,2007,43823.76,Europe
1632,Cyprus,CYP,2008,44295.63,Europe
1633,Cyprus,CYP,2009,42253.387,Europe
1634,Cyprus,CYP,2010,42102.28,Europe
1635,Cyprus,CYP,2011,41212.688,Europe
1636,Cyprus,CYP,2012,39190.223,Europe
1637,Cyprus,CYP,2013,36650.57,Europe
1638,Cyprus,CYP,2014,36104.902,Europe
1639,Cyprus,CYP,2015,37258.5,Europe
1640,Cyprus,CYP,2016,39500.85,Europe
1641,Cyprus,CYP,2017,41417.99,Europe
1642,Cyprus,CYP,2018,43510.03,Europe
1643,Cyprus,CYP,2019,45454.176,Europe
1644,Cyprus,CYP,2020,43402.36,Europe
1645,Cyprus,CYP,2021,47632.57,Europe
1646,Cyprus,CYP,2022,50840.914,Europe
1647,Cyprus,CYP,2023,51674.902,Europe
1648,Cyprus,CYP,2024,52861.836,Europe
1649,Cyprus,CYP,2025,54103.26,Europe
1650,Czechia,CZE,1990,27918.137,Europe
1651,Czechia,CZE,1991,24734.77,Europe
1652,Czechia,CZE,1992,24584.33,Europe
1653,Czechia,CZE,1993,24573.992,Europe
1654,Czechia,CZE,1994,25279.791,Europe
1655,Czechia,CZE,1995,26869.02,Europe
1656,Czechia,CZE,1996,28021.67,Europe
1657,Czechia,CZE,1997,27884.74,Europe
1658,Czechia,CZE,1998,27801.44,Europe
1659,Czechia,CZE,1999,28213.455,Europe
1660,Czechia,CZE,2000,29427.406,Europe
1661,Czechia,CZE,2001,30399.873,Europe
1662,Czechia,CZE,2002,30919.549,Europe
1663,Czechia,CZE,2003,31949.297,Europe
1664,Czechia,CZE,2004,33452.34,Europe
1665,Czechia,CZE,2005,35535.746,Europe
1666,Czechia,CZE,2006,37786.88,Europe
1667,Czechia,CZE,2007,39629.008,Europe
1668,Czechia,CZE,2008,40328.344,Europe
1669,Czechia,CZE,2009,38175.14,Europe
1670,Czechia,CZE,2010,39097.387,Europe
1671,Czechia,CZE,2011,39708.164,Europe
1672,Czechia,CZE,2012,39347.05,Europe
1673,Czechia,CZE,2013,39317.555,Europe
1674,Czechia,CZE,2014,40158.016,Europe
1675,Czechia,CZE,2015,42066.574,Europe
1676,Czechia,CZE,2016,43069.465,Europe
1677,Czechia,CZE,2017,45177.523,Europe
1678,Czechia,CZE,2018,46301.082,Europe
1679,Czechia,CZE,2019,47763.617,Europe
1680,Czechia,CZE,2020,45119.938,Europe
1681,Czechia,CZE,2021,47796.035,Europe
1682,Czechia,CZE,2022,48390.66,Europe
1683,Czechia,CZE,2023,47558.41,Europe
1684,Czechia,CZE,2024,47972.53,Europe
1685,Czechia,CZE,2025,49292.49,Europe
1686,Democratic Republic of Congo,COD,1990,2403.9702,Africa
1687,Democratic Republic of Congo,COD,1991,2129.449,Africa
1688,Democratic Republic of Congo,COD,1992,1842.5485,Africa
1689,Democratic Republic of Congo,COD,1993,1538.3969,Africa
1690,Democratic Republic of Congo,COD,1994,1410.0565,Africa
1691,Democratic Republic of Congo,COD,1995,1362.1877,Africa
1692,Democratic Republic of Congo,COD,1996,1322.5801,Africa
1693,Democratic Republic of Congo,COD,1997,1228.3907,Africa
1694,Democratic Republic of Congo,COD,1998,1176.0505,Africa
1695,Democratic Republic of Congo,COD,1999,1088.6504,Africa
1696,Democratic Republic of Congo,COD,2000,981.42206,Africa
1697,Democratic Republic of Congo,COD,2001,930.85785,Africa
1698,Democratic Republic of Congo,COD,2002,929.4528,Africa
1699,Democratic Republic of Congo,COD,2003,953.0446,Africa
1700,Democratic Republic of Congo,COD,2004,987.74695,Africa
1701,Democratic Republic of Congo,COD,2005,1016.6339,Africa
1702,Democratic Republic of Congo,COD,2006,1036.1333,Africa
1703,Democratic Republic of Congo,COD,2007,1091.5408,Africa
1704,Democratic Republic of Congo,COD,2008,1137.8408,Africa
1705,Democratic Republic of Congo,COD,2009,1109.1831,Africa
1706,Democratic Republic of Congo,COD,2010,1166.983,Africa
1707,Democratic Republic of Congo,COD,2011,1124.7721,Africa
1708,Democratic Republic of Congo,COD,2012,1182.1407,Africa
1709,Democratic Republic of Congo,COD,2013,1342.7416,Africa
1710,Democratic Republic of Congo,COD,2014,1392.7584,Africa
1711,Democratic Republic of Congo,COD,2015,1433.2158,Africa
1712,Democratic Republic of Congo,COD,2016,1388.8016,Africa
1713,Democratic Republic of Congo,COD,2017,1395.7196,Africa
1714,Democratic Republic of Congo,COD,2018,1431.7285,Africa
1715,Democratic Republic of Congo,COD,2019,1394.7646,Africa
1716,Democratic Republic of Congo,COD,2020,1361.028,Africa
1717,Democratic Republic of Congo,COD,2021,1402.3856,Africa
1718,Democratic Republic of Congo,COD,2022,1484.3384,Africa
1719,Democratic Republic of Congo,COD,2023,1559.338,Africa
1720,Democratic Republic of Congo,COD,2024,1601.7092,Africa
1721,Democratic Republic of Congo,COD,2025,1640.5662,Africa
1722,Denmark,DNK,1990,45943.887,Europe
1723,Denmark,DNK,1991,46493.02,Europe
1724,Denmark,DNK,1992,47276.895,Europe
1725,Denmark,DNK,1993,47082.47,Europe
1726,Denmark,DNK,1994,49408.203,Europe
1727,Denmark,DNK,1995,50644.707,Europe
1728,Denmark,DNK,1996,51817.17,Europe
1729,Denmark,DNK,1997,53237.297,Europe
1730,Denmark,DNK,1998,54278.277,Europe
1731,Denmark,DNK,1999,55704.258,Europe
1732,Denmark,DNK,2000,57585.9,Europe
1733,Denmark,DNK,2001,57925.055,Europe
1734,Denmark,DNK,2002,58003.887,Europe
1735,Denmark,DNK,2003,58101.48,Europe
1736,Denmark,DNK,2004,59560.46,Europe
1737,Denmark,DNK,2005,60798.137,Europe
1738,Denmark,DNK,2006,62911.395,Europe
1739,Denmark,DNK,2007,63251.316,Europe
1740,Denmark,DNK,2008,62618.45,Europe
1741,Denmark,DNK,2009,59185.97,Europe
1742,Denmark,DNK,2010,59856.348,Europe
1743,Denmark,DNK,2011,60391.78,Europe
1744,Denmark,DNK,2012,60161.7,Europe
1745,Denmark,DNK,2013,60745.777,Europe
1746,Denmark,DNK,2014,61210.95,Europe
1747,Denmark,DNK,2015,62059.13,Europe
1748,Denmark,DNK,2016,63468.99,Europe
1749,Denmark,DNK,2017,64989.445,Europe
1750,Denmark,DNK,2018,65870.83,Europe
1751,Denmark,DNK,2019,66758.63,Europe
1752,Denmark,DNK,2020,65379.305,Europe
1753,Denmark,DNK,2021,69328.0,Europe
1754,Denmark,DNK,2022,69089.47,Europe
1755,Denmark,DNK,2023,68993.91,Europe
1756,Denmark,DNK,2024,71034.58,Europe
1757,Denmark,DNK,2025,72723.27,Europe
1758,Djibouti,DJI,2013,4469.074,Africa
1759,Djibouti,DJI,2014,4705.0493,Africa
1760,Djibouti,DJI,2015,4961.868,Africa
1761,Djibouti,DJI,2016,5226.5005,Africa
1762,Djibouti,DJI,2017,5421.9565,Africa
1763,Djibouti,DJI,2018,5590.5044,Africa
1764,Djibouti,DJI,2019,5809.3047,Africa
1765,Djibouti,DJI,2020,5791.4775,Africa
1766,Djibouti,DJI,2021,5960.108,Africa
1767,Djibouti,DJI,2022,6180.68,Africa
1768,Djibouti,DJI,2023,6510.6787,Africa
1769,Djibouti,DJI,2024,6871.1245,Africa
1770,Djibouti,DJI,2025,7222.55,Africa
1771,Dominica,DMA,1990,11311.552,North America
1772,Dominica,DMA,1991,11518.765,North America
1773,Dominica,DMA,1992,11747.611,North America
1774,Dominica,DMA,1993,11982.859,North America
1775,Dominica,DMA,1994,11979.399,North America
1776,Dominica,DMA,1995,12343.9,North America
1777,Dominica,DMA,1996,12737.897,North America
1778,Dominica,DMA,1997,13037.149,North America
1779,Dominica,DMA,1998,13563.453,North America
1780,Dominica,DMA,1999,13661.679,North America
1781,Dominica,DMA,2000,14054.655,North America
1782,Dominica,DMA,2001,14091.549,North America
1783,Dominica,DMA,2002,13640.703,North America
1784,Dominica,DMA,2003,14398.002,North America
1785,Dominica,DMA,2004,14962.246,North America
1786,Dominica,DMA,2005,15080.5205,North America
1787,Dominica,DMA,2006,15727.705,North America
1788,Dominica,DMA,2007,16560.518,North America
1789,Dominica,DMA,2008,17738.041,North America
1790,Dominica,DMA,2009,17534.033,North America
1791,Dominica,DMA,2010,17516.787,North America
1792,Dominica,DMA,2011,17475.041,North America
1793,Dominica,DMA,2012,17431.129,North America
1794,Dominica,DMA,2013,17282.637,North America
1795,Dominica,DMA,2014,17520.855,North America
1796,Dominica,DMA,2015,16920.912,North America
1797,Dominica,DMA,2016,17364.078,North America
1798,Dominica,DMA,2017,16314.2295,North America
1799,Dominica,DMA,2018,16877.125,North America
1800,Dominica,DMA,2019,17619.434,North America
1801,Dominica,DMA,2020,14919.531,North America
1802,Dominica,DMA,2021,15808.975,North America
1803,Dominica,DMA,2022,17550.8,North America
1804,Dominica,DMA,2023,18278.225,North America
1805,Dominica,DMA,2024,18739.363,North America
1806,Dominica,DMA,2025,19409.291,North America
1807,Dominican Republic,DOM,1990,7327.7266,North America
1808,Dominican Republic,DOM,1991,7246.2466,North America
1809,Dominican Republic,DOM,1992,7900.768,North America
1810,Dominican Republic,DOM,1993,8318.492,North America
1811,Dominican Republic,DOM,1994,8372.071,North America
1812,Dominican Republic,DOM,1995,8685.017,North America
1813,Dominican Republic,DOM,1996,9036.884,North America
1814,Dominican Republic,DOM,1997,9671.148,North America
1815,Dominican Republic,DOM,1998,10150.446,North America
1816,Dominican Republic,DOM,1999,10582.077,North America
1817,Dominican Republic,DOM,2000,10896.318,North America
1818,Dominican Republic,DOM,2001,10991.137,North America
1819,Dominican Republic,DOM,2002,11313.069,North America
1820,Dominican Republic,DOM,2003,11000.868,North America
1821,Dominican Republic,DOM,2004,11131.2705,North America
1822,Dominican Republic,DOM,2005,12022.508,North America
1823,Dominican Republic,DOM,2006,12961.918,North America
1824,Dominican Republic,DOM,2007,13754.921,North America
1825,Dominican Republic,DOM,2008,14030.141,North America
1826,Dominican Republic,DOM,2009,13992.41,North America
1827,Dominican Republic,DOM,2010,14975.001,North America
1828,Dominican Republic,DOM,2011,15258.086,North America
1829,Dominican Republic,DOM,2012,15487.277,North America
1830,Dominican Republic,DOM,2013,16054.768,North America
1831,Dominican Republic,DOM,2014,16993.588,North America
1832,Dominican Republic,DOM,2015,17973.188,North America
1833,Dominican Republic,DOM,2016,18968.975,North America
1834,Dominican Republic,DOM,2017,19501.875,North America
1835,Dominican Republic,DOM,2018,20662.848,North America
1836,Dominican Republic,DOM,2019,21451.287,North America
1837,Dominican Republic,DOM,2020,19545.41,North America
1838,Dominican Republic,DOM,2021,22053.459,North America
1839,Dominican Republic,DOM,2022,22986.959,North America
1840,Dominican Republic,DOM,2023,23282.49,North America
1841,Dominican Republic,DOM,2024,24229.889,North America
1842,Dominican Republic,DOM,2025,24543.342,North America
1843,East Asia and Pacific (WB),WB_EAP,1990,5815.8003,
1844,East Asia and Pacific (WB),WB_EAP,1991,6046.5527,
1845,East Asia and Pacific (WB),WB_EAP,1992,6279.929,
1846,East Asia and Pacific (WB),WB_EAP,1993,6524.5146,
1847,East Asia and Pacific (WB),WB_EAP,1994,6836.727,
1848,East Asia and Pacific (WB),WB_EAP,1995,7182.172,
1849,East Asia and Pacific (WB),WB_EAP,1996,7538.4595,
1850,East Asia and Pacific (WB),WB_EAP,1997,7796.6147,
1851,East Asia and Pacific (WB),WB_EAP,1998,7692.3257,
1852,East Asia and Pacific (WB),WB_EAP,1999,7934.2925,
1853,East Asia and Pacific (WB),WB_EAP,2000,8325.621,
1854,East Asia and Pacific (WB),WB_EAP,2001,8556.306,
1855,East Asia and Pacific (WB),WB_EAP,2002,8914.782,
1856,East Asia and Pacific (WB),WB_EAP,2003,9336.59,
1857,East Asia and Pacific (WB),WB_EAP,2004,9862.163,
1858,East Asia and Pacific (WB),WB_EAP,2005,10431.109,
1859,East Asia and Pacific (WB),WB_EAP,2006,11097.974,
1860,East Asia and Pacific (WB),WB_EAP,2007,11921.896,
1861,East Asia and Pacific (WB),WB_EAP,2008,12431.148,
1862,East Asia and Pacific (WB),WB_EAP,2009,12758.3955,
1863,East Asia and Pacific (WB),WB_EAP,2010,13696.295,
1864,East Asia and Pacific (WB),WB_EAP,2011,14400.659,
1865,East Asia and Pacific (WB),WB_EAP,2012,15098.179,
1866,East Asia and Pacific (WB),WB_EAP,2013,15817.395,
1867,East Asia and Pacific (WB),WB_EAP,2014,16527.965,
1868,East Asia and Pacific (WB),WB_EAP,2015,17242.027,
1869,East Asia and Pacific (WB),WB_EAP,2016,17975.469,
1870,East Asia and Pacific (WB),WB_EAP,2017,18809.508,
1871,East Asia and Pacific (WB),WB_EAP,2018,19664.418,
1872,East Asia and Pacific (WB),WB_EAP,2019,20432.98,
1873,East Asia and Pacific (WB),WB_EAP,2020,20334.225,
1874,East Asia and Pacific (WB),WB_EAP,2021,21598.584,
1875,East Asia and Pacific (WB),WB_EAP,2022,22275.387,
1876,East Asia and Pacific (WB),WB_EAP,2023,23181.86,
1877,East Asia and Pacific (WB),WB_EAP,2024,24094.16,
1878,East Asia and Pacific (WB),WB_EAP,2025,25109.709,
1879,East Timor,TLS,1990,2143.792,Asia
1880,East Timor,TLS,1991,2318.7942,Asia
1881,East Timor,TLS,1992,2493.9084,Asia
1882,East Timor,TLS,1993,2674.3992,Asia
1883,East Timor,TLS,1994,2786.6763,Asia
1884,East Timor,TLS,1995,2891.8645,Asia
1885,East Timor,TLS,1996,3038.2305,Asia
1886,East Timor,TLS,1997,3073.9705,Asia
1887,East Timor,TLS,1998,2931.4807,Asia
1888,East Timor,TLS,1999,2136.6494,Asia
1889,East Timor,TLS,2000,3783.7832,Asia
1890,East Timor,TLS,2001,4038.3357,Asia
1891,East Timor,TLS,2002,3480.9885,Asia
1892,East Timor,TLS,2003,3264.9465,Asia
1893,East Timor,TLS,2004,3234.9758,Asia
1894,East Timor,TLS,2005,3263.9446,Asia
1895,East Timor,TLS,2006,3038.9524,Asia
1896,East Timor,TLS,2007,3256.5698,Asia
1897,East Timor,TLS,2008,3530.882,Asia
1898,East Timor,TLS,2009,3792.3584,Asia
1899,East Timor,TLS,2010,4047.2495,Asia
1900,East Timor,TLS,2011,4189.8,Asia
1901,East Timor,TLS,2012,4297.915,Asia
1902,East Timor,TLS,2013,4340.2783,Asia
1903,East Timor,TLS,2014,4445.3594,Asia
1904,East Timor,TLS,2015,4467.8003,Asia
1905,East Timor,TLS,2016,4515.4224,Asia
1906,East Timor,TLS,2017,4290.027,Asia
1907,East Timor,TLS,2018,4188.841,Asia
1908,East Timor,TLS,2019,5103.1494,Asia
1909,East Timor,TLS,2020,6594.882,Asia
1910,East Timor,TLS,2021,6825.046,Asia
1911,East Timor,TLS,2022,5348.4917,Asia
1912,East Timor,TLS,2023,4331.078,Asia
1913,East Timor,TLS,2024,3890.9575,Asia
1914,East Timor,TLS,2025,4109.9043,Asia
1915,Ecuador,ECU,1990,9104.816,South America
1916,Ecuador,ECU,1991,9292.618,South America
1917,Ecuador,ECU,1992,9291.371,South America
1918,Ecuador,ECU,1993,9284.315,South America
1919,Ecuador,ECU,1994,9494.175,South America
1920,Ecuador,ECU,1995,9525.177,South America
1921,Ecuador,ECU,1996,9509.275,South America
1922,Ecuador,ECU,1997,9739.267,South America
1923,Ecuador,ECU,1998,9876.751,South America
1924,Ecuador,ECU,1999,9242.967,South America
1925,Ecuador,ECU,2000,9183.052,South America
1926,Ecuador,ECU,2001,9405.117,South America
1927,Ecuador,ECU,2002,9697.556,South America
1928,Ecuador,ECU,2003,9802.814,South America
1929,Ecuador,ECU,2004,10290.663,South America
1930,Ecuador,ECU,2005,10660.205,South America
1931,Ecuador,ECU,2006,10933.49,South America
1932,Ecuador,ECU,2007,10952.822,South America
1933,Ecuador,ECU,2008,11474.525,South America
1934,Ecuador,ECU,2009,11403.527,South America
1935,Ecuador,ECU,2010,11665.698,South America
1936,Ecuador,ECU,2011,12449.078,South America
1937,Ecuador,ECU,2012,12961.026,South America
1938,Ecuador,ECU,2013,13689.152,South America
1939,Ecuador,ECU,2014,14064.799,South America
1940,Ecuador,ECU,2015,13881.57,South America
1941,Ecuador,ECU,2016,13586.516,South America
1942,Ecuador,ECU,2017,14179.153,South America
1943,Ecuador,ECU,2018,14083.507,South America
1944,Ecuador,ECU,2019,13870.489,South America
1945,Ecuador,ECU,2020,12440.326,South America
1946,Ecuador,ECU,2021,13507.444,South America
1947,Ecuador,ECU,2022,14186.639,South America
1948,Ecuador,ECU,2023,14321.165,South America
1949,Ecuador,ECU,2024,13922.422,South America
1950,Ecuador,ECU,2025,14319.24,South America
1951,Egypt,EGY,1990,8006.6216,Africa
1952,Egypt,EGY,1991,7876.5527,Africa
1953,Egypt,EGY,1992,8034.5625,Africa
1954,Egypt,EGY,1993,8079.0547,Africa
1955,Egypt,EGY,1994,8221.047,Africa
1956,Egypt,EGY,1995,8423.578,Africa
1957,Egypt,EGY,1996,8662.331,Africa
1958,Egypt,EGY,1997,8950.654,Africa
1959,Egypt,EGY,1998,9245.479,Africa
1960,Egypt,EGY,1999,9588.859,Africa
1961,Egypt,EGY,2000,9981.628,Africa
1962,Egypt,EGY,2001,10117.333,Africa
1963,Egypt,EGY,2002,10143.506,Africa
1964,Egypt,EGY,2003,10250.377,Africa
1965,Egypt,EGY,2004,10451.821,Africa
1966,Egypt,EGY,2005,10700.609,Africa
1967,Egypt,EGY,2006,11211.832,Africa
1968,Egypt,EGY,2007,11782.006,Africa
1969,Egypt,EGY,2008,12391.585,Africa
1970,Egypt,EGY,2009,12728.081,Africa
1971,Egypt,EGY,2010,13128.988,Africa
1972,Egypt,EGY,2011,13082.427,Africa
1973,Egypt,EGY,2012,13076.806,Africa
1974,Egypt,EGY,2013,13058.075,Africa
1975,Egypt,EGY,2014,13136.365,Africa
1976,Egypt,EGY,2015,13425.912,Africa
1977,Egypt,EGY,2016,13727.32,Africa
1978,Egypt,EGY,2017,14018.36,Africa
1979,Egypt,EGY,2018,14488.209,Africa
1980,Egypt,EGY,2019,15026.568,Africa
1981,Egypt,EGY,2020,15309.236,Africa
1982,Egypt,EGY,2021,15579.016,Africa
1983,Egypt,EGY,2022,16360.391,Africa
1984,Egypt,EGY,2023,16691.387,Africa
1985,Egypt,EGY,2024,16798.152,Africa
1986,Egypt,EGY,2025,17265.148,Africa
1987,El Salvador,SLV,1990,5976.0176,North America
1988,El Salvador,SLV,1991,5960.059,North America
1989,El Salvador,SLV,1992,6275.1875,North America
1990,El Salvador,SLV,1993,6553.0723,North America
1991,El Salvador,SLV,1994,6795.506,North America
1992,El Salvador,SLV,1995,7057.9204,North America
1993,El Salvador,SLV,1996,7062.3003,North America
1994,El Salvador,SLV,1997,7234.9443,North America
1995,El Salvador,SLV,1998,7381.1147,North America
1996,El Salvador,SLV,1999,7498.4673,North America
1997,El Salvador,SLV,2000,7545.4478,North America
1998,El Salvador,SLV,2001,7580.323,North America
1999,El Salvador,SLV,2002,7675.671,North America
2000,El Salvador,SLV,2003,7780.272,North America
2001,El Salvador,SLV,2004,7841.532,North America
2002,El Salvador,SLV,2005,8050.5347,North America
2003,El Salvador,SLV,2006,8404.247,North America
2004,El Salvador,SLV,2007,8548.835,North America
2005,El Salvador,SLV,2008,8704.806,North America
2006,El Salvador,SLV,2009,8494.498,North America
2007,El Salvador,SLV,2010,8648.93,North America
2008,El Salvador,SLV,2011,8945.932,North America
2009,El Salvador,SLV,2012,9162.5625,North America
2010,El Salvador,SLV,2013,9329.462,North America
2011,El Salvador,SLV,2014,9451.744,North America
2012,El Salvador,SLV,2015,9646.154,North America
2013,El Salvador,SLV,2016,9863.761,North America
2014,El Salvador,SLV,2017,10064.794,North America
2015,El Salvador,SLV,2018,10297.203,North America
2016,El Salvador,SLV,2019,10543.938,North America
2017,El Salvador,SLV,2020,9692.449,North America
2018,El Salvador,SLV,2021,10809.714,North America
2019,El Salvador,SLV,2022,11085.616,North America
2020,El Salvador,SLV,2023,11404.334,North America
2021,El Salvador,SLV,2024,11647.023,North America
2022,El Salvador,SLV,2025,12050.028,North America
2023,Equatorial Guinea,GNQ,1990,1122.8176,Africa
2024,Equatorial Guinea,GNQ,1991,1070.8276,Africa
2025,Equatorial Guinea,GNQ,1992,1390.4791,Africa
2026,Equatorial Guinea,GNQ,1993,1487.812,Africa
2027,Equatorial Guinea,GNQ,1994,1672.3455,Africa
2028,Equatorial Guinea,GNQ,1995,1892.1166,Africa
2029,Equatorial Guinea,GNQ,1996,3033.8403,Africa
2030,Equatorial Guinea,GNQ,1997,7296.1,Africa
2031,Equatorial Guinea,GNQ,1998,8684.657,Africa
2032,Equatorial Guinea,GNQ,1999,10492.465,Africa
2033,Equatorial Guinea,GNQ,2000,11767.471,Africa
2034,Equatorial Guinea,GNQ,2001,18031.965,Africa
2035,Equatorial Guinea,GNQ,2002,20242.432,Africa
2036,Equatorial Guinea,GNQ,2003,21709.574,Africa
2037,Equatorial Guinea,GNQ,2004,28225.986,Africa
2038,Equatorial Guinea,GNQ,2005,31302.957,Africa
2039,Equatorial Guinea,GNQ,2006,32251.768,Africa
2040,Equatorial Guinea,GNQ,2007,35540.45,Africa
2041,Equatorial Guinea,GNQ,2008,39994.617,Africa
2042,Equatorial Guinea,GNQ,2009,38706.605,Africa
2043,Equatorial Guinea,GNQ,2010,33668.875,Africa
2044,Equatorial Guinea,GNQ,2011,34341.934,Africa
2045,Equatorial Guinea,GNQ,2012,35711.492,Africa
2046,Equatorial Guinea,GNQ,2013,32894.37,Africa
2047,Equatorial Guinea,GNQ,2014,31765.9,Africa
2048,Equatorial Guinea,GNQ,2015,27797.795,Africa
2049,Equatorial Guinea,GNQ,2016,24435.064,Africa
2050,Equatorial Guinea,GNQ,2017,22250.44,Africa
2051,Equatorial Guinea,GNQ,2018,20165.48,Africa
2052,Equatorial Guinea,GNQ,2019,18446.592,Africa
2053,Equatorial Guinea,GNQ,2020,17089.154,Africa
2054,Equatorial Guinea,GNQ,2021,16821.45,Africa
2055,Equatorial Guinea,GNQ,2022,16932.771,Africa
2056,Equatorial Guinea,GNQ,2023,15302.151,Africa
2057,Equatorial Guinea,GNQ,2024,14997.757,Africa
2058,Equatorial Guinea,GNQ,2025,13786.394,Africa
2059,Estonia,EST,1990,19161.445,Europe
2060,Estonia,EST,1991,17717.305,Europe
2061,Estonia,EST,1992,14223.907,Europe
2062,Estonia,EST,1993,13757.016,Europe
2063,Estonia,EST,1994,13823.557,Europe
2064,Estonia,EST,1995,14709.6,Europe
2065,Estonia,EST,1996,15666.133,Europe
2066,Estonia,EST,1997,17913.787,Europe
2067,Estonia,EST,1998,18871.62,Europe
2068,Estonia,EST,1999,18736.154,Europe
2069,Estonia,EST,2000,20526.66,Europe
2070,Estonia,EST,2001,21872.66,Europe
2071,Estonia,EST,2002,23537.715,Europe
2072,Estonia,EST,2003,25485.162,Europe
2073,Estonia,EST,2004,27381.535,Europe
2074,Estonia,EST,2005,30161.2,Europe
2075,Estonia,EST,2006,33301.496,Europe
2076,Estonia,EST,2007,35986.516,Europe
2077,Estonia,EST,2008,34233.766,Europe
2078,Estonia,EST,2009,29281.68,Europe
2079,Estonia,EST,2010,30067.502,Europe
2080,Estonia,EST,2011,32453.102,Europe
2081,Estonia,EST,2012,33765.43,Europe
2082,Estonia,EST,2013,34481.016,Europe
2083,Estonia,EST,2014,35720.3,Europe
2084,Estonia,EST,2015,36353.06,Europe
2085,Estonia,EST,2016,37466.555,Europe
2086,Estonia,EST,2017,39529.785,Europe
2087,Estonia,EST,2018,40849.848,Europe
2088,Estonia,EST,2019,42215.035,Europe
2089,Estonia,EST,2020,40916.72,Europe
2090,Estonia,EST,2021,44247.418,Europe
2091,Estonia,EST,2022,43124.62,Europe
2092,Estonia,EST,2023,41284.773,Europe
2093,Estonia,EST,2024,41185.836,Europe
2094,Estonia,EST,2025,41604.324,Europe
2095,Eswatini,SWZ,1990,5447.739,Africa
2096,Eswatini,SWZ,1991,5325.3525,Africa
2097,Eswatini,SWZ,1992,5291.8965,Africa
2098,Eswatini,SWZ,1993,5299.532,Africa
2099,Eswatini,SWZ,1994,5427.35,Africa
2100,Eswatini,SWZ,1995,5693.822,Africa
2101,Eswatini,SWZ,1996,5796.6523,Africa
2102,Eswatini,SWZ,1997,5876.803,Africa
2103,Eswatini,SWZ,1998,5952.854,Africa
2104,Eswatini,SWZ,1999,6062.348,Africa
2105,Eswatini,SWZ,2000,6106.0747,Africa
2106,Eswatini,SWZ,2001,6135.453,Africa
2107,Eswatini,SWZ,2002,6335.8135,Africa
2108,Eswatini,SWZ,2003,6578.302,Africa
2109,Eswatini,SWZ,2004,6775.2217,Africa
2110,Eswatini,SWZ,2005,7142.1924,Africa
2111,Eswatini,SWZ,2006,7584.72,Africa
2112,Eswatini,SWZ,2007,7866.731,Africa
2113,Eswatini,SWZ,2008,7926.3794,Africa
2114,Eswatini,SWZ,2009,7988.5977,Africa
2115,Eswatini,SWZ,2010,8245.642,Africa
2116,Eswatini,SWZ,2011,8350.892,Africa
2117,Eswatini,SWZ,2012,8645.845,Africa
2118,Eswatini,SWZ,2013,8951.058,Africa
2119,Eswatini,SWZ,2014,9084.494,Africa
2120,Eswatini,SWZ,2015,9186.653,Africa
2121,Eswatini,SWZ,2016,9402.509,Africa
2122,Eswatini,SWZ,2017,9660.552,Africa
2123,Eswatini,SWZ,2018,9578.101,Africa
2124,Eswatini,SWZ,2019,10099.586,Africa
2125,Eswatini,SWZ,2020,9695.825,Africa
2126,Eswatini,SWZ,2021,9990.435,Africa
2127,Eswatini,SWZ,2022,9927.605,Africa
2128,Eswatini,SWZ,2023,10181.504,Africa
2129,Eswatini,SWZ,2024,10386.215,Africa
2130,Eswatini,SWZ,2025,10706.777,Africa
2131,Ethiopia,ETH,1990,874.3469,Africa
2132,Ethiopia,ETH,1991,777.52356,Africa
2133,Ethiopia,ETH,1992,680.8348,Africa
2134,Ethiopia,ETH,1993,743.7085,Africa
2135,Ethiopia,ETH,1994,741.17664,Africa
2136,Ethiopia,ETH,1995,760.26434,Africa
2137,Ethiopia,ETH,1996,826.99164,Africa
2138,Ethiopia,ETH,1997,826.0052,Africa
2139,Ethiopia,ETH,1998,772.7866,Africa
2140,Ethiopia,ETH,1999,787.67957,Africa
2141,Ethiopia,ETH,2000,810.27075,Africa
2142,Ethiopia,ETH,2001,851.3134,Africa
2143,Ethiopia,ETH,2002,838.29803,Africa
2144,Ethiopia,ETH,2003,795.77216,Africa
2145,Ethiopia,ETH,2004,877.1145,Africa
2146,Ethiopia,ETH,2005,952.11566,Africa
2147,Ethiopia,ETH,2006,1024.7291,Africa
2148,Ethiopia,ETH,2007,1109.1433,Africa
2149,Ethiopia,ETH,2008,1193.7473,Africa
2150,Ethiopia,ETH,2009,1262.464,Africa
2151,Ethiopia,ETH,2010,1381.1904,Africa
2152,Ethiopia,ETH,2011,1492.5339,Africa
2153,Ethiopia,ETH,2012,1576.7688,Africa
2154,Ethiopia,ETH,2013,1696.8651,Africa
2155,Ethiopia,ETH,2014,1821.3916,Africa
2156,Ethiopia,ETH,2015,1957.4146,Africa
2157,Ethiopia,ETH,2016,2084.8406,Africa
2158,Ethiopia,ETH,2017,2222.8281,Africa
2159,Ethiopia,ETH,2018,2311.165,Africa
2160,Ethiopia,ETH,2019,2437.9705,Africa
2161,Ethiopia,ETH,2020,2516.549,Africa
2162,Ethiopia,ETH,2021,2588.413,Africa
2163,Ethiopia,ETH,2022,2655.5928,Africa
2164,Ethiopia,ETH,2023,2757.9592,Africa
2165,Ethiopia,ETH,2024,2892.2222,Africa
2166,Ethiopia,ETH,2025,3094.8682,Africa
2167,Europe and Central Asia (WB),WB_ECA,1990,28257.152,
2168,Europe and Central Asia (WB),WB_ECA,1991,27767.29,
2169,Europe and Central Asia (WB),WB_ECA,1992,26853.557,
2170,Europe and Central Asia (WB),WB_ECA,1993,26210.35,
2171,Europe and Central Asia (WB),WB_ECA,1994,25912.854,
2172,Europe and Central Asia (WB),WB_ECA,1995,26271.076,
2173,Europe and Central Asia (WB),WB_ECA,1996,26569.143,
2174,Europe and Central Asia (WB),WB_ECA,1997,27276.215,
2175,Europe and Central Asia (WB),WB_ECA,1998,27765.46,
2176,Europe and Central Asia (WB),WB_ECA,1999,28544.072,
2177,Europe and Central Asia (WB),WB_ECA,2000,29894.205,
2178,Europe and Central Asia (WB),WB_ECA,2001,30618.863,
2179,Europe and Central Asia (WB),WB_ECA,2002,31205.066,
2180,Europe and Central Asia (WB),WB_ECA,2003,31923.953,
2181,Europe and Central Asia (WB),WB_ECA,2004,33095.652,
2182,Europe and Central Asia (WB),WB_ECA,2005,34097.242,
2183,Europe and Central Asia (WB),WB_ECA,2006,35577.266,
2184,Europe and Central Asia (WB),WB_ECA,2007,37062.805,
2185,Europe and Central Asia (WB),WB_ECA,2008,37541.027,
2186,Europe and Central Asia (WB),WB_ECA,2009,35593.63,
2187,Europe and Central Asia (WB),WB_ECA,2010,36489.07,
2188,Europe and Central Asia (WB),WB_ECA,2011,37429.438,
2189,Europe and Central Asia (WB),WB_ECA,2012,37554.902,
2190,Europe and Central Asia (WB),WB_ECA,2013,37826.094,
2191,Europe and Central Asia (WB),WB_ECA,2014,38307.727,
2192,Europe and Central Asia (WB),WB_ECA,2015,38753.902,
2193,Europe and Central Asia (WB),WB_ECA,2016,39278.918,
2194,Europe and Central Asia (WB),WB_ECA,2017,40335.43,
2195,Europe and Central Asia (WB),WB_ECA,2018,41177.734,
2196,Europe and Central Asia (WB),WB_ECA,2019,41861.08,
2197,Europe and Central Asia (WB),WB_ECA,2020,39782.37,
2198,Europe and Central Asia (WB),WB_ECA,2021,42434.047,
2199,Europe and Central Asia (WB),WB_ECA,2022,43537.49,
2200,Europe and Central Asia (WB),WB_ECA,2023,44220.824,
2201,Europe and Central Asia (WB),WB_ECA,2024,44981.32,
2202,Europe and Central Asia (WB),WB_ECA,2025,45607.938,
2203,European Union (27),OWID_EU27,1990,33422.617,
2204,European Union (27),OWID_EU27,1991,33583.855,
2205,European Union (27),OWID_EU27,1992,33682.805,
2206,European Union (27),OWID_EU27,1993,33381.277,
2207,European Union (27),OWID_EU27,1994,34198.703,
2208,European Union (27),OWID_EU27,1995,35113.92,
2209,European Union (27),OWID_EU27,1996,35774.043,
2210,European Union (27),OWID_EU27,1997,36637.83,
2211,European Union (27),OWID_EU27,1998,37661.31,
2212,European Union (27),OWID_EU27,1999,38687.86,
2213,European Union (27),OWID_EU27,2000,40161.098,
2214,European Union (27),OWID_EU27,2001,41009.625,
2215,European Union (27),OWID_EU27,2002,41423.957,
2216,European Union (27),OWID_EU27,2003,41730.12,
2217,European Union (27),OWID_EU27,2004,42726.62,
2218,European Union (27),OWID_EU27,2005,43477.09,
2219,European Union (27),OWID_EU27,2006,44947.062,
2220,European Union (27),OWID_EU27,2007,46274.984,
2221,European Union (27),OWID_EU27,2008,46521.246,
2222,European Union (27),OWID_EU27,2009,44430.48,
2223,European Union (27),OWID_EU27,2010,45251.04,
2224,European Union (27),OWID_EU27,2011,46206.07,
2225,European Union (27),OWID_EU27,2012,45788.92,
2226,European Union (27),OWID_EU27,2013,45724.832,
2227,European Union (27),OWID_EU27,2014,46455.57,
2228,European Union (27),OWID_EU27,2015,47490.914,
2229,European Union (27),OWID_EU27,2016,48336.508,
2230,European Union (27),OWID_EU27,2017,49704.254,
2231,European Union (27),OWID_EU27,2018,50737.234,
2232,European Union (27),OWID_EU27,2019,51662.08,
2233,European Union (27),OWID_EU27,2020,48769.51,
2234,European Union (27),OWID_EU27,2021,51968.438,
2235,European Union (27),OWID_EU27,2022,53777.332,
2236,European Union (27),OWID_EU27,2023,53861.797,
2237,European Union (27),OWID_EU27,2024,54341.625,
2238,European Union (27),OWID_EU27,2025,55086.99,
2239,Faroe Islands,FRO,2008,54263.33,Europe
2240,Faroe Islands,FRO,2009,51534.6,Europe
2241,Faroe Islands,FRO,2010,51480.254,Europe
2242,Faroe Islands,FRO,2011,53441.438,Europe
2243,Faroe Islands,FRO,2012,57524.516,Europe
2244,Faroe Islands,FRO,2013,60950.03,Europe
2245,Faroe Islands,FRO,2014,64019.414,Europe
2246,Faroe Islands,FRO,2015,64010.16,Europe
2247,Faroe Islands,FRO,2016,64156.324,Europe
2248,Faroe Islands,FRO,2017,65461.91,Europe
2249,Faroe Islands,FRO,2018,66192.05,Europe
2250,Faroe Islands,FRO,2019,68136.664,Europe
2251,Faroe Islands,FRO,2020,66037.94,Europe
2252,Faroe Islands,FRO,2021,68433.21,Europe
2253,Faroe Islands,FRO,2022,70268.45,Europe
2254,Faroe Islands,FRO,2023,71828.44,Europe
2255,Faroe Islands,FRO,2024,72113.65,Europe
2256,Fiji,FJI,1990,7820.7173,Oceania
2257,Fiji,FJI,1991,7547.678,Oceania
2258,Fiji,FJI,1992,7950.0664,Oceania
2259,Fiji,FJI,1993,8067.8047,Oceania
2260,Fiji,FJI,1994,8432.298,Oceania
2261,Fiji,FJI,1995,8600.093,Oceania
2262,Fiji,FJI,1996,8956.351,Oceania
2263,Fiji,FJI,1997,8669.252,Oceania
2264,Fiji,FJI,1998,8673.878,Oceania
2265,Fiji,FJI,1999,9328.606,Oceania
2266,Fiji,FJI,2000,9070.993,Oceania
2267,Fiji,FJI,2001,9157.809,Oceania
2268,Fiji,FJI,2002,9357.754,Oceania
2269,Fiji,FJI,2003,9361.464,Oceania
2270,Fiji,FJI,2004,9766.527,Oceania
2271,Fiji,FJI,2005,9745.581,Oceania
2272,Fiji,FJI,2006,9837.086,Oceania
2273,Fiji,FJI,2007,9672.29,Oceania
2274,Fiji,FJI,2008,9711.966,Oceania
2275,Fiji,FJI,2009,9536.817,Oceania
2276,Fiji,FJI,2010,9784.304,Oceania
2277,Fiji,FJI,2011,10020.695,Oceania
2278,Fiji,FJI,2012,10140.693,Oceania
2279,Fiji,FJI,2013,10604.156,Oceania
2280,Fiji,FJI,2014,11183.313,Oceania
2281,Fiji,FJI,2015,11674.063,Oceania
2282,Fiji,FJI,2016,11951.92,Oceania
2283,Fiji,FJI,2017,12597.327,Oceania
2284,Fiji,FJI,2018,13100.096,Oceania
2285,Fiji,FJI,2019,13056.331,Oceania
2286,Fiji,FJI,2020,10812.035,Oceania
2287,Fiji,FJI,2021,10322.428,Oceania
2288,Fiji,FJI,2022,12118.318,Oceania
2289,Fiji,FJI,2023,13194.805,Oceania
2290,Fiji,FJI,2024,13592.464,Oceania
2291,Fiji,FJI,2025,13961.118,Oceania
2292,Finland,FIN,1990,38807.117,Europe
2293,Finland,FIN,1991,36326.082,Europe
2294,Finland,FIN,1992,34926.383,Europe
2295,Finland,FIN,1993,34486.754,Europe
2296,Finland,FIN,1994,35699.72,Europe
2297,Finland,FIN,1995,37069.63,Europe
2298,Finland,FIN,1996,38301.51,Europe
2299,Finland,FIN,1997,40630.92,Europe
2300,Finland,FIN,1998,42733.445,Europe
2301,Finland,FIN,1999,44505.71,Europe
2302,Finland,FIN,2000,46968.84,Europe
2303,Finland,FIN,2001,48099.3,Europe
2304,Finland,FIN,2002,48792.49,Europe
2305,Finland,FIN,2003,49655.547,Europe
2306,Finland,FIN,2004,51494.707,Europe
2307,Finland,FIN,2005,52744.047,Europe
2308,Finland,FIN,2006,54653.98,Europe
2309,Finland,FIN,2007,57313.293,Europe
2310,Finland,FIN,2008,57494.586,Europe
2311,Finland,FIN,2009,52599.15,Europe
2312,Finland,FIN,2010,54017.945,Europe
2313,Finland,FIN,2011,55053.39,Europe
2314,Finland,FIN,2012,53957.668,Europe
2315,Finland,FIN,2013,53183.43,Europe
2316,Finland,FIN,2014,52710.734,Europe
2317,Finland,FIN,2015,52782.49,Europe
2318,Finland,FIN,2016,53984.633,Europe
2319,Finland,FIN,2017,55637.227,Europe
2320,Finland,FIN,2018,56226.336,Europe
2321,Finland,FIN,2019,56922.49,Europe
2322,Finland,FIN,2020,55424.86,Europe
2323,Finland,FIN,2021,56790.375,Europe
2324,Finland,FIN,2022,57068.305,Europe
2325,Finland,FIN,2023,56051.77,Europe
2326,Finland,FIN,2024,55901.32,Europe
2327,Finland,FIN,2025,55735.22,Europe
2328,France,FRA,1990,38655.887,Europe
2329,France,FRA,1991,38937.953,Europe
2330,France,FRA,1992,39331.902,Europe
2331,France,FRA,1993,39020.613,Europe
2332,France,FRA,1994,39801.39,Europe
2333,France,FRA,1995,40570.72,Europe
2334,France,FRA,1996,40990.74,Europe
2335,France,FRA,1997,41876.934,Europe
2336,France,FRA,1998,43162.543,Europe
2337,France,FRA,1999,44400.137,Europe
2338,France,FRA,2000,45922.48,Europe
2339,France,FRA,2001,46454.87,Europe
2340,France,FRA,2002,46610.78,Europe
2341,France,FRA,2003,46730.977,Europe
2342,France,FRA,2004,47720.44,Europe
2343,France,FRA,2005,48257.465,Europe
2344,France,FRA,2006,49223.246,Europe
2345,France,FRA,2007,50157.785,Europe
2346,France,FRA,2008,50068.297,Europe
2347,France,FRA,2009,48404.965,Europe
2348,France,FRA,2010,49130.42,Europe
2349,France,FRA,2011,50085.684,Europe
2350,France,FRA,2012,49935.625,Europe
2351,France,FRA,2013,50066.53,Europe
2352,France,FRA,2014,50326.566,Europe
2353,France,FRA,2015,50682.895,Europe
2354,France,FRA,2016,50984.074,Europe
2355,France,FRA,2017,51895.566,Europe
2356,France,FRA,2018,52560.953,Europe
2357,France,FRA,2019,53448.555,Europe
2358,France,FRA,2020,49311.332,Europe
2359,France,FRA,2021,52517.336,Europe
2360,France,FRA,2022,53673.812,Europe
2361,France,FRA,2023,54296.723,Europe
2362,France,FRA,2024,54799.348,Europe
2363,France,FRA,2025,55124.54,Europe
2364,Gabon,GAB,1990,23884.81,Africa
2365,Gabon,GAB,1991,24665.68,Africa
2366,Gabon,GAB,1992,23268.998,Africa
2367,Gabon,GAB,1993,23551.682,Africa
2368,Gabon,GAB,1994,23794.314,Africa
2369,Gabon,GAB,1995,24344.186,Africa
2370,Gabon,GAB,1996,24595.973,Africa
2371,Gabon,GAB,1997,25359.66,Africa
2372,Gabon,GAB,1998,25585.508,Africa
2373,Gabon,GAB,1999,22713.715,Africa
2374,Gabon,GAB,2000,21717.225,Africa
2375,Gabon,GAB,2001,21604.781,Africa
2376,Gabon,GAB,2002,20981.48,Africa
2377,Gabon,GAB,2003,20875.455,Africa
2378,Gabon,GAB,2004,20438.932,Africa
2379,Gabon,GAB,2005,20385.29,Africa
2380,Gabon,GAB,2006,19224.127,Africa
2381,Gabon,GAB,2007,19751.877,Africa
2382,Gabon,GAB,2008,18493.092,Africa
2383,Gabon,GAB,2009,17911.146,Africa
2384,Gabon,GAB,2010,18530.576,Africa
2385,Gabon,GAB,2011,19153.088,Africa
2386,Gabon,GAB,2012,19450.402,Africa
2387,Gabon,GAB,2013,19836.455,Africa
2388,Gabon,GAB,2014,20008.99,Africa
2389,Gabon,GAB,2015,20147.71,Africa
2390,Gabon,GAB,2016,19988.176,Africa
2391,Gabon,GAB,2017,19555.707,Africa
2392,Gabon,GAB,2018,19225.598,Africa
2393,Gabon,GAB,2019,19491.406,Africa
2394,Gabon,GAB,2020,18681.484,Africa
2395,Gabon,GAB,2021,18523.58,Africa
2396,Gabon,GAB,2022,18662.049,Africa
2397,Gabon,GAB,2023,18701.422,Africa
2398,Gabon,GAB,2024,18923.662,Africa
2399,Gabon,GAB,2025,18986.475,Africa
2400,Gambia,GMB,1990,2653.783,Africa
2401,Gambia,GMB,1991,2623.6416,Africa
2402,Gambia,GMB,1992,2604.269,Africa
2403,Gambia,GMB,1993,2586.1304,Africa
2404,Gambia,GMB,1994,2508.104,Africa
2405,Gambia,GMB,1995,2456.0007,Africa
2406,Gambia,GMB,1996,2439.0454,Africa
2407,Gambia,GMB,1997,2486.938,Africa
2408,Gambia,GMB,1998,2502.765,Africa
2409,Gambia,GMB,1999,2589.9778,Africa
2410,Gambia,GMB,2000,2658.6177,Africa
2411,Gambia,GMB,2001,2737.696,Africa
2412,Gambia,GMB,2002,2578.5571,Africa
2413,Gambia,GMB,2003,2682.48,Africa
2414,Gambia,GMB,2004,2794.1936,Africa
2415,Gambia,GMB,2005,2653.6423,Africa
2416,Gambia,GMB,2006,2564.6865,Africa
2417,Gambia,GMB,2007,2567.1572,Africa
2418,Gambia,GMB,2008,2649.611,Africa
2419,Gambia,GMB,2009,2745.3254,Africa
2420,Gambia,GMB,2010,2824.2126,Africa
2421,Gambia,GMB,2011,2519.8398,Africa
2422,Gambia,GMB,2012,2574.935,Africa
2423,Gambia,GMB,2013,2572.4473,Africa
2424,Gambia,GMB,2014,2465.1096,Africa
2425,Gambia,GMB,2015,2495.9575,Africa
2426,Gambia,GMB,2016,2478.4604,Africa
2427,Gambia,GMB,2017,2533.1868,Africa
2428,Gambia,GMB,2018,2651.4329,Africa
2429,Gambia,GMB,2019,2750.8213,Africa
2430,Gambia,GMB,2020,2702.319,Africa
2431,Gambia,GMB,2021,2777.7961,Africa
2432,Gambia,GMB,2022,2863.1804,Africa
2433,Gambia,GMB,2023,2963.5986,Africa
2434,Gambia,GMB,2024,3057.684,Africa
2435,Gambia,GMB,2025,3166.6213,Africa
2436,Georgia,GEO,1990,12917.095,Asia
2437,Georgia,GEO,1991,10120.163,Asia
2438,Georgia,GEO,1992,5533.211,Asia
2439,Georgia,GEO,1993,3882.0203,Asia
2440,Georgia,GEO,1994,3532.32,Asia
2441,Georgia,GEO,1995,3762.8115,Asia
2442,Georgia,GEO,1996,4339.005,Asia
2443,Georgia,GEO,1997,4951.813,Asia
2444,Georgia,GEO,1998,5233.2886,Asia
2445,Georgia,GEO,1999,5495.245,Asia
2446,Georgia,GEO,2000,5706.2725,Asia
2447,Georgia,GEO,2001,6074.0864,Asia
2448,Georgia,GEO,2002,6464.325,Asia
2449,Georgia,GEO,2003,7227.737,Asia
2450,Georgia,GEO,2004,7693.915,Asia
2451,Georgia,GEO,2005,8485.587,Asia
2452,Georgia,GEO,2006,9337.989,Asia
2453,Georgia,GEO,2007,10567.274,Asia
2454,Georgia,GEO,2008,10856.104,Asia
2455,Georgia,GEO,2009,10553.09,Asia
2456,Georgia,GEO,2010,11294.368,Asia
2457,Georgia,GEO,2011,12288.683,Asia
2458,Georgia,GEO,2012,13193.96,Asia
2459,Georgia,GEO,2013,13913.002,Asia
2460,Georgia,GEO,2014,14475.313,Asia
2461,Georgia,GEO,2015,14936.844,Asia
2462,Georgia,GEO,2016,15442.956,Asia
2463,Georgia,GEO,2017,16237.624,Asia
2464,Georgia,GEO,2018,17228.68,Asia
2465,Georgia,GEO,2019,18186.88,Asia
2466,Georgia,GEO,2020,17031.145,Asia
2467,Georgia,GEO,2021,18915.654,Asia
2468,Georgia,GEO,2022,20966.527,Asia
2469,Georgia,GEO,2023,22590.53,Asia
2470,Georgia,GEO,2024,24146.623,Asia
2471,Georgia,GEO,2025,25135.783,Asia
2472,Germany,DEU,1990,42355.285,Europe
2473,Germany,DEU,1991,44195.715,Europe
2474,Germany,DEU,1992,44744.14,Europe
2475,Germany,DEU,1993,44018.438,Europe
2476,Germany,DEU,1994,45005.16,Europe
2477,Germany,DEU,1995,45548.418,Europe
2478,Germany,DEU,1996,45888.13,Europe
2479,Germany,DEU,1997,46670.707,Europe
2480,Germany,DEU,1998,47641.527,Europe
2481,Germany,DEU,1999,48624.65,Europe
2482,Germany,DEU,2000,49955.645,Europe
2483,Germany,DEU,2001,50687.65,Europe
2484,Germany,DEU,2002,50487.0,Europe
2485,Germany,DEU,2003,50191.723,Europe
2486,Germany,DEU,2004,50786.02,Europe
2487,Germany,DEU,2005,51264.82,Europe
2488,Germany,DEU,2006,53307.164,Europe
2489,Germany,DEU,2007,54920.66,Europe
2490,Germany,DEU,2008,55513.758,Europe
2491,Germany,DEU,2009,52568.797,Europe
2492,Germany,DEU,2010,54826.254,Europe
2493,Germany,DEU,2011,57950.957,Europe
2494,Germany,DEU,2012,58110.375,Europe
2495,Germany,DEU,2013,58182.08,Europe
2496,Germany,DEU,2014,59203.234,Europe
2497,Germany,DEU,2015,59668.99,Europe
2498,Germany,DEU,2016,60504.586,Europe
2499,Germany,DEU,2017,61965.434,Europe
2500,Germany,DEU,2018,62481.117,Europe
2501,Germany,DEU,2019,62949.895,Europe
2502,Germany,DEU,2020,60299.58,Europe
2503,Germany,DEU,2021,62630.773,Europe
2504,Germany,DEU,2022,63777.93,Europe
2505,Germany,DEU,2023,63140.195,Europe
2506,Germany,DEU,2024,62654.6,Europe
2507,Germany,DEU,2025,62823.773,Europe
2508,Ghana,GHA,1990,2785.6711,Africa
2509,Ghana,GHA,1991,2859.827,Africa
2510,Ghana,GHA,1992,2897.8354,Africa
2511,Ghana,GHA,1993,2964.266,Africa
2512,Ghana,GHA,1994,2989.3474,Africa
2513,Ghana,GHA,1995,3039.6887,Africa
2514,Ghana,GHA,1996,3106.1855,Africa
2515,Ghana,GHA,1997,3160.445,Africa
2516,Ghana,GHA,1998,3229.4822,Africa
2517,Ghana,GHA,1999,3290.2686,Africa
2518,Ghana,GHA,2000,3327.352,Africa
2519,Ghana,GHA,2001,3369.507,Africa
2520,Ghana,GHA,2002,3425.6182,Africa
2521,Ghana,GHA,2003,3507.751,Africa
2522,Ghana,GHA,2004,3607.3652,Africa
2523,Ghana,GHA,2005,3721.3079,Africa
2524,Ghana,GHA,2006,3857.8616,Africa
2525,Ghana,GHA,2007,3923.1257,Africa
2526,Ghana,GHA,2008,4174.7812,Africa
2527,Ghana,GHA,2009,4269.16,Africa
2528,Ghana,GHA,2010,4495.689,Africa
2529,Ghana,GHA,2011,5005.367,Africa
2530,Ghana,GHA,2012,5339.7134,Africa
2531,Ghana,GHA,2013,5593.775,Africa
2532,Ghana,GHA,2014,5619.0723,Africa
2533,Ghana,GHA,2015,5607.366,Africa
2534,Ghana,GHA,2016,5666.078,Africa
2535,Ghana,GHA,2017,5993.631,Africa
2536,Ghana,GHA,2018,6234.512,Africa
2537,Ghana,GHA,2019,6508.2466,Africa
2538,Ghana,GHA,2020,6412.6855,Africa
2539,Ghana,GHA,2021,6607.503,Africa
2540,Ghana,GHA,2022,6728.454,Africa
2541,Ghana,GHA,2023,6808.5376,Africa
2542,Ghana,GHA,2024,7072.799,Africa
2543,Ghana,GHA,2025,7357.8335,Africa
2544,Greece,GRC,1990,26916.312,Europe
2545,Greece,GRC,1991,27419.604,Europe
2546,Greece,GRC,1992,27401.424,Europe
2547,Greece,GRC,1993,26804.854,Europe
2548,Greece,GRC,1994,27204.396,Europe
2549,Greece,GRC,1995,27646.148,Europe
2550,Greece,GRC,1996,27905.107,Europe
2551,Greece,GRC,1997,28768.24,Europe
2552,Greece,GRC,1998,29592.525,Europe
2553,Greece,GRC,1999,30263.055,Europe
2554,Greece,GRC,2000,31386.64,Europe
2555,Greece,GRC,2001,32675.93,Europe
2556,Greece,GRC,2002,34081.027,Europe
2557,Greece,GRC,2003,35970.703,Europe
2558,Greece,GRC,2004,37811.492,Europe
2559,Greece,GRC,2005,38146.965,Europe
2560,Greece,GRC,2006,40483.156,Europe
2561,Greece,GRC,2007,41796.234,Europe
2562,Greece,GRC,2008,41709.387,Europe
2563,Greece,GRC,2009,39886.215,Europe
2564,Greece,GRC,2010,37566.75,Europe
2565,Greece,GRC,2011,33906.492,Europe
2566,Greece,GRC,2012,31250.227,Europe
2567,Greece,GRC,2013,30762.443,Europe
2568,Greece,GRC,2014,31213.377,Europe
2569,Greece,GRC,2015,31347.977,Europe
2570,Greece,GRC,2016,31468.62,Europe
2571,Greece,GRC,2017,31995.41,Europe
2572,Greece,GRC,2018,32722.33,Europe
2573,Greece,GRC,2019,33502.75,Europe
2574,Greece,GRC,2020,30487.113,Europe
2575,Greece,GRC,2021,33528.227,Europe
2576,Greece,GRC,2022,35828.176,Europe
2577,Greece,GRC,2023,36700.51,Europe
2578,Greece,GRC,2024,37474.28,Europe
2579,Greece,GRC,2025,38218.723,Europe
2580,Greenland,GRL,1990,38137.57,North America
2581,Greenland,GRL,1991,38162.934,North America
2582,Greenland,GRL,1992,36343.125,North America
2583,Greenland,GRL,1993,34578.348,North America
2584,Greenland,GRL,1994,36428.914,North America
2585,Greenland,GRL,1995,37584.07,North America
2586,Greenland,GRL,1996,38090.71,North America
2587,Greenland,GRL,1997,38581.215,North America
2588,Greenland,GRL,1998,41500.23,North America
2589,Greenland,GRL,1999,42072.055,North America
2590,Greenland,GRL,2000,44991.676,North America
2591,Greenland,GRL,2001,45405.855,North America
2592,Greenland,GRL,2002,44793.27,North America
2593,Greenland,GRL,2003,46649.047,North America
2594,Greenland,GRL,2004,49742.06,North America
2595,Greenland,GRL,2005,52189.0,North America
2596,Greenland,GRL,2006,55243.71,North America
2597,Greenland,GRL,2007,56763.24,North America
2598,Greenland,GRL,2008,60506.195,North America
2599,Greenland,GRL,2009,61035.566,North America
2600,Greenland,GRL,2010,61863.28,North America
2601,Greenland,GRL,2011,61170.92,North America
2602,Greenland,GRL,2012,62111.1,North America
2603,Greenland,GRL,2013,61659.64,North America
2604,Greenland,GRL,2014,64799.305,North America
2605,Greenland,GRL,2015,63364.055,North America
2606,Greenland,GRL,2016,66245.73,North America
2607,Greenland,GRL,2017,66297.18,North America
2608,Greenland,GRL,2018,66887.68,North America
2609,Greenland,GRL,2019,68534.945,North America
2610,Greenland,GRL,2020,68533.734,North America
2611,Greenland,GRL,2021,69302.01,North America
2612,Greenland,GRL,2022,70681.23,North America
2613,Greenland,GRL,2023,71037.54,North America
2614,Grenada,GRD,1990,8883.919,North America
2615,Grenada,GRD,1991,8932.304,North America
2616,Grenada,GRD,1992,8785.759,North America
2617,Grenada,GRD,1993,8548.039,North America
2618,Grenada,GRD,1994,8629.086,North America
2619,Grenada,GRD,1995,8750.818,North America
2620,Grenada,GRD,1996,9076.719,North America
2621,Grenada,GRD,1997,9467.777,North America
2622,Grenada,GRD,1998,10509.109,North America
2623,Grenada,GRD,1999,11158.489,North America
2624,Grenada,GRD,2000,11625.051,North America
2625,Grenada,GRD,2001,11333.237,North America
2626,Grenada,GRD,2002,11677.703,North America
2627,Grenada,GRD,2003,12726.526,North America
2628,Grenada,GRD,2004,12593.3545,North America
2629,Grenada,GRD,2005,14211.843,North America
2630,Grenada,GRD,2006,13594.355,North America
2631,Grenada,GRD,2007,14376.282,North America
2632,Grenada,GRD,2008,14463.56,North America
2633,Grenada,GRD,2009,13463.58,North America
2634,Grenada,GRD,2010,13354.908,North America
2635,Grenada,GRD,2011,13397.85,North America
2636,Grenada,GRD,2012,13161.3955,North America
2637,Grenada,GRD,2013,13386.319,North America
2638,Grenada,GRD,2014,14287.954,North America
2639,Grenada,GRD,2015,15136.696,North America
2640,Grenada,GRD,2016,15640.827,North America
2641,Grenada,GRD,2017,16291.489,North America
2642,Grenada,GRD,2018,16964.852,North America
2643,Grenada,GRD,2019,17036.916,North America
2644,Grenada,GRD,2020,14647.745,North America
2645,Grenada,GRD,2021,15290.251,North America
2646,Grenada,GRD,2022,16376.428,North America
2647,Grenada,GRD,2023,17093.156,North America
2648,Grenada,GRD,2024,17484.516,North America
2649,Grenada,GRD,2025,18240.994,North America
2650,Guatemala,GTM,1990,7594.732,North America
2651,Guatemala,GTM,1991,7662.171,North America
2652,Guatemala,GTM,1992,7822.2637,North America
2653,Guatemala,GTM,1993,7915.4106,North America
2654,Guatemala,GTM,1994,8018.283,North America
2655,Guatemala,GTM,1995,8195.35,North America
2656,Guatemala,GTM,1996,8222.069,North America
2657,Guatemala,GTM,1997,8364.165,North America
2658,Guatemala,GTM,1998,8559.99,North America
2659,Guatemala,GTM,1999,8668.431,North America
2660,Guatemala,GTM,2000,8770.408,North America
2661,Guatemala,GTM,2001,8771.159,North America
2662,Guatemala,GTM,2002,8901.54,North America
2663,Guatemala,GTM,2003,8926.158,North America
2664,Guatemala,GTM,2004,9003.861,North America
2665,Guatemala,GTM,2005,9099.728,North America
2666,Guatemala,GTM,2006,9386.006,North America
2667,Guatemala,GTM,2007,9772.81,North America
2668,Guatemala,GTM,2008,9889.577,North America
2669,Guatemala,GTM,2009,9740.714,North America
2670,Guatemala,GTM,2010,9825.022,North America
2671,Guatemala,GTM,2011,10032.094,North America
2672,Guatemala,GTM,2012,10126.833,North America
2673,Guatemala,GTM,2013,10297.839,North America
2674,Guatemala,GTM,2014,10553.564,North America
2675,Guatemala,GTM,2015,10785.958,North America
2676,Guatemala,GTM,2016,10872.594,North America
2677,Guatemala,GTM,2017,11005.459,North America
2678,Guatemala,GTM,2018,11192.372,North America
2679,Guatemala,GTM,2019,11466.377,North America
2680,Guatemala,GTM,2020,11097.15,North America
2681,Guatemala,GTM,2021,11825.142,North America
2682,Guatemala,GTM,2022,12144.48,North America
2683,Guatemala,GTM,2023,12380.371,North America
2684,Guatemala,GTM,2024,12643.984,North America
2685,Guatemala,GTM,2025,12986.524,North America
2686,Guinea,GIN,1990,2105.7473,Africa
2687,Guinea,GIN,1991,2075.992,Africa
2688,Guinea,GIN,1992,2076.5505,Africa
2689,Guinea,GIN,1993,2115.8665,Africa
2690,Guinea,GIN,1994,2134.8977,Africa
2691,Guinea,GIN,1995,2171.7256,Africa
2692,Guinea,GIN,1996,2205.3237,Africa
2693,Guinea,GIN,1997,2272.411,Africa
2694,Guinea,GIN,1998,2311.3274,Africa
2695,Guinea,GIN,1999,2346.2703,Africa
2696,Guinea,GIN,2000,2358.2876,Africa
2697,Guinea,GIN,2001,2412.7517,Africa
2698,Guinea,GIN,2002,2498.1318,Africa
2699,Guinea,GIN,2003,2473.2341,Africa
2700,Guinea,GIN,2004,2477.503,Africa
2701,Guinea,GIN,2005,2501.2217,Africa
2702,Guinea,GIN,2006,2478.6133,Africa
2703,Guinea,GIN,2007,2587.005,Africa
2704,Guinea,GIN,2008,2629.5398,Africa
2705,Guinea,GIN,2009,2537.3064,Africa
2706,Guinea,GIN,2010,2594.8306,Africa
2707,Guinea,GIN,2011,2673.4087,Africa
2708,Guinea,GIN,2012,2762.9036,Africa
2709,Guinea,GIN,2013,2802.56,Africa
2710,Guinea,GIN,2014,2834.9663,Africa
2711,Guinea,GIN,2015,2869.8516,Africa
2712,Guinea,GIN,2016,3099.7888,Africa
2713,Guinea,GIN,2017,3332.7659,Africa
2714,Guinea,GIN,2018,3455.645,Africa
2715,Guinea,GIN,2019,3557.4624,Africa
2716,Guinea,GIN,2020,3630.9934,Africa
2717,Guinea,GIN,2021,3738.8052,Africa
2718,Guinea,GIN,2022,3792.0107,Africa
2719,Guinea,GIN,2023,3904.824,Africa
2720,Guinea,GIN,2024,4016.3418,Africa
2721,Guinea,GIN,2025,4216.86,Africa
2722,Guinea-Bissau,GNB,1990,1968.0906,Africa
2723,Guinea-Bissau,GNB,1991,2024.8538,Africa
2724,Guinea-Bissau,GNB,1992,1987.7391,Africa
2725,Guinea-Bissau,GNB,1993,1963.5623,Africa
2726,Guinea-Bissau,GNB,1994,1964.63,Africa
2727,Guinea-Bissau,GNB,1995,1999.9447,Africa
2728,Guinea-Bissau,GNB,1996,2185.9036,Africa
2729,Guinea-Bissau,GNB,1997,2284.026,Africa
2730,Guinea-Bissau,GNB,1998,1738.6494,Africa
2731,Guinea-Bissau,GNB,1999,1992.8525,Africa
2732,Guinea-Bissau,GNB,2000,1974.7446,Africa
2733,Guinea-Bissau,GNB,2001,2025.7268,Africa
2734,Guinea-Bissau,GNB,2002,2054.0898,Africa
2735,Guinea-Bissau,GNB,2003,2002.4021,Africa
2736,Guinea-Bissau,GNB,2004,1979.6979,Africa
2737,Guinea-Bissau,GNB,2005,2060.6667,Africa
2738,Guinea-Bissau,GNB,2006,2065.2122,Africa
2739,Guinea-Bissau,GNB,2007,2065.9897,Africa
2740,Guinea-Bissau,GNB,2008,2105.6738,Africa
2741,Guinea-Bissau,GNB,2009,2103.058,Africa
2742,Guinea-Bissau,GNB,2010,2164.2683,Africa
2743,Guinea-Bissau,GNB,2011,2278.5476,Africa
2744,Guinea-Bissau,GNB,2012,2180.7434,Africa
2745,Guinea-Bissau,GNB,2013,2192.5928,Africa
2746,Guinea-Bissau,GNB,2014,2156.3364,Africa
2747,Guinea-Bissau,GNB,2015,2230.53,Africa
2748,Guinea-Bissau,GNB,2016,2293.3787,Africa
2749,Guinea-Bissau,GNB,2017,2342.561,Africa
2750,Guinea-Bissau,GNB,2018,2373.6494,Africa
2751,Guinea-Bissau,GNB,2019,2442.2588,Africa
2752,Guinea-Bissau,GNB,2020,2456.0115,Africa
2753,Guinea-Bissau,GNB,2021,2522.1287,Africa
2754,Guinea-Bissau,GNB,2022,2600.8025,Africa
2755,Guinea-Bissau,GNB,2023,2660.8145,Africa
2756,Guinea-Bissau,GNB,2024,2717.542,Africa
2757,Guinea-Bissau,GNB,2025,2814.0835,Africa
2758,Guyana,GUY,1990,5074.431,South America
2759,Guyana,GUY,1991,5396.4634,South America
2760,Guyana,GUY,1992,5799.2183,South America
2761,Guyana,GUY,1993,6247.866,South America
2762,Guyana,GUY,1994,6755.3286,South America
2763,Guyana,GUY,1995,7071.213,South America
2764,Guyana,GUY,1996,7612.304,South America
2765,Guyana,GUY,1997,8064.5674,South America
2766,Guyana,GUY,1998,7915.2295,South America
2767,Guyana,GUY,1999,8139.97,South America
2768,Guyana,GUY,2000,8025.2935,South America
2769,Guyana,GUY,2001,8212.043,South America
2770,Guyana,GUY,2002,8314.027,South America
2771,Guyana,GUY,2003,8267.429,South America
2772,Guyana,GUY,2004,8404.2,South America
2773,Guyana,GUY,2005,8256.525,South America
2774,Guyana,GUY,2006,8702.331,South America
2775,Guyana,GUY,2007,9354.08,South America
2776,Guyana,GUY,2008,9546.709,South America
2777,Guyana,GUY,2009,9924.526,South America
2778,Guyana,GUY,2010,10374.395,South America
2779,Guyana,GUY,2011,10958.86,South America
2780,Guyana,GUY,2012,11534.999,South America
2781,Guyana,GUY,2013,11896.907,South America
2782,Guyana,GUY,2014,12030.053,South America
2783,Guyana,GUY,2015,12040.083,South America
2784,Guyana,GUY,2016,12420.473,South America
2785,Guyana,GUY,2017,12801.641,South America
2786,Guyana,GUY,2018,12980.357,South America
2787,Guyana,GUY,2019,13402.422,South America
2788,Guyana,GUY,2020,19234.13,South America
2789,Guyana,GUY,2021,22865.928,South America
2790,Guyana,GUY,2022,37068.2,South America
2791,Guyana,GUY,2023,49312.36,South America
2792,Guyana,GUY,2024,70516.7,South America
2793,Guyana,GUY,2025,83658.68,South America
2794,Haiti,HTI,1990,3923.222,North America
2795,Haiti,HTI,1991,3916.4314,North America
2796,Haiti,HTI,1992,3635.139,North America
2797,Haiti,HTI,1993,3370.9954,North America
2798,Haiti,HTI,1994,2911.4998,North America
2799,Haiti,HTI,1995,3139.2642,North America
2800,Haiti,HTI,1996,3207.7458,North America
2801,Haiti,HTI,1997,3232.9553,North America
2802,Haiti,HTI,1998,3242.459,North America
2803,Haiti,HTI,1999,3269.399,North America
2804,Haiti,HTI,2000,3237.5308,North America
2805,Haiti,HTI,2001,3168.1445,North America
2806,Haiti,HTI,2002,3145.0369,North America
2807,Haiti,HTI,2003,3197.9365,North America
2808,Haiti,HTI,2004,3102.5417,North America
2809,Haiti,HTI,2005,3144.5635,North America
2810,Haiti,HTI,2006,3146.2634,North America
2811,Haiti,HTI,2007,3239.2576,North America
2812,Haiti,HTI,2008,3270.4128,North America
2813,Haiti,HTI,2009,3406.295,North America
2814,Haiti,HTI,2010,3176.5095,North America
2815,Haiti,HTI,2011,3300.8745,North America
2816,Haiti,HTI,2012,3266.4382,North America
2817,Haiti,HTI,2013,3356.8374,North America
2818,Haiti,HTI,2014,3403.575,North America
2819,Haiti,HTI,2015,3402.0283,North America
2820,Haiti,HTI,2016,3415.5823,North America
2821,Haiti,HTI,2017,3453.9714,North America
2822,Haiti,HTI,2018,3465.255,North America
2823,Haiti,HTI,2019,3361.7532,North America
2824,Haiti,HTI,2020,3210.5361,North America
2825,Haiti,HTI,2021,3116.565,North America
2826,Haiti,HTI,2022,3029.7786,North America
2827,Haiti,HTI,2023,2939.1238,North America
2828,Haiti,HTI,2024,2783.7915,North America
2829,Haiti,HTI,2025,2677.8938,North America
2830,High-income countries,OWID_HIC,1990,35048.484,
2831,High-income countries,OWID_HIC,1991,34936.625,
2832,High-income countries,OWID_HIC,1992,34831.45,
2833,High-income countries,OWID_HIC,1993,34769.113,
2834,High-income countries,OWID_HIC,1994,35306.645,
2835,High-income countries,OWID_HIC,1995,36005.21,
2836,High-income countries,OWID_HIC,1996,36746.94,
2837,High-income countries,OWID_HIC,1997,37780.22,
2838,High-income countries,OWID_HIC,1998,38417.016,
2839,High-income countries,OWID_HIC,1999,39579.8,
2840,High-income countries,OWID_HIC,2000,41171.5,
2841,High-income countries,OWID_HIC,2001,41687.266,
2842,High-income countries,OWID_HIC,2002,42228.516,
2843,High-income countries,OWID_HIC,2003,43079.05,
2844,High-income countries,OWID_HIC,2004,44471.445,
2845,High-income countries,OWID_HIC,2005,45654.066,
2846,High-income countries,OWID_HIC,2006,47042.117,
2847,High-income countries,OWID_HIC,2007,48291.75,
2848,High-income countries,OWID_HIC,2008,48486.43,
2849,High-income countries,OWID_HIC,2009,46460.535,
2850,High-income countries,OWID_HIC,2010,47722.617,
2851,High-income countries,OWID_HIC,2011,48617.914,
2852,High-income countries,OWID_HIC,2012,49098.57,
2853,High-income countries,OWID_HIC,2013,49580.8,
2854,High-income countries,OWID_HIC,2014,50378.316,
2855,High-income countries,OWID_HIC,2015,51152.867,
2856,High-income countries,OWID_HIC,2016,51760.633,
2857,High-income countries,OWID_HIC,2017,52827.426,
2858,High-income countries,OWID_HIC,2018,53954.484,
2859,High-income countries,OWID_HIC,2019,54801.527,
2860,High-income countries,OWID_HIC,2020,52507.016,
2861,High-income countries,OWID_HIC,2021,55735.773,
2862,High-income countries,OWID_HIC,2022,57194.67,
2863,High-income countries,OWID_HIC,2023,57813.42,
2864,High-income countries,OWID_HIC,2024,58645.043,
2865,High-income countries,OWID_HIC,2025,59555.51,
2866,Honduras,HND,1990,1172.0798,North America
2867,Honduras,HND,1991,1436.0507,North America
2868,Honduras,HND,1992,1521.9473,North America
2869,Honduras,HND,1993,1681.0824,North America
2870,Honduras,HND,1994,2108.2742,North America
2871,Honduras,HND,1995,2555.0261,North America
2872,Honduras,HND,1996,3054.1577,North America
2873,Honduras,HND,1997,3635.9807,North America
2874,Honduras,HND,1998,3950.835,North America
2875,Honduras,HND,1999,4293.827,North America
2876,Honduras,HND,2000,4579.6895,North America
2877,Honduras,HND,2001,4578.9478,North America
2878,Honduras,HND,2002,4627.023,North America
2879,Honduras,HND,2003,4714.867,North America
2880,Honduras,HND,2004,4885.343,North America
2881,Honduras,HND,2005,5056.6753,North America
2882,Honduras,HND,2006,5263.1504,North America
2883,Honduras,HND,2007,5461.9014,North America
2884,Honduras,HND,2008,5566.7065,North America
2885,Honduras,HND,2009,5313.756,North America
2886,Honduras,HND,2010,5396.0723,North America
2887,Honduras,HND,2011,5488.4336,North America
2888,Honduras,HND,2012,5600.608,North America
2889,Honduras,HND,2013,5644.134,North America
2890,Honduras,HND,2014,5705.1626,North America
2891,Honduras,HND,2015,5812.5347,North America
2892,Honduras,HND,2016,5926.49,North America
2893,Honduras,HND,2017,6099.6074,North America
2894,Honduras,HND,2018,6219.28,North America
2895,Honduras,HND,2019,6264.019,North America
2896,Honduras,HND,2020,5603.264,North America
2897,Honduras,HND,2021,6202.981,North America
2898,Honduras,HND,2022,6352.587,North America
2899,Honduras,HND,2023,6467.88,North America
2900,Honduras,HND,2024,6590.8438,North America
2901,Honduras,HND,2025,6726.167,North America
2902,Hong Kong,HKG,1990,31598.727,Asia
2903,Hong Kong,HKG,1991,33124.645,Asia
2904,Hong Kong,HKG,1992,34895.74,Asia
2905,Hong Kong,HKG,1993,36428.523,Asia
2906,Hong Kong,HKG,1994,37767.184,Asia
2907,Hong Kong,HKG,1995,37905.65,Asia
2908,Hong Kong,HKG,1996,37804.08,Asia
2909,Hong Kong,HKG,1997,39402.574,Asia
2910,Hong Kong,HKG,1998,36776.367,Asia
2911,Hong Kong,HKG,1999,37339.895,Asia
2912,Hong Kong,HKG,2000,39848.56,Asia
2913,Hong Kong,HKG,2001,39777.83,Asia
2914,Hong Kong,HKG,2002,40258.15,Asia
2915,Hong Kong,HKG,2003,41570.562,Asia
2916,Hong Kong,HKG,2004,44836.176,Asia
2917,Hong Kong,HKG,2005,47938.85,Asia
2918,Hong Kong,HKG,2006,50981.73,Asia
2919,Hong Kong,HKG,2007,53813.023,Asia
2920,Hong Kong,HKG,2008,54630.33,Asia
2921,Hong Kong,HKG,2009,53172.29,Asia
2922,Hong Kong,HKG,2010,56355.41,Asia
2923,Hong Kong,HKG,2011,58672.805,Asia
2924,Hong Kong,HKG,2012,59015.316,Asia
2925,Hong Kong,HKG,2013,60601.61,Asia
2926,Hong Kong,HKG,2014,61839.805,Asia
2927,Hong Kong,HKG,2015,62779.754,Asia
2928,Hong Kong,HKG,2016,63749.43,Asia
2929,Hong Kong,HKG,2017,65662.85,Asia
2930,Hong Kong,HKG,2018,66993.96,Asia
2931,Hong Kong,HKG,2019,65388.336,Asia
2932,Hong Kong,HKG,2020,61328.535,Asia
2933,Hong Kong,HKG,2021,65884.94,Asia
2934,Hong Kong,HKG,2022,64035.65,Asia
2935,Hong Kong,HKG,2023,64387.664,Asia
2936,Hong Kong,HKG,2024,66186.05,Asia
2937,Hong Kong,HKG,2025,68724.555,Asia
2938,Hungary,HUN,1990,21297.0,Europe
2939,Hungary,HUN,1991,18765.416,Europe
2940,Hungary,HUN,1992,18197.531,Europe
2941,Hungary,HUN,1993,18113.336,Europe
2942,Hungary,HUN,1994,18672.707,Europe
2943,Hungary,HUN,1995,18977.244,Europe
2944,Hungary,HUN,1996,19029.113,Europe
2945,Hungary,HUN,1997,19635.295,Europe
2946,Hungary,HUN,1998,20438.383,Europe
2947,Hungary,HUN,1999,21128.889,Europe
2948,Hungary,HUN,2000,22117.92,Europe
2949,Hungary,HUN,2001,23069.21,Europe
2950,Hungary,HUN,2002,24229.295,Europe
2951,Hungary,HUN,2003,25255.871,Europe
2952,Hungary,HUN,2004,26568.12,Europe
2953,Hungary,HUN,2005,27765.79,Europe
2954,Hungary,HUN,2006,28903.047,Europe
2955,Hungary,HUN,2007,29044.066,Europe
2956,Hungary,HUN,2008,29384.008,Europe
2957,Hungary,HUN,2009,27445.959,Europe
2958,Hungary,HUN,2010,27801.834,Europe
2959,Hungary,HUN,2011,28415.117,Europe
2960,Hungary,HUN,2012,28179.656,Europe
2961,Hungary,HUN,2013,28891.021,Europe
2962,Hungary,HUN,2014,30264.95,Europe
2963,Hungary,HUN,2015,31485.568,Europe
2964,Hungary,HUN,2016,32378.967,Europe
2965,Hungary,HUN,2017,33828.715,Europe
2966,Hungary,HUN,2018,35798.043,Europe
2967,Hungary,HUN,2019,37662.676,Europe
2968,Hungary,HUN,2020,36119.52,Europe
2969,Hungary,HUN,2021,38887.19,Europe
2970,Hungary,HUN,2022,40610.973,Europe
2971,Hungary,HUN,2023,40333.254,Europe
2972,Hungary,HUN,2024,40747.2,Europe
2973,Hungary,HUN,2025,41160.64,Europe
2974,Iceland,ISL,1990,43099.58,Europe
2975,Iceland,ISL,1991,42507.645,Europe
2976,Iceland,ISL,1992,40560.57,Europe
2977,Iceland,ISL,1993,40677.59,Europe
2978,Iceland,ISL,1994,41781.832,Europe
2979,Iceland,ISL,1995,41604.24,Europe
2980,Iceland,ISL,1996,43241.355,Europe
2981,Iceland,ISL,1997,44664.53,Europe
2982,Iceland,ISL,1998,47286.637,Europe
2983,Iceland,ISL,1999,48539.344,Europe
2984,Iceland,ISL,2000,50227.84,Europe
2985,Iceland,ISL,2001,51468.33,Europe
2986,Iceland,ISL,2002,51287.594,Europe
2987,Iceland,ISL,2003,52095.64,Europe
2988,Iceland,ISL,2004,55576.61,Europe
2989,Iceland,ISL,2005,58549.137,Europe
2990,Iceland,ISL,2006,60434.383,Europe
2991,Iceland,ISL,2007,64075.31,Europe
2992,Iceland,ISL,2008,63963.76,Europe
2993,Iceland,ISL,2009,58441.273,Europe
2994,Iceland,ISL,2010,57225.1,Europe
2995,Iceland,ISL,2011,57837.86,Europe
2996,Iceland,ISL,2012,58203.637,Europe
2997,Iceland,ISL,2013,59729.543,Europe
2998,Iceland,ISL,2014,60199.2,Europe
2999,Iceland,ISL,2015,61820.363,Europe
3000,Iceland,ISL,2016,64759.227,Europe
3001,Iceland,ISL,2017,65462.504,Europe
3002,Iceland,ISL,2018,66703.02,Europe
3003,Iceland,ISL,2019,65994.984,Europe
3004,Iceland,ISL,2020,60617.145,Europe
3005,Iceland,ISL,2021,62720.793,Europe
3006,Iceland,ISL,2022,66581.24,Europe
3007,Iceland,ISL,2023,69268.125,Europe
3008,Iceland,ISL,2024,68230.36,Europe
3009,Iceland,ISL,2025,68064.69,Europe
3010,India,IND,1990,2139.8274,Asia
3011,India,IND,1991,2116.0693,Asia
3012,India,IND,1992,2185.0405,Asia
3013,India,IND,1993,2241.2854,Asia
3014,India,IND,1994,2342.156,Asia
3015,India,IND,1995,2469.3516,Asia
3016,India,IND,1996,2603.2463,Asia
3017,India,IND,1997,2655.9294,Asia
3018,India,IND,1998,2766.1106,Asia
3019,India,IND,1999,2954.0688,Asia
3020,India,IND,2000,3010.4216,Asia
3021,India,IND,2001,3097.1624,Asia
3022,India,IND,2002,3157.269,Asia
3023,India,IND,2003,3346.8882,Asia
3024,India,IND,2004,3551.0474,Asia
3025,India,IND,2005,3770.3965,Asia
3026,India,IND,2006,4011.0864,Asia
3027,India,IND,2007,4253.8213,Asia
3028,India,IND,2008,4322.484,Asia
3029,India,IND,2009,4595.38,Asia
3030,India,IND,2010,4913.8765,Asia
3031,India,IND,2011,5098.675,Asia
3032,India,IND,2012,5303.502,Asia
3033,India,IND,2013,5567.4946,Asia
3034,India,IND,2014,5905.106,Asia
3035,India,IND,2015,6301.6733,Asia
3036,India,IND,2016,6741.149,Asia
3037,India,IND,2017,7116.0366,Asia
3038,India,IND,2018,7492.626,Asia
3039,India,IND,2019,7702.1763,Asia
3040,India,IND,2020,7186.8643,Asia
3041,India,IND,2021,7818.657,Asia
3042,India,IND,2022,8347.385,Asia
3043,India,IND,2023,8870.55,Asia
3044,India,IND,2024,9416.052,Asia
3045,India,IND,2025,10039.071,Asia
3046,Indonesia,IDN,1990,4873.0537,Asia
3047,Indonesia,IDN,1991,5118.468,Asia
3048,Indonesia,IDN,1992,5357.376,Asia
3049,Indonesia,IDN,1993,5609.152,Asia
3050,Indonesia,IDN,1994,5931.235,Asia
3051,Indonesia,IDN,1995,6312.9346,Asia
3052,Indonesia,IDN,1996,6695.4097,Asia
3053,Indonesia,IDN,1997,6897.0024,Asia
3054,Indonesia,IDN,1998,5897.6855,Asia
3055,Indonesia,IDN,1999,5855.658,Asia
3056,Indonesia,IDN,2000,6056.382,Asia
3057,Indonesia,IDN,2001,6190.5195,Asia
3058,Indonesia,IDN,2002,6381.9497,Asia
3059,Indonesia,IDN,2003,6599.092,Asia
3060,Indonesia,IDN,2004,6843.5464,Asia
3061,Indonesia,IDN,2005,7140.8545,Asia
3062,Indonesia,IDN,2006,7434.488,Asia
3063,Indonesia,IDN,2007,7802.464,Asia
3064,Indonesia,IDN,2008,8165.0615,Asia
3065,Indonesia,IDN,2009,8435.456,Asia
3066,Indonesia,IDN,2010,8848.225,Asia
3067,Indonesia,IDN,2011,9274.97,Asia
3068,Indonesia,IDN,2012,9708.612,Asia
3069,Indonesia,IDN,2013,10121.814,Asia
3070,Indonesia,IDN,2014,10504.387,Asia
3071,Indonesia,IDN,2015,10893.662,Asia
3072,Indonesia,IDN,2016,11319.663,Asia
3073,Indonesia,IDN,2017,11772.574,Asia
3074,Indonesia,IDN,2018,12262.231,Asia
3075,Indonesia,IDN,2019,12757.785,Asia
3076,Indonesia,IDN,2020,12388.545,Asia
3077,Indonesia,IDN,2021,12757.074,Asia
3078,Indonesia,IDN,2022,13334.266,Asia
3079,Indonesia,IDN,2023,13889.949,Asia
3080,Indonesia,IDN,2024,14470.718,Asia
3081,Indonesia,IDN,2025,15091.009,Asia
3082,Iran,IRN,1990,9656.001,Asia
3083,Iran,IRN,1991,10592.332,Asia
3084,Iran,IRN,1992,10727.418,Asia
3085,Iran,IRN,1993,10531.995,Asia
3086,Iran,IRN,1994,10333.433,Asia
3087,Iran,IRN,1995,10465.026,Asia
3088,Iran,IRN,1996,11010.01,Asia
3089,Iran,IRN,1997,11025.721,Asia
3090,Iran,IRN,1998,11101.508,Asia
3091,Iran,IRN,1999,11163.695,Asia
3092,Iran,IRN,2000,11643.122,Asia
3093,Iran,IRN,2001,11739.009,Asia
3094,Iran,IRN,2002,12583.045,Asia
3095,Iran,IRN,2003,13519.45,Asia
3096,Iran,IRN,2004,13807.195,Asia
3097,Iran,IRN,2005,13935.774,Asia
3098,Iran,IRN,2006,14320.657,Asia
3099,Iran,IRN,2007,15237.424,Asia
3100,Iran,IRN,2008,15091.251,Asia
3101,Iran,IRN,2009,15055.149,Asia
3102,Iran,IRN,2010,15729.913,Asia
3103,Iran,IRN,2011,15947.766,Asia
3104,Iran,IRN,2012,15159.295,Asia
3105,Iran,IRN,2013,14734.74,Asia
3106,Iran,IRN,2014,15262.852,Asia
3107,Iran,IRN,2015,14841.905,Asia
3108,Iran,IRN,2016,15920.372,Asia
3109,Iran,IRN,2017,16167.968,Asia
3110,Iran,IRN,2018,15364.805,Asia
3111,Iran,IRN,2019,14841.075,Asia
3112,Iran,IRN,2020,15381.585,Asia
3113,Iran,IRN,2021,15884.428,Asia
3114,Iran,IRN,2022,16377.961,Asia
3115,Iran,IRN,2023,17044.816,Asia
3116,Iran,IRN,2024,17484.133,Asia
3117,Iran,IRN,2025,16833.781,Asia
3118,Iraq,IRQ,1990,10735.094,Asia
3119,Iraq,IRQ,1991,3819.1619,Asia
3120,Iraq,IRQ,1992,4916.264,Asia
3121,Iraq,IRQ,1993,6105.0415,Asia
3122,Iraq,IRQ,1994,6044.871,Asia
3123,Iraq,IRQ,1995,5969.6694,Asia
3124,Iraq,IRQ,1996,6419.3696,Asia
3125,Iraq,IRQ,1997,7545.73,Asia
3126,Iraq,IRQ,1998,9871.734,Asia
3127,Iraq,IRQ,1999,11237.854,Asia
3128,Iraq,IRQ,2000,12702.164,Asia
3129,Iraq,IRQ,2001,12529.608,Asia
3130,Iraq,IRQ,2002,11144.051,Asia
3131,Iraq,IRQ,2003,6849.332,Asia
3132,Iraq,IRQ,2004,10210.563,Asia
3133,Iraq,IRQ,2005,10078.443,Asia
3134,Iraq,IRQ,2006,10568.914,Asia
3135,Iraq,IRQ,2007,10853.816,Asia
3136,Iraq,IRQ,2008,11511.938,Asia
3137,Iraq,IRQ,2009,11470.518,Asia
3138,Iraq,IRQ,2010,11816.841,Asia
3139,Iraq,IRQ,2011,12267.585,Asia
3140,Iraq,IRQ,2012,13357.015,Asia
3141,Iraq,IRQ,2013,13712.932,Asia
3142,Iraq,IRQ,2014,13536.823,Asia
3143,Iraq,IRQ,2015,13516.027,Asia
3144,Iraq,IRQ,2016,15016.092,Asia
3145,Iraq,IRQ,2017,14417.631,Asia
3146,Iraq,IRQ,2018,14456.235,Asia
3147,Iraq,IRQ,2019,14910.225,Asia
3148,Iraq,IRQ,2020,12827.635,Asia
3149,Iraq,IRQ,2021,12731.754,Asia
3150,Iraq,IRQ,2022,13433.397,Asia
3151,Iraq,IRQ,2023,13202.323,Asia
3152,Iraq,IRQ,2024,12725.043,Asia
3153,Iraq,IRQ,2025,12191.557,Asia
3154,Ireland,IRL,1990,29504.877,Europe
3155,Ireland,IRL,1991,29901.807,Europe
3156,Ireland,IRL,1992,30691.396,Europe
3157,Ireland,IRL,1993,31360.648,Europe
3158,Ireland,IRL,1994,33035.234,Europe
3159,Ireland,IRL,1995,36032.777,Europe
3160,Ireland,IRL,1996,38386.91,Europe
3161,Ireland,IRL,1997,42192.586,Europe
3162,Ireland,IRL,1998,45415.047,Europe
3163,Ireland,IRL,1999,49634.504,Europe
3164,Ireland,IRL,2000,53582.832,Europe
3165,Ireland,IRL,2001,55534.57,Europe
3166,Ireland,IRL,2002,57828.01,Europe
3167,Ireland,IRL,2003,58608.336,Europe
3168,Ireland,IRL,2004,61452.867,Europe
3169,Ireland,IRL,2005,63579.715,Europe
3170,Ireland,IRL,2006,64975.41,Europe
3171,Ireland,IRL,2007,66475.84,Europe
3172,Ireland,IRL,2008,62213.645,Europe
3173,Ireland,IRL,2009,58446.727,Europe
3174,Ireland,IRL,2010,59107.42,Europe
3175,Ireland,IRL,2011,59797.055,Europe
3176,Ireland,IRL,2012,59303.03,Europe
3177,Ireland,IRL,2013,60285.24,Europe
3178,Ireland,IRL,2014,65463.195,Europe
3179,Ireland,IRL,2015,80815.64,Europe
3180,Ireland,IRL,2016,80760.09,Europe
3181,Ireland,IRL,2017,87731.79,Europe
3182,Ireland,IRL,2018,93115.836,Europe
3183,Ireland,IRL,2019,96205.8,Europe
3184,Ireland,IRL,2020,101793.445,Europe
3185,Ireland,IRL,2021,116702.86,Europe
3186,Ireland,IRL,2022,123007.48,Europe
3187,Ireland,IRL,2023,117659.73,Europe
3188,Ireland,IRL,2024,118833.31,Europe
3189,Ireland,IRL,2025,131338.44,Europe
3190,Israel,ISR,1990,25340.98,Asia
3191,Israel,ISR,1991,25704.72,Asia
3192,Israel,ISR,1992,26758.43,Asia
3193,Israel,ISR,1993,27129.219,Asia
3194,Israel,ISR,1994,28399.398,Asia
3195,Israel,ISR,1995,29477.459,Asia
3196,Israel,ISR,1996,30392.896,Asia
3197,Israel,ISR,1997,30713.16,Asia
3198,Israel,ISR,1998,31250.107,Asia
3199,Israel,ISR,1999,31466.168,Asia
3200,Israel,ISR,2000,33278.543,Asia
3201,Israel,ISR,2001,32591.21,Asia
3202,Israel,ISR,2002,31892.54,Asia
3203,Israel,ISR,2003,31771.21,Asia
3204,Israel,ISR,2004,32665.854,Asia
3205,Israel,ISR,2005,33491.992,Asia
3206,Israel,ISR,2006,34744.867,Asia
3207,Israel,ISR,2007,36288.066,Asia
3208,Israel,ISR,2008,36795.48,Asia
3209,Israel,ISR,2009,36364.785,Asia
3210,Israel,ISR,2010,37686.344,Asia
3211,Israel,ISR,2011,39036.023,Asia
3212,Israel,ISR,2012,39245.508,Asia
3213,Israel,ISR,2013,40095.477,Asia
3214,Israel,ISR,2014,40795.63,Asia
3215,Israel,ISR,2015,40889.598,Asia
3216,Israel,ISR,2016,41914.582,Asia
3217,Israel,ISR,2017,42895.586,Asia
3218,Israel,ISR,2018,43782.652,Asia
3219,Israel,ISR,2019,44492.12,Asia
3220,Israel,ISR,2020,42926.543,Asia
3221,Israel,ISR,2021,46151.1,Asia
3222,Israel,ISR,2022,48132.363,Asia
3223,Israel,ISR,2023,47671.246,Asia
3224,Israel,ISR,2024,47388.723,Asia
3225,Israel,ISR,2025,48196.633,Asia
3226,Italy,ITA,1990,42656.746,Europe
3227,Italy,ITA,1991,43283.02,Europe
3228,Italy,ITA,1992,43614.484,Europe
3229,Italy,ITA,1993,43216.11,Europe
3230,Italy,ITA,1994,44136.707,Europe
3231,Italy,ITA,1995,45410.14,Europe
3232,Italy,ITA,1996,46008.24,Europe
3233,Italy,ITA,1997,46869.426,Europe
3234,Italy,ITA,1998,47701.4,Europe
3235,Italy,ITA,1999,48493.664,Europe
3236,Italy,ITA,2000,50353.42,Europe
3237,Italy,ITA,2001,51332.29,Europe
3238,Italy,ITA,2002,51369.113,Europe
3239,Italy,ITA,2003,51126.258,Europe
3240,Italy,ITA,2004,51495.004,Europe
3241,Italy,ITA,2005,51585.645,Europe
3242,Italy,ITA,2006,52304.242,Europe
3243,Italy,ITA,2007,52747.19,Europe
3244,Italy,ITA,2008,51806.39,Europe
3245,Italy,ITA,2009,48774.39,Europe
3246,Italy,ITA,2010,49301.695,Europe
3247,Italy,ITA,2011,49473.016,Europe
3248,Italy,ITA,2012,47795.957,Europe
3249,Italy,ITA,2013,46833.363,Europe
3250,Italy,ITA,2014,46825.652,Europe
3251,Italy,ITA,2015,47311.824,Europe
3252,Italy,ITA,2016,47987.84,Europe
3253,Italy,ITA,2017,48849.22,Europe
3254,Italy,ITA,2018,49355.875,Europe
3255,Italy,ITA,2019,49690.63,Europe
3256,Italy,ITA,2020,45505.07,Europe
3257,Italy,ITA,2021,49825.395,Europe
3258,Italy,ITA,2022,52333.33,Europe
3259,Italy,ITA,2023,52842.63,Europe
3260,Italy,ITA,2024,53284.875,Europe
3261,Italy,ITA,2025,53606.08,Europe
3262,Jamaica,JAM,1990,8879.653,North America
3263,Jamaica,JAM,1991,9227.876,North America
3264,Jamaica,JAM,1992,9315.858,North America
3265,Jamaica,JAM,1993,10088.232,North America
3266,Jamaica,JAM,1994,10123.234,North America
3267,Jamaica,JAM,1995,10257.807,North America
3268,Jamaica,JAM,1996,10147.464,North America
3269,Jamaica,JAM,1997,9939.662,North America
3270,Jamaica,JAM,1998,9624.93,North America
3271,Jamaica,JAM,1999,9650.4375,North America
3272,Jamaica,JAM,2000,9667.925,North America
3273,Jamaica,JAM,2001,9736.0625,North America
3274,Jamaica,JAM,2002,9869.713,North America
3275,Jamaica,JAM,2003,10169.75,North America
3276,Jamaica,JAM,2004,10244.207,North America
3277,Jamaica,JAM,2005,10278.684,North America
3278,Jamaica,JAM,2006,10522.236,North America
3279,Jamaica,JAM,2007,10622.444,North America
3280,Jamaica,JAM,2008,10490.469,North America
3281,Jamaica,JAM,2009,9992.977,North America
3282,Jamaica,JAM,2010,9805.901,North America
3283,Jamaica,JAM,2011,9932.483,North America
3284,Jamaica,JAM,2012,9829.035,North America
3285,Jamaica,JAM,2013,9839.965,North America
3286,Jamaica,JAM,2014,9872.159,North America
3287,Jamaica,JAM,2015,9931.898,North America
3288,Jamaica,JAM,2016,10179.254,North America
3289,Jamaica,JAM,2017,10391.038,North America
3290,Jamaica,JAM,2018,10636.093,North America
3291,Jamaica,JAM,2019,10816.372,North America
3292,Jamaica,JAM,2020,9891.97,North America
3293,Jamaica,JAM,2021,10430.691,North America
3294,Jamaica,JAM,2022,11096.638,North America
3295,Jamaica,JAM,2023,11398.8125,North America
3296,Jamaica,JAM,2024,11340.264,North America
3297,Jamaica,JAM,2025,11357.916,North America
3298,Japan,JPN,1990,36137.844,Asia
3299,Japan,JPN,1991,37226.332,Asia
3300,Japan,JPN,1992,37402.945,Asia
3301,Japan,JPN,1993,37088.8,Asia
3302,Japan,JPN,1994,37352.688,Asia
3303,Japan,JPN,1995,38137.934,Asia
3304,Japan,JPN,1996,39221.766,Asia
3305,Japan,JPN,1997,39661.73,Asia
3306,Japan,JPN,1998,38852.953,Asia
3307,Japan,JPN,1999,38647.27,Asia
3308,Japan,JPN,2000,39731.797,Asia
3309,Japan,JPN,2001,39748.984,Asia
3310,Japan,JPN,2002,39690.367,Asia
3311,Japan,JPN,2003,40152.13,Asia
3312,Japan,JPN,2004,40986.723,Asia
3313,Japan,JPN,2005,41740.35,Asia
3314,Japan,JPN,2006,42358.934,Asia
3315,Japan,JPN,2007,43041.57,Asia
3316,Japan,JPN,2008,42518.844,Asia
3317,Japan,JPN,2009,39999.945,Asia
3318,Japan,JPN,2010,41647.047,Asia
3319,Japan,JPN,2011,41640.66,Asia
3320,Japan,JPN,2012,42394.94,Asia
3321,Japan,JPN,2013,43304.117,Asia
3322,Japan,JPN,2014,43754.438,Asia
3323,Japan,JPN,2015,44589.305,Asia
3324,Japan,JPN,2016,44926.62,Asia
3325,Japan,JPN,2017,45693.38,Asia
3326,Japan,JPN,2018,46133.023,Asia
3327,Japan,JPN,2019,46055.35,Asia
3328,Japan,JPN,2020,44212.55,Asia
3329,Japan,JPN,2021,45999.46,Asia
3330,Japan,JPN,2022,46819.36,Asia
3331,Japan,JPN,2023,47387.22,Asia
3332,Japan,JPN,2024,47479.844,Asia
3333,Japan,JPN,2025,48283.37,Asia
3334,Jordan,JOR,1990,8241.805,Asia
3335,Jordan,JOR,1991,7747.1436,Asia
3336,Jordan,JOR,1992,8402.681,Asia
3337,Jordan,JOR,1993,8334.814,Asia
3338,Jordan,JOR,1994,8339.884,Asia
3339,Jordan,JOR,1995,8501.619,Asia
3340,Jordan,JOR,1996,8395.632,Asia
3341,Jordan,JOR,1997,8443.481,Asia
3342,Jordan,JOR,1998,8499.077,Asia
3343,Jordan,JOR,1999,8600.369,Asia
3344,Jordan,JOR,2000,8781.609,Asia
3345,Jordan,JOR,2001,9056.194,Asia
3346,Jordan,JOR,2002,9380.113,Asia
3347,Jordan,JOR,2003,9556.481,Asia
3348,Jordan,JOR,2004,10127.853,Asia
3349,Jordan,JOR,2005,10684.942,Asia
3350,Jordan,JOR,2006,10834.874,Asia
3351,Jordan,JOR,2007,11034.292,Asia
3352,Jordan,JOR,2008,11555.729,Asia
3353,Jordan,JOR,2009,11888.662,Asia
3354,Jordan,JOR,2010,11942.572,Asia
3355,Jordan,JOR,2011,11988.496,Asia
3356,Jordan,JOR,2012,12104.122,Asia
3357,Jordan,JOR,2013,11804.122,Asia
3358,Jordan,JOR,2014,11086.69,Asia
3359,Jordan,JOR,2015,10469.631,Asia
3360,Jordan,JOR,2016,10197.505,Asia
3361,Jordan,JOR,2017,10220.493,Asia
3362,Jordan,JOR,2018,10183.024,Asia
3363,Jordan,JOR,2019,10168.358,Asia
3364,Jordan,JOR,2020,9872.31,Asia
3365,Jordan,JOR,2021,10056.562,Asia
3366,Jordan,JOR,2022,10158.474,Asia
3367,Jordan,JOR,2023,10308.782,Asia
3368,Jordan,JOR,2024,10468.266,Asia
3369,Jordan,JOR,2025,10794.24,Asia
3370,Kazakhstan,KAZ,1990,16837.691,Asia
3371,Kazakhstan,KAZ,1991,14877.527,Asia
3372,Kazakhstan,KAZ,1992,14045.104,Asia
3373,Kazakhstan,KAZ,1993,12795.875,Asia
3374,Kazakhstan,KAZ,1994,11334.983,Asia
3375,Kazakhstan,KAZ,1995,10600.33,Asia
3376,Kazakhstan,KAZ,1996,10857.436,Asia
3377,Kazakhstan,KAZ,1997,11298.58,Asia
3378,Kazakhstan,KAZ,1998,11364.031,Asia
3379,Kazakhstan,KAZ,1999,11815.773,Asia
3380,Kazakhstan,KAZ,2000,12935.864,Asia
3381,Kazakhstan,KAZ,2001,14612.029,Asia
3382,Kazakhstan,KAZ,2002,15960.874,Asia
3383,Kazakhstan,KAZ,2003,17344.752,Asia
3384,Kazakhstan,KAZ,2004,18886.582,Asia
3385,Kazakhstan,KAZ,2005,20565.53,Asia
3386,Kazakhstan,KAZ,2006,22574.344,Asia
3387,Kazakhstan,KAZ,2007,24351.346,Asia
3388,Kazakhstan,KAZ,2008,24895.664,Asia
3389,Kazakhstan,KAZ,2009,24901.354,Asia
3390,Kazakhstan,KAZ,2010,26374.84,Asia
3391,Kazakhstan,KAZ,2011,27946.16,Asia
3392,Kazakhstan,KAZ,2012,28881.242,Asia
3393,Kazakhstan,KAZ,2013,30177.488,Asia
3394,Kazakhstan,KAZ,2014,30986.438,Asia
3395,Kazakhstan,KAZ,2015,30893.76,Asia
3396,Kazakhstan,KAZ,2016,30758.322,Asia
3397,Kazakhstan,KAZ,2017,31524.441,Asia
3398,Kazakhstan,KAZ,2018,32330.227,Asia
3399,Kazakhstan,KAZ,2019,33298.21,Asia
3400,Kazakhstan,KAZ,2020,32011.549,Asia
3401,Kazakhstan,KAZ,2021,32945.85,Asia
3402,Kazakhstan,KAZ,2022,33506.26,Asia
3403,Kazakhstan,KAZ,2023,34703.234,Asia
3404,Kazakhstan,KAZ,2024,35973.965,Asia
3405,Kazakhstan,KAZ,2025,37850.58,Asia
3406,Kenya,KEN,1990,4177.486,Africa
3407,Kenya,KEN,1991,4102.4766,Africa
3408,Kenya,KEN,1992,3946.8408,Africa
3409,Kenya,KEN,1993,3844.9204,Africa
3410,Kenya,KEN,1994,3833.2236,Africa
3411,Kenya,KEN,1995,3890.0986,Africa
3412,Kenya,KEN,1996,3941.4092,Africa
3413,Kenya,KEN,1997,3853.3713,Africa
3414,Kenya,KEN,1998,3871.8218,Africa
3415,Kenya,KEN,1999,3848.4646,Africa
3416,Kenya,KEN,2000,3756.6362,Africa
3417,Kenya,KEN,2001,3778.2585,Africa
3418,Kenya,KEN,2002,3681.2568,Africa
3419,Kenya,KEN,2003,3674.086,Africa
3420,Kenya,KEN,2004,3743.5679,Africa
3421,Kenya,KEN,2005,3844.7356,Africa
3422,Kenya,KEN,2006,3970.7334,Africa
3423,Kenya,KEN,2007,4116.451,Africa
3424,Kenya,KEN,2008,4002.8835,Africa
3425,Kenya,KEN,2009,4012.1943,Africa
3426,Kenya,KEN,2010,4211.5244,Africa
3427,Kenya,KEN,2011,4307.106,Africa
3428,Kenya,KEN,2012,4387.938,Africa
3429,Kenya,KEN,2013,4443.371,Africa
3430,Kenya,KEN,2014,4558.552,Africa
3431,Kenya,KEN,2015,4679.622,Africa
3432,Kenya,KEN,2016,4770.3105,Africa
3433,Kenya,KEN,2017,4846.8623,Africa
3434,Kenya,KEN,2018,5017.668,Africa
3435,Kenya,KEN,2019,5171.7124,Africa
3436,Kenya,KEN,2020,5057.4014,Africa
3437,Kenya,KEN,2021,5338.8525,Africa
3438,Kenya,KEN,2022,5491.694,Africa
3439,Kenya,KEN,2023,5691.825,Africa
3440,Kenya,KEN,2024,5841.5986,Africa
3441,Kenya,KEN,2025,5995.402,Africa
3442,Kiribati,KIR,1990,2213.8237,Oceania
3443,Kiribati,KIR,1991,2047.416,Oceania
3444,Kiribati,KIR,1992,2496.3162,Oceania
3445,Kiribati,KIR,1993,2455.7644,Oceania
3446,Kiribati,KIR,1994,2469.0376,Oceania
3447,Kiribati,KIR,1995,2499.1077,Oceania
3448,Kiribati,KIR,1996,2455.8157,Oceania
3449,Kiribati,KIR,1997,2439.7227,Oceania
3450,Kiribati,KIR,1998,2503.1829,Oceania
3451,Kiribati,KIR,1999,2364.6492,Oceania
3452,Kiribati,KIR,2000,2481.7332,Oceania
3453,Kiribati,KIR,2001,2357.884,Oceania
3454,Kiribati,KIR,2002,2341.9956,Oceania
3455,Kiribati,KIR,2003,2258.3232,Oceania
3456,Kiribati,KIR,2004,2199.9526,Oceania
3457,Kiribati,KIR,2005,2184.061,Oceania
3458,Kiribati,KIR,2006,2264.4517,Oceania
3459,Kiribati,KIR,2007,2286.7395,Oceania
3460,Kiribati,KIR,2008,2172.636,Oceania
3461,Kiribati,KIR,2009,2138.24,Oceania
3462,Kiribati,KIR,2010,2119.9119,Oceania
3463,Kiribati,KIR,2011,2150.6584,Oceania
3464,Kiribati,KIR,2012,2242.301,Oceania
3465,Kiribati,KIR,2013,2382.6755,Oceania
3466,Kiribati,KIR,2014,2381.6536,Oceania
3467,Kiribati,KIR,2015,2616.1763,Oceania
3468,Kiribati,KIR,2016,2762.2874,Oceania
3469,Kiribati,KIR,2017,2822.021,Oceania
3470,Kiribati,KIR,2018,2875.4177,Oceania
3471,Kiribati,KIR,2019,2926.5938,Oceania
3472,Kiribati,KIR,2020,2839.1729,Oceania
3473,Kiribati,KIR,2021,3024.2102,Oceania
3474,Kiribati,KIR,2022,3127.1775,Oceania
3475,Kiribati,KIR,2023,3175.0247,Oceania
3476,Kiribati,KIR,2024,3275.002,Oceania
3477,Kiribati,KIR,2025,3363.995,Oceania
3478,Kosovo,OWID_KOS,2008,7098.403,Europe
3479,Kosovo,OWID_KOS,2009,7481.459,Europe
3480,Kosovo,OWID_KOS,2010,7877.102,Europe
3481,Kosovo,OWID_KOS,2011,8359.937,Europe
3482,Kosovo,OWID_KOS,2012,8431.662,Europe
3483,Kosovo,OWID_KOS,2013,8828.276,Europe
3484,Kosovo,OWID_KOS,2014,9150.75,Europe
3485,Kosovo,OWID_KOS,2015,9824.991,Europe
3486,Kosovo,OWID_KOS,2016,10434.889,Europe
3487,Kosovo,OWID_KOS,2017,10856.29,Europe
3488,Kosovo,OWID_KOS,2018,11188.225,Europe
3489,Kosovo,OWID_KOS,2019,11774.118,Europe
3490,Kosovo,OWID_KOS,2020,11137.503,Europe
3491,Kosovo,OWID_KOS,2021,12362.421,Europe
3492,Kosovo,OWID_KOS,2022,13022.463,Europe
3493,Kosovo,OWID_KOS,2023,14240.203,Europe
3494,Kosovo,OWID_KOS,2024,15716.293,Europe
3495,Kosovo,OWID_KOS,2025,16461.295,Europe
3496,Kuwait,KWT,1990,38932.945,Asia
3497,Kuwait,KWT,1991,28633.969,Asia
3498,Kuwait,KWT,1992,43266.934,Asia
3499,Kuwait,KWT,1993,56684.188,Asia
3500,Kuwait,KWT,1994,61753.848,Asia
3501,Kuwait,KWT,1995,64093.52,Asia
3502,Kuwait,KWT,1996,62665.223,Asia
3503,Kuwait,KWT,1997,62151.953,Asia
3504,Kuwait,KWT,1998,62450.09,Asia
3505,Kuwait,KWT,1999,59533.953,Asia
3506,Kuwait,KWT,2000,60585.3,Asia
3507,Kuwait,KWT,2001,59099.664,Asia
3508,Kuwait,KWT,2002,59348.617,Asia
3509,Kuwait,KWT,2003,67984.31,Asia
3510,Kuwait,KWT,2004,73298.06,Asia
3511,Kuwait,KWT,2005,78193.9,Asia
3512,Kuwait,KWT,2006,79521.35,Asia
3513,Kuwait,KWT,2007,79474.76,Asia
3514,Kuwait,KWT,2008,77036.51,Asia
3515,Kuwait,KWT,2009,67896.266,Asia
3516,Kuwait,KWT,2010,62956.215,Asia
3517,Kuwait,KWT,2011,64844.5,Asia
3518,Kuwait,KWT,2012,64908.26,Asia
3519,Kuwait,KWT,2013,62458.81,Asia
3520,Kuwait,KWT,2014,60065.656,Asia
3521,Kuwait,KWT,2015,57763.516,Asia
3522,Kuwait,KWT,2016,56936.62,Asia
3523,Kuwait,KWT,2017,52285.586,Asia
3524,Kuwait,KWT,2018,51623.81,Asia
3525,Kuwait,KWT,2019,51380.645,Asia
3526,Kuwait,KWT,2020,49372.82,Asia
3527,Kuwait,KWT,2021,50651.957,Asia
3528,Kuwait,KWT,2022,51379.883,Asia
3529,Kuwait,KWT,2023,47790.19,Asia
3530,Kuwait,KWT,2024,46664.22,Asia
3531,Kuwait,KWT,2025,48253.965,Asia
3532,Kyrgyzstan,KGZ,1990,6095.681,Asia
3533,Kyrgyzstan,KGZ,1991,5520.4297,Asia
3534,Kyrgyzstan,KGZ,1992,4701.991,Asia
3535,Kyrgyzstan,KGZ,1993,3973.8833,Asia
3536,Kyrgyzstan,KGZ,1994,3176.9238,Asia
3537,Kyrgyzstan,KGZ,1995,2974.7117,Asia
3538,Kyrgyzstan,KGZ,1996,3138.6663,Asia
3539,Kyrgyzstan,KGZ,1997,3399.9343,Asia
3540,Kyrgyzstan,KGZ,1998,3419.2234,Asia
3541,Kyrgyzstan,KGZ,1999,3491.9377,Asia
3542,Kyrgyzstan,KGZ,2000,3638.4631,Asia
3543,Kyrgyzstan,KGZ,2001,3795.8906,Asia
3544,Kyrgyzstan,KGZ,2002,3760.5325,Asia
3545,Kyrgyzstan,KGZ,2003,3982.9272,Asia
3546,Kyrgyzstan,KGZ,2004,4211.5225,Asia
3547,Kyrgyzstan,KGZ,2005,4156.9585,Asia
3548,Kyrgyzstan,KGZ,2006,4240.1704,Asia
3549,Kyrgyzstan,KGZ,2007,4558.713,Asia
3550,Kyrgyzstan,KGZ,2008,4894.943,Asia
3551,Kyrgyzstan,KGZ,2009,4969.9614,Asia
3552,Kyrgyzstan,KGZ,2010,4876.4795,Asia
3553,Kyrgyzstan,KGZ,2011,5092.8516,Asia
3554,Kyrgyzstan,KGZ,2012,4993.3945,Asia
3555,Kyrgyzstan,KGZ,2013,5418.5405,Asia
3556,Kyrgyzstan,KGZ,2014,5513.7544,Asia
3557,Kyrgyzstan,KGZ,2015,5600.2144,Asia
3558,Kyrgyzstan,KGZ,2016,5715.0103,Asia
3559,Kyrgyzstan,KGZ,2017,5861.222,Asia
3560,Kyrgyzstan,KGZ,2018,5951.8286,Asia
3561,Kyrgyzstan,KGZ,2019,6087.602,Asia
3562,Kyrgyzstan,KGZ,2020,5537.7954,Asia
3563,Kyrgyzstan,KGZ,2021,5736.479,Asia
3564,Kyrgyzstan,KGZ,2022,6139.778,Asia
3565,Kyrgyzstan,KGZ,2023,6575.7754,Asia
3566,Kyrgyzstan,KGZ,2024,7210.5767,Asia
3567,Kyrgyzstan,KGZ,2025,7878.449,Asia
3568,Laos,LAO,1990,2005.5005,Asia
3569,Laos,LAO,1991,2033.5826,Asia
3570,Laos,LAO,1992,2088.02,Asia
3571,Laos,LAO,1993,2152.2766,Asia
3572,Laos,LAO,1994,2267.7822,Asia
3573,Laos,LAO,1995,2368.0547,Asia
3574,Laos,LAO,1996,2473.773,Asia
3575,Laos,LAO,1997,2589.2075,Asia
3576,Laos,LAO,1998,2642.5662,Asia
3577,Laos,LAO,1999,2786.5205,Asia
3578,Laos,LAO,2000,2899.0195,Asia
3579,Laos,LAO,2001,3015.6326,Asia
3580,Laos,LAO,2002,3143.2234,Asia
3581,Laos,LAO,2003,3282.9854,Asia
3582,Laos,LAO,2004,3441.17,Asia
3583,Laos,LAO,2005,3630.5588,Asia
3584,Laos,LAO,2006,3881.5374,Asia
3585,Laos,LAO,2007,4112.253,Asia
3586,Laos,LAO,2008,4367.163,Asia
3587,Laos,LAO,2009,4625.072,Asia
3588,Laos,LAO,2010,4946.1055,Asia
3589,Laos,LAO,2011,5266.879,Asia
3590,Laos,LAO,2012,5608.9697,Asia
3591,Laos,LAO,2013,5974.4736,Asia
3592,Laos,LAO,2014,6341.2124,Asia
3593,Laos,LAO,2015,6703.741,Asia
3594,Laos,LAO,2016,7063.2554,Asia
3595,Laos,LAO,2017,7432.4595,Asia
3596,Laos,LAO,2018,7775.086,Asia
3597,Laos,LAO,2019,8075.275,Asia
3598,Laos,LAO,2020,7995.595,Asia
3599,Laos,LAO,2021,8080.4355,Asia
3600,Laos,LAO,2022,8183.0327,Asia
3601,Laos,LAO,2023,8372.156,Asia
3602,Laos,LAO,2024,8600.324,Asia
3603,Laos,LAO,2025,8872.694,Asia
3604,Latin America and Caribbean (WB),WB_LAC,1990,12425.578,
3605,Latin America and Caribbean (WB),WB_LAC,1991,12603.571,
3606,Latin America and Caribbean (WB),WB_LAC,1992,12734.92,
3607,Latin America and Caribbean (WB),WB_LAC,1993,13103.049,
3608,Latin America and Caribbean (WB),WB_LAC,1994,13570.074,
3609,Latin America and Caribbean (WB),WB_LAC,1995,13463.694,
3610,Latin America and Caribbean (WB),WB_LAC,1996,13773.173,
3611,Latin America and Caribbean (WB),WB_LAC,1997,14298.023,
3612,Latin America and Caribbean (WB),WB_LAC,1998,14501.277,
3613,Latin America and Caribbean (WB),WB_LAC,1999,14363.6875,
3614,Latin America and Caribbean (WB),WB_LAC,2000,14662.98,
3615,Latin America and Caribbean (WB),WB_LAC,2001,14517.498,
3616,Latin America and Caribbean (WB),WB_LAC,2002,14398.147,
3617,Latin America and Caribbean (WB),WB_LAC,2003,14567.691,
3618,Latin America and Caribbean (WB),WB_LAC,2004,15159.8545,
3619,Latin America and Caribbean (WB),WB_LAC,2005,15565.175,
3620,Latin America and Caribbean (WB),WB_LAC,2006,16172.052,
3621,Latin America and Caribbean (WB),WB_LAC,2007,16820.28,
3622,Latin America and Caribbean (WB),WB_LAC,2008,17242.645,
3623,Latin America and Caribbean (WB),WB_LAC,2009,16665.102,
3624,Latin America and Caribbean (WB),WB_LAC,2010,17550.738,
3625,Latin America and Caribbean (WB),WB_LAC,2011,18150.588,
3626,Latin America and Caribbean (WB),WB_LAC,2012,18433.738,
3627,Latin America and Caribbean (WB),WB_LAC,2013,18766.918,
3628,Latin America and Caribbean (WB),WB_LAC,2014,18852.428,
3629,Latin America and Caribbean (WB),WB_LAC,2015,18762.904,
3630,Latin America and Caribbean (WB),WB_LAC,2016,18550.873,
3631,Latin America and Caribbean (WB),WB_LAC,2017,18744.625,
3632,Latin America and Caribbean (WB),WB_LAC,2018,18893.799,
3633,Latin America and Caribbean (WB),WB_LAC,2019,18883.188,
3634,Latin America and Caribbean (WB),WB_LAC,2020,17508.617,
3635,Latin America and Caribbean (WB),WB_LAC,2021,18696.32,
3636,Latin America and Caribbean (WB),WB_LAC,2022,19355.076,
3637,Latin America and Caribbean (WB),WB_LAC,2023,19651.732,
3638,Latin America and Caribbean (WB),WB_LAC,2024,19954.15,
3639,Latin America and Caribbean (WB),WB_LAC,2025,20286.729,
3640,Latvia,LVA,1990,17508.787,Europe
3641,Latvia,LVA,1991,15376.091,Europe
3642,Latvia,LVA,1992,10582.207,Europe
3643,Latvia,LVA,1993,10255.142,Europe
3644,Latvia,LVA,1994,10656.609,Europe
3645,Latvia,LVA,1995,10707.515,Europe
3646,Latvia,LVA,1996,11077.862,Europe
3647,Latvia,LVA,1997,12215.016,Europe
3648,Latvia,LVA,1998,13138.401,Europe
3649,Latvia,LVA,1999,13619.099,Europe
3650,Latvia,LVA,2000,14554.213,Europe
3651,Latvia,LVA,2001,15695.906,Europe
3652,Latvia,LVA,2002,17096.559,Europe
3653,Latvia,LVA,2003,18717.668,Europe
3654,Latvia,LVA,2004,20574.12,Europe
3655,Latvia,LVA,2005,23213.354,Europe
3656,Latvia,LVA,2006,26431.814,Europe
3657,Latvia,LVA,2007,29423.736,Europe
3658,Latvia,LVA,2008,28726.973,Europe
3659,Latvia,LVA,2009,24520.68,Europe
3660,Latvia,LVA,2010,24119.73,Europe
3661,Latvia,LVA,2011,25308.732,Europe
3662,Latvia,LVA,2012,27496.545,Europe
3663,Latvia,LVA,2013,28375.184,Europe
3664,Latvia,LVA,2014,29243.742,Europe
3665,Latvia,LVA,2015,30599.613,Europe
3666,Latvia,LVA,2016,31668.516,Europe
3667,Latvia,LVA,2017,33036.39,Europe
3668,Latvia,LVA,2018,34729.707,Europe
3669,Latvia,LVA,2019,35208.195,Europe
3670,Latvia,LVA,2020,34225.9,Europe
3671,Latvia,LVA,2021,36912.01,Europe
3672,Latvia,LVA,2022,37718.71,Europe
3673,Latvia,LVA,2023,37277.723,Europe
3674,Latvia,LVA,2024,37615.08,Europe
3675,Latvia,LVA,2025,38800.543,Europe
3676,Lebanon,LBN,1990,5345.512,Asia
3677,Lebanon,LBN,1991,7828.172,Asia
3678,Lebanon,LBN,1992,8924.152,Asia
3679,Lebanon,LBN,1993,9695.315,Asia
3680,Lebanon,LBN,1994,10294.8125,Asia
3681,Lebanon,LBN,1995,10762.442,Asia
3682,Lebanon,LBN,1996,11757.282,Asia
3683,Lebanon,LBN,1997,11668.4,Asia
3684,Lebanon,LBN,1998,11885.308,Asia
3685,Lebanon,LBN,1999,11617.25,Asia
3686,Lebanon,LBN,2000,11571.732,Asia
3687,Lebanon,LBN,2001,11817.931,Asia
3688,Lebanon,LBN,2002,12053.834,Asia
3689,Lebanon,LBN,2003,12272.344,Asia
3690,Lebanon,LBN,2004,12882.076,Asia
3691,Lebanon,LBN,2005,13024.665,Asia
3692,Lebanon,LBN,2006,13003.681,Asia
3693,Lebanon,LBN,2007,13941.562,Asia
3694,Lebanon,LBN,2008,14955.142,Asia
3695,Lebanon,LBN,2009,16264.351,Asia
3696,Lebanon,LBN,2010,17390.758,Asia
3697,Lebanon,LBN,2011,17353.195,Asia
3698,Lebanon,LBN,2012,17323.3,Asia
3699,Lebanon,LBN,2013,16396.496,Asia
3700,Lebanon,LBN,2014,15205.873,Asia
3701,Lebanon,LBN,2015,14980.0205,Asia
3702,Lebanon,LBN,2016,15572.361,Asia
3703,Lebanon,LBN,2017,16128.584,Asia
3704,Lebanon,LBN,2018,16290.052,Asia
3705,Lebanon,LBN,2019,15659.566,Asia
3706,Lebanon,LBN,2020,12507.437,Asia
3707,Lebanon,LBN,2021,11599.775,Asia
3708,Lebanon,LBN,2022,11474.751,Asia
3709,Lebanon,LBN,2023,11330.269,Asia
3710,Lebanon,LBN,2024,10469.221,Asia
3711,Lesotho,LSO,1990,1422.1505,Africa
3712,Lesotho,LSO,1991,1494.2404,Africa
3713,Lesotho,LSO,1992,1571.827,Africa
3714,Lesotho,LSO,1993,1602.5963,Africa
3715,Lesotho,LSO,1994,1675.5978,Africa
3716,Lesotho,LSO,1995,1709.6943,Africa
3717,Lesotho,LSO,1996,1786.1823,Africa
3718,Lesotho,LSO,1997,1837.6965,Africa
3719,Lesotho,LSO,1998,1856.6908,Africa
3720,Lesotho,LSO,1999,1860.7006,Africa
3721,Lesotho,LSO,2000,1932.158,Africa
3722,Lesotho,LSO,2001,2004.0334,Africa
3723,Lesotho,LSO,2002,2024.7872,Africa
3724,Lesotho,LSO,2003,2127.373,Africa
3725,Lesotho,LSO,2004,2178.6648,Africa
3726,Lesotho,LSO,2005,2275.016,Africa
3727,Lesotho,LSO,2006,2381.0203,Africa
3728,Lesotho,LSO,2007,2470.3147,Africa
3729,Lesotho,LSO,2008,2589.1663,Africa
3730,Lesotho,LSO,2009,2538.1934,Africa
3731,Lesotho,LSO,2010,2651.378,Africa
3732,Lesotho,LSO,2011,2749.3196,Africa
3733,Lesotho,LSO,2012,2894.227,Africa
3734,Lesotho,LSO,2013,2914.3752,Africa
3735,Lesotho,LSO,2014,2930.6172,Africa
3736,Lesotho,LSO,2015,2986.9587,Africa
3737,Lesotho,LSO,2016,3057.261,Africa
3738,Lesotho,LSO,2017,2924.681,Africa
3739,Lesotho,LSO,2018,2846.4182,Africa
3740,Lesotho,LSO,2019,2773.2864,Africa
3741,Lesotho,LSO,2020,2517.1104,Africa
3742,Lesotho,LSO,2021,2544.7825,Africa
3743,Lesotho,LSO,2022,2577.5454,Africa
3744,Lesotho,LSO,2023,2592.457,Africa
3745,Lesotho,LSO,2024,2697.6274,Africa
3746,Lesotho,LSO,2025,2720.9573,Africa
3747,Liberia,LBR,1990,1866.4055,Africa
3748,Liberia,LBR,1991,1819.4978,Africa
3749,Liberia,LBR,1992,1115.0377,Africa
3750,Liberia,LBR,1993,718.6832,Africa
3751,Liberia,LBR,1994,563.6404,Africa
3752,Liberia,LBR,1995,534.8097,Africa
3753,Liberia,LBR,1996,582.678,Africa
3754,Liberia,LBR,1997,1111.9376,Africa
3755,Liberia,LBR,1998,1308.4056,Africa
3756,Liberia,LBR,1999,1507.3147,Africa
3757,Liberia,LBR,2000,1868.1798,Africa
3758,Liberia,LBR,2001,1867.1191,Africa
3759,Liberia,LBR,2002,1887.646,Africa
3760,Liberia,LBR,2003,1308.1509,Africa
3761,Liberia,LBR,2004,1326.5356,Africa
3762,Liberia,LBR,2005,1335.6173,Africa
3763,Liberia,LBR,2006,1364.6035,Africa
3764,Liberia,LBR,2007,1422.1002,Africa
3765,Liberia,LBR,2008,1463.124,Africa
3766,Liberia,LBR,2009,1492.9982,Africa
3767,Liberia,LBR,2010,1538.8508,Africa
3768,Liberia,LBR,2011,1601.0337,Africa
3769,Liberia,LBR,2012,1668.9729,Africa
3770,Liberia,LBR,2013,1774.5206,Africa
3771,Liberia,LBR,2014,1750.1438,Africa
3772,Liberia,LBR,2015,1714.0905,Africa
3773,Liberia,LBR,2016,1653.3105,Africa
3774,Liberia,LBR,2017,1661.3029,Africa
3775,Liberia,LBR,2018,1647.9745,Africa
3776,Liberia,LBR,2019,1575.7666,Africa
3777,Liberia,LBR,2020,1497.377,Africa
3778,Liberia,LBR,2021,1539.2089,Africa
3779,Liberia,LBR,2022,1578.9984,Africa
3780,Liberia,LBR,2023,1616.9237,Africa
3781,Liberia,LBR,2024,1646.0586,Africa
3782,Liberia,LBR,2025,1692.9259,Africa
3783,Libya,LBY,1990,18126.588,Africa
3784,Libya,LBY,1991,20506.877,Africa
3785,Libya,LBY,1992,19538.139,Africa
3786,Libya,LBY,1993,18434.64,Africa
3787,Libya,LBY,1994,18444.514,Africa
3788,Libya,LBY,1995,17723.268,Africa
3789,Libya,LBY,1996,17809.152,Africa
3790,Libya,LBY,1997,18451.7,Africa
3791,Libya,LBY,1998,17532.926,Africa
3792,Libya,LBY,1999,17402.568,Africa
3793,Libya,LBY,2000,17747.02,Africa
3794,Libya,LBY,2001,17115.988,Africa
3795,Libya,LBY,2002,16629.436,Africa
3796,Libya,LBY,2003,18422.734,Africa
3797,Libya,LBY,2004,18851.203,Africa
3798,Libya,LBY,2005,20649.463,Africa
3799,Libya,LBY,2006,21545.299,Africa
3800,Libya,LBY,2007,22422.012,Africa
3801,Libya,LBY,2008,21915.197,Africa
3802,Libya,LBY,2009,20518.965,Africa
3803,Libya,LBY,2010,21115.525,Africa
3804,Libya,LBY,2011,10741.921,Africa
3805,Libya,LBY,2012,20601.002,Africa
3806,Libya,LBY,2013,16557.5,Africa
3807,Libya,LBY,2014,12499.083,Africa
3808,Libya,LBY,2015,12195.349,Africa
3809,Libya,LBY,2016,11831.826,Africa
3810,Libya,LBY,2017,15428.116,Africa
3811,Libya,LBY,2018,16385.164,Africa
3812,Libya,LBY,2019,14337.196,Africa
3813,Libya,LBY,2020,9978.664,Africa
3814,Libya,LBY,2021,12641.51,Africa
3815,Libya,LBY,2022,11450.06,Africa
3816,Libya,LBY,2023,12476.598,Africa
3817,Libya,LBY,2024,12583.834,Africa
3818,Libya,LBY,2025,14118.206,Africa
3819,Lithuania,LTU,1990,20594.062,Europe
3820,Lithuania,LTU,1991,19392.195,Europe
3821,Lithuania,LTU,1992,15286.204,Europe
3822,Lithuania,LTU,1993,12866.59,Europe
3823,Lithuania,LTU,1994,11690.886,Europe
3824,Lithuania,LTU,1995,12168.833,Europe
3825,Lithuania,LTU,1996,12878.101,Europe
3826,Lithuania,LTU,1997,14050.35,Europe
3827,Lithuania,LTU,1998,15208.698,Europe
3828,Lithuania,LTU,1999,15148.957,Europe
3829,Lithuania,LTU,2000,15777.43,Europe
3830,Lithuania,LTU,2001,16939.467,Europe
3831,Lithuania,LTU,2002,18223.479,Europe
3832,Lithuania,LTU,2003,20310.713,Europe
3833,Lithuania,LTU,2004,21875.61,Europe
3834,Lithuania,LTU,2005,23953.814,Europe
3835,Lithuania,LTU,2006,26139.283,Europe
3836,Lithuania,LTU,2007,29381.951,Europe
3837,Lithuania,LTU,2008,30457.37,Europe
3838,Lithuania,LTU,2009,26227.523,Europe
3839,Lithuania,LTU,2010,26897.725,Europe
3840,Lithuania,LTU,2011,29251.877,Europe
3841,Lithuania,LTU,2012,30932.098,Europe
3842,Lithuania,LTU,2013,32487.0,Europe
3843,Lithuania,LTU,2014,33988.016,Europe
3844,Lithuania,LTU,2015,35264.715,Europe
3845,Lithuania,LTU,2016,36632.082,Europe
3846,Lithuania,LTU,2017,38789.246,Europe
3847,Lithuania,LTU,2018,41035.402,Europe
3848,Lithuania,LTU,2019,43078.71,Europe
3849,Lithuania,LTU,2020,43108.2,Europe
3850,Lithuania,LTU,2021,45897.37,Europe
3851,Lithuania,LTU,2022,46642.594,Europe
3852,Lithuania,LTU,2023,46333.902,Europe
3853,Lithuania,LTU,2024,47462.004,Europe
3854,Lithuania,LTU,2025,48839.543,Europe
3855,Low-income countries,OWID_LIC,1990,1861.4364,
3856,Low-income countries,OWID_LIC,1991,1835.5054,
3857,Low-income countries,OWID_LIC,1992,1779.9867,
3858,Low-income countries,OWID_LIC,1993,1746.5747,
3859,Low-income countries,OWID_LIC,1994,1711.9263,
3860,Low-income countries,OWID_LIC,1995,1746.1487,
3861,Low-income countries,OWID_LIC,1996,1802.8811,
3862,Low-income countries,OWID_LIC,1997,1857.3967,
3863,Low-income countries,OWID_LIC,1998,1879.3413,
3864,Low-income countries,OWID_LIC,1999,1855.1733,
3865,Low-income countries,OWID_LIC,2000,1848.072,
3866,Low-income countries,OWID_LIC,2001,1879.8918,
3867,Low-income countries,OWID_LIC,2002,1938.9037,
3868,Low-income countries,OWID_LIC,2003,1962.8584,
3869,Low-income countries,OWID_LIC,2004,2037.7356,
3870,Low-income countries,OWID_LIC,2005,2117.2454,
3871,Low-income countries,OWID_LIC,2006,2183.7063,
3872,Low-income countries,OWID_LIC,2007,2267.4365,
3873,Low-income countries,OWID_LIC,2008,2332.3193,
3874,Low-income countries,OWID_LIC,2009,2363.6453,
3875,Low-income countries,OWID_LIC,2010,2461.6038,
3876,Low-income countries,OWID_LIC,2011,2471.47,
3877,Low-income countries,OWID_LIC,2012,2314.6902,
3878,Low-income countries,OWID_LIC,2013,2284.0476,
3879,Low-income countries,OWID_LIC,2014,2312.398,
3880,Low-income countries,OWID_LIC,2015,2349.5803,
3881,Low-income countries,OWID_LIC,2016,2367.1343,
3882,Low-income countries,OWID_LIC,2017,2398.9143,
3883,Low-income countries,OWID_LIC,2018,2422.6416,
3884,Low-income countries,OWID_LIC,2019,2449.5627,
3885,Low-income countries,OWID_LIC,2020,2399.2993,
3886,Low-income countries,OWID_LIC,2021,2374.749,
3887,Low-income countries,OWID_LIC,2022,2395.916,
3888,Low-income countries,OWID_LIC,2023,2365.063,
3889,Low-income countries,OWID_LIC,2024,2395.9912,
3890,Low-income countries,OWID_LIC,2025,2481.0132,
3891,Lower-middle-income countries,OWID_LMC,1990,3056.243,
3892,Lower-middle-income countries,OWID_LMC,1991,3042.825,
3893,Lower-middle-income countries,OWID_LMC,1992,3087.9534,
3894,Lower-middle-income countries,OWID_LMC,1993,3083.3674,
3895,Lower-middle-income countries,OWID_LMC,1994,3135.3245,
3896,Lower-middle-income countries,OWID_LMC,1995,3227.6926,
3897,Lower-middle-income countries,OWID_LMC,1996,3361.0662,
3898,Lower-middle-income countries,OWID_LMC,1997,3416.431,
3899,Lower-middle-income countries,OWID_LMC,1998,3513.1008,
3900,Lower-middle-income countries,OWID_LMC,1999,3645.8916,
3901,Lower-middle-income countries,OWID_LMC,2000,3721.1558,
3902,Lower-middle-income countries,OWID_LMC,2001,3811.5034,
3903,Lower-middle-income countries,OWID_LMC,2002,3905.266,
3904,Lower-middle-income countries,OWID_LMC,2003,4065.5024,
3905,Lower-middle-income countries,OWID_LMC,2004,4274.6963,
3906,Lower-middle-income countries,OWID_LMC,2005,4484.7637,
3907,Lower-middle-income countries,OWID_LMC,2006,4721.6274,
3908,Lower-middle-income countries,OWID_LMC,2007,4960.8784,
3909,Lower-middle-income countries,OWID_LMC,2008,5091.433,
3910,Lower-middle-income countries,OWID_LMC,2009,5327.7163,
3911,Lower-middle-income countries,OWID_LMC,2010,5602.4604,
3912,Lower-middle-income countries,OWID_LMC,2011,5768.5415,
3913,Lower-middle-income countries,OWID_LMC,2012,5959.124,
3914,Lower-middle-income countries,OWID_LMC,2013,6197.543,
3915,Lower-middle-income countries,OWID_LMC,2014,6478.8623,
3916,Lower-middle-income countries,OWID_LMC,2015,6770.1753,
3917,Lower-middle-income countries,OWID_LMC,2016,7060.833,
3918,Lower-middle-income countries,OWID_LMC,2017,7336.66,
3919,Lower-middle-income countries,OWID_LMC,2018,7634.726,
3920,Lower-middle-income countries,OWID_LMC,2019,7828.888,
3921,Lower-middle-income countries,OWID_LMC,2020,7421.0923,
3922,Lower-middle-income countries,OWID_LMC,2021,7838.347,
3923,Lower-middle-income countries,OWID_LMC,2022,8239.029,
3924,Lower-middle-income countries,OWID_LMC,2023,8575.834,
3925,Lower-middle-income countries,OWID_LMC,2024,8930.713,
3926,Lower-middle-income countries,OWID_LMC,2025,9350.301,
3927,Luxembourg,LUX,1990,81455.03,Europe
3928,Luxembourg,LUX,1991,87318.5,Europe
3929,Luxembourg,LUX,1992,87734.2,Europe
3930,Luxembourg,LUX,1993,90200.6,Europe
3931,Luxembourg,LUX,1994,92380.414,Europe
3932,Luxembourg,LUX,1995,92396.4,Europe
3933,Luxembourg,LUX,1996,92421.58,Europe
3934,Luxembourg,LUX,1997,96216.91,Europe
3935,Luxembourg,LUX,1998,101369.82,Europe
3936,Luxembourg,LUX,1999,108186.85,Europe
3937,Luxembourg,LUX,2000,114148.35,Europe
3938,Luxembourg,LUX,2001,116265.23,Europe
3939,Luxembourg,LUX,2002,118764.33,Europe
3940,Luxembourg,LUX,2003,120403.0,Europe
3941,Luxembourg,LUX,2004,123725.76,Europe
3942,Luxembourg,LUX,2005,124871.95,Europe
3943,Luxembourg,LUX,2006,130290.17,Europe
3944,Luxembourg,LUX,2007,138683.31,Europe
3945,Luxembourg,LUX,2008,135814.61,Europe
3946,Luxembourg,LUX,2009,129004.51,Europe
3947,Luxembourg,LUX,2010,131434.36,Europe
3948,Luxembourg,LUX,2011,129887.625,Europe
3949,Luxembourg,LUX,2012,128897.41,Europe
3950,Luxembourg,LUX,2013,129947.336,Europe
3951,Luxembourg,LUX,2014,130249.55,Europe
3952,Luxembourg,LUX,2015,130097.336,Europe
3953,Luxembourg,LUX,2016,133661.73,Europe
3954,Luxembourg,LUX,2017,132169.83,Europe
3955,Luxembourg,LUX,2018,131733.89,Europe
3956,Luxembourg,LUX,2019,132724.75,Europe
3957,Luxembourg,LUX,2020,129865.63,Europe
3958,Luxembourg,LUX,2021,136772.44,Europe
3959,Luxembourg,LUX,2022,132570.83,Europe
3960,Luxembourg,LUX,2023,130048.92,Europe
3961,Luxembourg,LUX,2024,128475.28,Europe
3962,Luxembourg,LUX,2025,127420.6,Europe
3963,Macao,MAC,1990,55300.746,Asia
3964,Macao,MAC,1991,54602.055,Asia
3965,Macao,MAC,1992,58652.79,Asia
3966,Macao,MAC,1993,59589.977,Asia
3967,Macao,MAC,1994,60120.66,Asia
3968,Macao,MAC,1995,60205.707,Asia
3969,Macao,MAC,1996,59115.234,Asia
3970,Macao,MAC,1997,58639.523,Asia
3971,Macao,MAC,1998,55296.5,Asia
3972,Macao,MAC,1999,53348.01,Asia
3973,Macao,MAC,2000,55994.76,Asia
3974,Macao,MAC,2001,57173.86,Asia
3975,Macao,MAC,2002,61625.957,Asia
3976,Macao,MAC,2003,67994.78,Asia
3977,Macao,MAC,2004,84004.45,Asia
3978,Macao,MAC,2005,87185.52,Asia
3979,Macao,MAC,2006,93828.32,Asia
3980,Macao,MAC,2007,102879.64,Asia
3981,Macao,MAC,2008,102474.67,Asia
3982,Macao,MAC,2009,104911.14,Asia
3983,Macao,MAC,2010,130758.28,Asia
3984,Macao,MAC,2011,155385.33,Asia
3985,Macao,MAC,2012,164239.27,Asia
3986,Macao,MAC,2013,174569.52,Asia
3987,Macao,MAC,2014,162813.44,Asia
3988,Macao,MAC,2015,123194.07,Asia
3989,Macao,MAC,2016,120530.055,Asia
3990,Macao,MAC,2017,133322.62,Asia
3991,Macao,MAC,2018,139541.16,Asia
3992,Macao,MAC,2019,133453.89,Asia
3993,Macao,MAC,2020,59662.484,Asia
3994,Macao,MAC,2021,73374.445,Asia
3995,Macao,MAC,2022,59921.44,Asia
3996,Macao,MAC,2023,104815.2,Asia
3997,Macao,MAC,2024,111693.5,Asia
3998,Macao,MAC,2025,117098.27,Asia
3999,Madagascar,MDG,1990,1968.2723,Africa
4000,Madagascar,MDG,1991,1789.8417,Africa
4001,Madagascar,MDG,1992,1757.2946,Africa
4002,Madagascar,MDG,1993,1740.2952,Africa
4003,Madagascar,MDG,1994,1686.3419,Africa
4004,Madagascar,MDG,1995,1661.2706,Africa
4005,Madagascar,MDG,1996,1643.3258,Africa
4006,Madagascar,MDG,1997,1649.4481,Africa
4007,Madagascar,MDG,1998,1658.8885,Africa
4008,Madagascar,MDG,1999,1681.3594,Africa
4009,Madagascar,MDG,2000,1701.4432,Africa
4010,Madagascar,MDG,2001,1748.5035,Africa
4011,Madagascar,MDG,2002,1486.4343,Africa
4012,Madagascar,MDG,2003,1584.7493,Africa
4013,Madagascar,MDG,2004,1620.1195,Africa
4014,Madagascar,MDG,2005,1648.1763,Africa
4015,Madagascar,MDG,2006,1686.8634,Africa
4016,Madagascar,MDG,2007,1731.6176,Africa
4017,Madagascar,MDG,2008,1794.4023,Africa
4018,Madagascar,MDG,2009,1673.1555,Africa
4019,Madagascar,MDG,2010,1635.2451,Africa
4020,Madagascar,MDG,2011,1614.5514,Africa
4021,Madagascar,MDG,2012,1617.7908,Africa
4022,Madagascar,MDG,2013,1610.6023,Africa
4023,Madagascar,MDG,2014,1620.3579,Africa
4024,Madagascar,MDG,2015,1627.5806,Africa
4025,Madagascar,MDG,2016,1648.9122,Africa
4026,Madagascar,MDG,2017,1669.7277,Africa
4027,Madagascar,MDG,2018,1678.7863,Africa
4028,Madagascar,MDG,2019,1707.8315,Africa
4029,Madagascar,MDG,2020,1545.7272,Africa
4030,Madagascar,MDG,2021,1577.4325,Africa
4031,Madagascar,MDG,2022,1602.4281,Africa
4032,Madagascar,MDG,2023,1629.6055,Africa
4033,Madagascar,MDG,2024,1659.1503,Africa
4034,Madagascar,MDG,2025,1668.477,Africa
4035,Malawi,MWI,1990,1047.4644,Africa
4036,Malawi,MWI,1991,1104.3905,Africa
4037,Malawi,MWI,1992,994.0365,Africa
4038,Malawi,MWI,1993,1074.5848,Africa
4039,Malawi,MWI,1994,975.8497,Africa
4040,Malawi,MWI,1995,1140.7561,Africa
4041,Malawi,MWI,1996,1200.3206,Africa
4042,Malawi,MWI,1997,1221.094,Africa
4043,Malawi,MWI,1998,1241.5243,Africa
4044,Malawi,MWI,1999,1249.7753,Africa
4045,Malawi,MWI,2000,1239.3917,Africa
4046,Malawi,MWI,2001,1149.5804,Africa
4047,Malawi,MWI,2002,1140.8428,Africa
4048,Malawi,MWI,2003,1176.1239,Africa
4049,Malawi,MWI,2004,1208.2197,Africa
4050,Malawi,MWI,2005,1214.7427,Africa
4051,Malawi,MWI,2006,1237.2739,Africa
4052,Malawi,MWI,2007,1318.3319,Africa
4053,Malawi,MWI,2008,1378.4288,Africa
4054,Malawi,MWI,2009,1449.7261,Africa
4055,Malawi,MWI,2010,1504.3751,Africa
4056,Malawi,MWI,2011,1533.2289,Africa
4057,Malawi,MWI,2012,1518.1481,Africa
4058,Malawi,MWI,2013,1555.5061,Africa
4059,Malawi,MWI,2014,1597.5648,Africa
4060,Malawi,MWI,2015,1597.6914,Africa
4061,Malawi,MWI,2016,1593.5955,Africa
4062,Malawi,MWI,2017,1613.0593,Africa
4063,Malawi,MWI,2018,1638.9166,Africa
4064,Malawi,MWI,2019,1687.2894,Africa
4065,Malawi,MWI,2020,1656.4398,Africa
4066,Malawi,MWI,2021,1687.5936,Africa
4067,Malawi,MWI,2022,1659.9594,Africa
4068,Malawi,MWI,2023,1649.2987,Africa
4069,Malawi,MWI,2024,1634.2466,Africa
4070,Malawi,MWI,2025,1623.0217,Africa
4071,Malaysia,MYS,1990,12013.697,Asia
4072,Malaysia,MYS,1991,12795.05,Asia
4073,Malaysia,MYS,1992,13567.894,Asia
4074,Malaysia,MYS,1993,14533.79,Asia
4075,Malaysia,MYS,1994,15474.015,Asia
4076,Malaysia,MYS,1995,16568.516,Asia
4077,Malaysia,MYS,1996,17771.71,Asia
4078,Malaysia,MYS,1997,18604.514,Asia
4079,Malaysia,MYS,1998,16817.172,Asia
4080,Malaysia,MYS,1999,17428.625,Asia
4081,Malaysia,MYS,2000,18532.91,Asia
4082,Malaysia,MYS,2001,18186.441,Asia
4083,Malaysia,MYS,2002,18708.87,Asia
4084,Malaysia,MYS,2003,19329.006,Asia
4085,Malaysia,MYS,2004,20168.506,Asia
4086,Malaysia,MYS,2005,20767.586,Asia
4087,Malaysia,MYS,2006,21444.486,Asia
4088,Malaysia,MYS,2007,22305.12,Asia
4089,Malaysia,MYS,2008,22898.002,Asia
4090,Malaysia,MYS,2009,22106.643,Asia
4091,Malaysia,MYS,2010,23307.97,Asia
4092,Malaysia,MYS,2011,24115.818,Asia
4093,Malaysia,MYS,2012,25006.36,Asia
4094,Malaysia,MYS,2013,25736.354,Asia
4095,Malaysia,MYS,2014,26818.432,Asia
4096,Malaysia,MYS,2015,27699.627,Asia
4097,Malaysia,MYS,2016,28425.371,Asia
4098,Malaysia,MYS,2017,29551.545,Asia
4099,Malaysia,MYS,2018,30459.965,Asia
4100,Malaysia,MYS,2019,31300.508,Asia
4101,Malaysia,MYS,2020,29200.453,Asia
4102,Malaysia,MYS,2021,29822.85,Asia
4103,Malaysia,MYS,2022,32129.223,Asia
4104,Malaysia,MYS,2023,32857.668,Asia
4105,Malaysia,MYS,2024,34116.23,Asia
4106,Malaysia,MYS,2025,35461.445,Asia
4107,Maldives,MDV,1990,8945.805,Asia
4108,Maldives,MDV,1991,8799.255,Asia
4109,Maldives,MDV,1992,9120.992,Asia
4110,Maldives,MDV,1993,9378.522,Asia
4111,Maldives,MDV,1994,9866.075,Asia
4112,Maldives,MDV,1995,10894.173,Asia
4113,Maldives,MDV,1996,11495.099,Asia
4114,Maldives,MDV,1997,12210.969,Asia
4115,Maldives,MDV,1998,12884.723,Asia
4116,Maldives,MDV,1999,13449.203,Asia
4117,Maldives,MDV,2000,13738.281,Asia
4118,Maldives,MDV,2001,12977.999,Asia
4119,Maldives,MDV,2002,13689.807,Asia
4120,Maldives,MDV,2003,15316.119,Asia
4121,Maldives,MDV,2004,15958.656,Asia
4122,Maldives,MDV,2005,13942.875,Asia
4123,Maldives,MDV,2006,16829.977,Asia
4124,Maldives,MDV,2007,17439.951,Asia
4125,Maldives,MDV,2008,18344.486,Asia
4126,Maldives,MDV,2009,16230.009,Asia
4127,Maldives,MDV,2010,16730.014,Asia
4128,Maldives,MDV,2011,17581.768,Asia
4129,Maldives,MDV,2012,17390.148,Asia
4130,Maldives,MDV,2013,17986.89,Asia
4131,Maldives,MDV,2014,18765.36,Asia
4132,Maldives,MDV,2015,18829.447,Asia
4133,Maldives,MDV,2016,19345.18,Asia
4134,Maldives,MDV,2017,20036.717,Asia
4135,Maldives,MDV,2018,21072.58,Asia
4136,Maldives,MDV,2019,21855.502,Asia
4137,Maldives,MDV,2020,14242.975,Asia
4138,Maldives,MDV,2021,19052.623,Asia
4139,Maldives,MDV,2022,21357.81,Asia
4140,Maldives,MDV,2023,22333.047,Asia
4141,Maldives,MDV,2024,23034.41,Asia
4142,Maldives,MDV,2025,24401.316,Asia
4143,Mali,MLI,1990,1890.5021,Africa
4144,Mali,MLI,1991,2087.919,Africa
4145,Mali,MLI,1992,1942.7285,Africa
4146,Mali,MLI,1993,1985.3806,Africa
4147,Mali,MLI,1994,2051.755,Africa
4148,Mali,MLI,1995,2022.4038,Africa
4149,Mali,MLI,1996,2105.2754,Africa
4150,Mali,MLI,1997,2142.7876,Africa
4151,Mali,MLI,1998,2228.2004,Africa
4152,Mali,MLI,1999,2269.0874,Africa
4153,Mali,MLI,2000,2187.719,Africa
4154,Mali,MLI,2001,2458.4617,Africa
4155,Mali,MLI,2002,2455.6194,Africa
4156,Mali,MLI,2003,2611.837,Africa
4157,Mali,MLI,2004,2565.9775,Africa
4158,Mali,MLI,2005,2546.3328,Africa
4159,Mali,MLI,2006,2555.0747,Africa
4160,Mali,MLI,2007,2515.947,Africa
4161,Mali,MLI,2008,2523.1997,Africa
4162,Mali,MLI,2009,2575.5454,Africa
4163,Mali,MLI,2010,2632.2646,Africa
4164,Mali,MLI,2011,2623.3462,Africa
4165,Mali,MLI,2012,2520.5293,Africa
4166,Mali,MLI,2013,2528.53,Africa
4167,Mali,MLI,2014,2609.1672,Africa
4168,Mali,MLI,2015,2686.5605,Africa
4169,Mali,MLI,2016,2759.1106,Africa
4170,Mali,MLI,2017,2816.1943,Africa
4171,Mali,MLI,2018,2862.4072,Africa
4172,Mali,MLI,2019,2916.1716,Africa
4173,Mali,MLI,2020,2796.4104,Africa
4174,Mali,MLI,2021,2796.228,Africa
4175,Mali,MLI,2022,2813.811,Africa
4176,Mali,MLI,2023,2861.4805,Africa
4177,Mali,MLI,2024,2917.9324,Africa
4178,Mali,MLI,2025,2993.2517,Africa
4179,Malta,MLT,1990,18208.105,Europe
4180,Malta,MLT,1991,18832.83,Europe
4181,Malta,MLT,1992,19513.91,Europe
4182,Malta,MLT,1993,20185.664,Europe
4183,Malta,MLT,1994,21127.85,Europe
4184,Malta,MLT,1995,22311.793,Europe
4185,Malta,MLT,1996,23003.066,Europe
4186,Malta,MLT,1997,24029.787,Europe
4187,Malta,MLT,1998,25097.809,Europe
4188,Malta,MLT,1999,26127.06,Europe
4189,Malta,MLT,2000,31068.078,Europe
4190,Malta,MLT,2001,30602.11,Europe
4191,Malta,MLT,2002,31207.432,Europe
4192,Malta,MLT,2003,32147.875,Europe
4193,Malta,MLT,2004,32062.764,Europe
4194,Malta,MLT,2005,32776.97,Europe
4195,Malta,MLT,2006,33420.715,Europe
4196,Malta,MLT,2007,34981.703,Europe
4197,Malta,MLT,2008,36287.727,Europe
4198,Malta,MLT,2009,35512.676,Europe
4199,Malta,MLT,2010,37528.734,Europe
4200,Malta,MLT,2011,37740.848,Europe
4201,Malta,MLT,2012,38937.15,Europe
4202,Malta,MLT,2013,40921.316,Europe
4203,Malta,MLT,2014,43163.15,Europe
4204,Malta,MLT,2015,46171.89,Europe
4205,Malta,MLT,2016,46967.348,Europe
4206,Malta,MLT,2017,51628.27,Europe
4207,Malta,MLT,2018,53419.004,Europe
4208,Malta,MLT,2019,53393.42,Europe
4209,Malta,MLT,2020,50389.695,Europe
4210,Malta,MLT,2021,56823.996,Europe
4211,Malta,MLT,2022,56874.434,Europe
4212,Malta,MLT,2023,60459.766,Europe
4213,Malta,MLT,2024,62398.49,Europe
4214,Malta,MLT,2025,63655.516,Europe
4215,Marshall Islands,MHL,1990,3906.0862,Oceania
4216,Marshall Islands,MHL,1991,3828.954,Oceania
4217,Marshall Islands,MHL,1992,4029.8574,Oceania
4218,Marshall Islands,MHL,1993,4207.9487,Oceania
4219,Marshall Islands,MHL,1994,4397.478,Oceania
4220,Marshall Islands,MHL,1995,4704.0356,Oceania
4221,Marshall Islands,MHL,1996,4175.3486,Oceania
4222,Marshall Islands,MHL,1997,3867.8384,Oceania
4223,Marshall Islands,MHL,1998,3806.3745,Oceania
4224,Marshall Islands,MHL,1999,3719.2876,Oceania
4225,Marshall Islands,MHL,2000,3772.6992,Oceania
4226,Marshall Islands,MHL,2001,4001.2432,Oceania
4227,Marshall Islands,MHL,2002,4122.3677,Oceania
4228,Marshall Islands,MHL,2003,4041.1729,Oceania
4229,Marshall Islands,MHL,2004,4012.8586,Oceania
4230,Marshall Islands,MHL,2005,4075.681,Oceania
4231,Marshall Islands,MHL,2006,4076.0986,Oceania
4232,Marshall Islands,MHL,2007,4222.954,Oceania
4233,Marshall Islands,MHL,2008,3903.8057,Oceania
4234,Marshall Islands,MHL,2009,4047.7454,Oceania
4235,Marshall Islands,MHL,2010,4269.9053,Oceania
4236,Marshall Islands,MHL,2011,4259.6616,Oceania
4237,Marshall Islands,MHL,2012,4244.588,Oceania
4238,Marshall Islands,MHL,2013,4470.4263,Oceania
4239,Marshall Islands,MHL,2014,4492.5674,Oceania
4240,Marshall Islands,MHL,2015,4670.7075,Oceania
4241,Marshall Islands,MHL,2016,4897.1494,Oceania
4242,Marshall Islands,MHL,2017,5200.0107,Oceania
4243,Marshall Islands,MHL,2018,5636.03,Oceania
4244,Marshall Islands,MHL,2019,6405.8965,Oceania
4245,Marshall Islands,MHL,2020,6418.007,Oceania
4246,Marshall Islands,MHL,2021,6768.8257,Oceania
4247,Marshall Islands,MHL,2022,6937.7534,Oceania
4248,Marshall Islands,MHL,2023,6774.7827,Oceania
4249,Marshall Islands,MHL,2024,7236.868,Oceania
4250,Marshall Islands,MHL,2025,7660.377,Oceania
4251,Mauritania,MRT,1990,5519.6104,Africa
4252,Mauritania,MRT,1991,5456.5557,Africa
4253,Mauritania,MRT,1992,5350.118,Africa
4254,Mauritania,MRT,1993,5439.8223,Africa
4255,Mauritania,MRT,1994,5097.2085,Africa
4256,Mauritania,MRT,1995,5446.2695,Africa
4257,Mauritania,MRT,1996,5650.3413,Africa
4258,Mauritania,MRT,1997,5302.3667,Africa
4259,Mauritania,MRT,1998,5310.158,Africa
4260,Mauritania,MRT,1999,5359.989,Africa
4261,Mauritania,MRT,2000,5008.608,Africa
4262,Mauritania,MRT,2001,4847.4106,Africa
4263,Mauritania,MRT,2002,4806.8984,Africa
4264,Mauritania,MRT,2003,5023.6523,Africa
4265,Mauritania,MRT,2004,5139.2256,Africa
4266,Mauritania,MRT,2005,5445.8296,Africa
4267,Mauritania,MRT,2006,6284.702,Africa
4268,Mauritania,MRT,2007,6002.7783,Africa
4269,Mauritania,MRT,2008,5813.356,Africa
4270,Mauritania,MRT,2009,5639.7876,Africa
4271,Mauritania,MRT,2010,5605.7637,Africa
4272,Mauritania,MRT,2011,5653.2173,Africa
4273,Mauritania,MRT,2012,5716.252,Africa
4274,Mauritania,MRT,2013,5769.7285,Africa
4275,Mauritania,MRT,2014,5837.852,Africa
4276,Mauritania,MRT,2015,5969.5425,Africa
4277,Mauritania,MRT,2016,5866.2812,Africa
4278,Mauritania,MRT,2017,6050.6216,Africa
4279,Mauritania,MRT,2018,6153.6377,Africa
4280,Mauritania,MRT,2019,6162.2104,Africa
4281,Mauritania,MRT,2020,5963.2354,Africa
4282,Mauritania,MRT,2021,5836.566,Africa
4283,Mauritania,MRT,2022,6053.2617,Africa
4284,Mauritania,MRT,2023,6276.475,Africa
4285,Mauritania,MRT,2024,6482.69,Africa
4286,Mauritania,MRT,2025,6559.0435,Africa
4287,Mauritius,MUS,1990,8986.033,Africa
4288,Mauritius,MUS,1991,9283.845,Africa
4289,Mauritius,MUS,1992,9759.22,Africa
4290,Mauritius,MUS,1993,10134.327,Africa
4291,Mauritius,MUS,1994,10406.771,Africa
4292,Mauritius,MUS,1995,10760.058,Africa
4293,Mauritius,MUS,1996,11245.706,Africa
4294,Mauritius,MUS,1997,11737.415,Africa
4295,Mauritius,MUS,1998,12319.887,Africa
4296,Mauritius,MUS,1999,12481.862,Africa
4297,Mauritius,MUS,2000,13373.656,Africa
4298,Mauritius,MUS,2001,13712.579,Africa
4299,Mauritius,MUS,2002,13837.626,Africa
4300,Mauritius,MUS,2003,14551.879,Africa
4301,Mauritius,MUS,2004,15087.068,Africa
4302,Mauritius,MUS,2005,15264.599,Africa
4303,Mauritius,MUS,2006,15932.819,Africa
4304,Mauritius,MUS,2007,16774.568,Africa
4305,Mauritius,MUS,2008,17627.111,Africa
4306,Mauritius,MUS,2009,18171.688,Africa
4307,Mauritius,MUS,2010,18925.572,Africa
4308,Mauritius,MUS,2011,19678.602,Africa
4309,Mauritius,MUS,2012,20313.033,Africa
4310,Mauritius,MUS,2013,20952.377,Africa
4311,Mauritius,MUS,2014,21721.31,Africa
4312,Mauritius,MUS,2015,22499.025,Africa
4313,Mauritius,MUS,2016,23357.23,Africa
4314,Mauritius,MUS,2017,24258.988,Africa
4315,Mauritius,MUS,2018,25243.887,Africa
4316,Mauritius,MUS,2019,25958.49,Africa
4317,Mauritius,MUS,2020,22272.54,Africa
4318,Mauritius,MUS,2021,23010.201,Africa
4319,Mauritius,MUS,2022,25005.066,Africa
4320,Mauritius,MUS,2023,26471.035,Africa
4321,Mauritius,MUS,2024,27844.896,Africa
4322,Mauritius,MUS,2025,28769.514,Africa
4323,Mexico,MEX,1990,17169.592,North America
4324,Mexico,MEX,1991,17511.73,North America
4325,Mexico,MEX,1992,17796.406,North America
4326,Mexico,MEX,1993,17970.588,North America
4327,Mexico,MEX,1994,18422.82,North America
4328,Mexico,MEX,1995,17028.121,North America
4329,Mexico,MEX,1996,17775.873,North America
4330,Mexico,MEX,1997,18737.643,North America
4331,Mexico,MEX,1998,19573.066,North America
4332,Mexico,MEX,1999,19793.285,North America
4333,Mexico,MEX,2000,20470.494,North America
4334,Mexico,MEX,2001,20078.219,North America
4335,Mexico,MEX,2002,19744.793,North America
4336,Mexico,MEX,2003,19701.463,North America
4337,Mexico,MEX,2004,20127.225,North America
4338,Mexico,MEX,2005,20277.256,North America
4339,Mexico,MEX,2006,20965.826,North America
4340,Mexico,MEX,2007,21102.27,North America
4341,Mexico,MEX,2008,20992.56,North America
4342,Mexico,MEX,2009,19385.543,North America
4343,Mexico,MEX,2010,20058.385,North America
4344,Mexico,MEX,2011,20457.6,North America
4345,Mexico,MEX,2012,20898.936,North America
4346,Mexico,MEX,2013,20805.348,North America
4347,Mexico,MEX,2014,21069.766,North America
4348,Mexico,MEX,2015,21408.928,North America
4349,Mexico,MEX,2016,21578.264,North America
4350,Mexico,MEX,2017,21777.523,North America
4351,Mexico,MEX,2018,21997.773,North America
4352,Mexico,MEX,2019,21704.186,North America
4353,Mexico,MEX,2020,19728.482,North America
4354,Mexico,MEX,2021,20782.588,North America
4355,Mexico,MEX,2022,21391.857,North America
4356,Mexico,MEX,2023,21864.924,North America
4357,Mexico,MEX,2024,21970.352,North America
4358,Mexico,MEX,2025,21911.93,North America
4359,Micronesia (country),FSM,1990,3119.8118,Oceania
4360,Micronesia (country),FSM,1991,3290.6667,Oceania
4361,Micronesia (country),FSM,1992,3355.5483,Oceania
4362,Micronesia (country),FSM,1993,3552.115,Oceania
4363,Micronesia (country),FSM,1994,3468.0535,Oceania
4364,Micronesia (country),FSM,1995,3672.4312,Oceania
4365,Micronesia (country),FSM,1996,3534.416,Oceania
4366,Micronesia (country),FSM,1997,3304.1162,Oceania
4367,Micronesia (country),FSM,1998,3388.5125,Oceania
4368,Micronesia (country),FSM,1999,3417.4653,Oceania
4369,Micronesia (country),FSM,2000,3563.8918,Oceania
4370,Micronesia (country),FSM,2001,3618.394,Oceania
4371,Micronesia (country),FSM,2002,3631.7488,Oceania
4372,Micronesia (country),FSM,2003,3701.1326,Oceania
4373,Micronesia (country),FSM,2004,3594.5771,Oceania
4374,Micronesia (country),FSM,2005,3710.1985,Oceania
4375,Micronesia (country),FSM,2006,3717.6577,Oceania
4376,Micronesia (country),FSM,2007,3684.2021,Oceania
4377,Micronesia (country),FSM,2008,3622.0488,Oceania
4378,Micronesia (country),FSM,2009,3702.3613,Oceania
4379,Micronesia (country),FSM,2010,3780.2512,Oceania
4380,Micronesia (country),FSM,2011,3917.4465,Oceania
4381,Micronesia (country),FSM,2012,3847.1475,Oceania
4382,Micronesia (country),FSM,2013,3696.7456,Oceania
4383,Micronesia (country),FSM,2014,3592.819,Oceania
4384,Micronesia (country),FSM,2015,3739.3596,Oceania
4385,Micronesia (country),FSM,2016,3774.032,Oceania
4386,Micronesia (country),FSM,2017,3838.0454,Oceania
4387,Micronesia (country),FSM,2018,3838.6406,Oceania
4388,Micronesia (country),FSM,2019,3965.0537,Oceania
4389,Micronesia (country),FSM,2020,3861.2932,Oceania
4390,Micronesia (country),FSM,2021,3955.7314,Oceania
4391,Micronesia (country),FSM,2022,3815.7947,Oceania
4392,Micronesia (country),FSM,2023,3841.2712,Oceania
4393,Micronesia (country),FSM,2024,3911.2664,Oceania
4394,Micronesia (country),FSM,2025,3934.6426,Oceania
4395,"Middle East, North Africa, Afghanistan and Pakistan (WB)",WB_MENAP,1990,9219.821,
4396,"Middle East, North Africa, Afghanistan and Pakistan (WB)",WB_MENAP,1991,9109.87,
4397,"Middle East, North Africa, Afghanistan and Pakistan (WB)",WB_MENAP,1992,9384.772,
4398,"Middle East, North Africa, Afghanistan and Pakistan (WB)",WB_MENAP,1993,9335.052,
4399,"Middle East, North Africa, Afghanistan and Pakistan (WB)",WB_MENAP,1994,9333.411,
4400,"Middle East, North Africa, Afghanistan and Pakistan (WB)",WB_MENAP,1995,9383.038,
4401,"Middle East, North Africa, Afghanistan and Pakistan (WB)",WB_MENAP,1996,9635.956,
4402,"Middle East, North Africa, Afghanistan and Pakistan (WB)",WB_MENAP,1997,9771.665,
4403,"Middle East, North Africa, Afghanistan and Pakistan (WB)",WB_MENAP,1998,9976.801,
4404,"Middle East, North Africa, Afghanistan and Pakistan (WB)",WB_MENAP,1999,10034.813,
4405,"Middle East, North Africa, Afghanistan and Pakistan (WB)",WB_MENAP,2000,10396.794,
4406,"Middle East, North Africa, Afghanistan and Pakistan (WB)",WB_MENAP,2001,10387.185,
4407,"Middle East, North Africa, Afghanistan and Pakistan (WB)",WB_MENAP,2002,10405.751,
4408,"Middle East, North Africa, Afghanistan and Pakistan (WB)",WB_MENAP,2003,10590.277,
4409,"Middle East, North Africa, Afghanistan and Pakistan (WB)",WB_MENAP,2004,11163.91,
4410,"Middle East, North Africa, Afghanistan and Pakistan (WB)",WB_MENAP,2005,11466.187,
4411,"Middle East, North Africa, Afghanistan and Pakistan (WB)",WB_MENAP,2006,11838.303,
4412,"Middle East, North Africa, Afghanistan and Pakistan (WB)",WB_MENAP,2007,12172.687,
4413,"Middle East, North Africa, Afghanistan and Pakistan (WB)",WB_MENAP,2008,12410.3545,
4414,"Middle East, North Africa, Afghanistan and Pakistan (WB)",WB_MENAP,2009,12328.591,
4415,"Middle East, North Africa, Afghanistan and Pakistan (WB)",WB_MENAP,2010,12644.528,
4416,"Middle East, North Africa, Afghanistan and Pakistan (WB)",WB_MENAP,2011,12878.663,
4417,"Middle East, North Africa, Afghanistan and Pakistan (WB)",WB_MENAP,2012,12998.824,
4418,"Middle East, North Africa, Afghanistan and Pakistan (WB)",WB_MENAP,2013,12974.709,
4419,"Middle East, North Africa, Afghanistan and Pakistan (WB)",WB_MENAP,2014,13125.957,
4420,"Middle East, North Africa, Afghanistan and Pakistan (WB)",WB_MENAP,2015,13274.483,
4421,"Middle East, North Africa, Afghanistan and Pakistan (WB)",WB_MENAP,2016,13660.665,
4422,"Middle East, North Africa, Afghanistan and Pakistan (WB)",WB_MENAP,2017,13738.711,
4423,"Middle East, North Africa, Afghanistan and Pakistan (WB)",WB_MENAP,2018,13857.697,
4424,"Middle East, North Africa, Afghanistan and Pakistan (WB)",WB_MENAP,2019,13875.436,
4425,"Middle East, North Africa, Afghanistan and Pakistan (WB)",WB_MENAP,2020,13261.545,
4426,"Middle East, North Africa, Afghanistan and Pakistan (WB)",WB_MENAP,2021,13667.962,
4427,"Middle East, North Africa, Afghanistan and Pakistan (WB)",WB_MENAP,2022,14260.882,
4428,"Middle East, North Africa, Afghanistan and Pakistan (WB)",WB_MENAP,2023,14315.206,
4429,"Middle East, North Africa, Afghanistan and Pakistan (WB)",WB_MENAP,2024,14391.406,
4430,"Middle East, North Africa, Afghanistan and Pakistan (WB)",WB_MENAP,2025,14512.003,
4431,Moldova,MDA,1990,15902.895,Europe
4432,Moldova,MDA,1991,13342.06,Europe
4433,Moldova,MDA,1992,9461.428,Europe
4434,Moldova,MDA,1993,9363.593,Europe
4435,Moldova,MDA,1994,6490.353,Europe
4436,Moldova,MDA,1995,6428.84,Europe
4437,Moldova,MDA,1996,6063.1406,Europe
4438,Moldova,MDA,1997,6185.8394,Europe
4439,Moldova,MDA,1998,5783.486,Europe
4440,Moldova,MDA,1999,5597.4653,Europe
4441,Moldova,MDA,2000,5727.079,Europe
4442,Moldova,MDA,2001,6090.0347,Europe
4443,Moldova,MDA,2002,6580.2783,Europe
4444,Moldova,MDA,2003,7034.358,Europe
4445,Moldova,MDA,2004,7573.6177,Europe
4446,Moldova,MDA,2005,8161.4736,Europe
4447,Moldova,MDA,2006,8577.028,Europe
4448,Moldova,MDA,2007,8854.834,Europe
4449,Moldova,MDA,2008,9563.698,Europe
4450,Moldova,MDA,2009,9001.234,Europe
4451,Moldova,MDA,2010,9649.951,Europe
4452,Moldova,MDA,2011,10217.309,Europe
4453,Moldova,MDA,2012,10158.386,Europe
4454,Moldova,MDA,2013,11080.063,Europe
4455,Moldova,MDA,2014,11641.121,Europe
4456,Moldova,MDA,2015,11691.08,Europe
4457,Moldova,MDA,2016,12377.366,Europe
4458,Moldova,MDA,2017,13118.822,Europe
4459,Moldova,MDA,2018,13895.504,Europe
4460,Moldova,MDA,2019,14621.24,Europe
4461,Moldova,MDA,2020,13559.26,Europe
4462,Moldova,MDA,2021,15682.07,Europe
4463,Moldova,MDA,2022,15350.3125,Europe
4464,Moldova,MDA,2023,15980.566,Europe
4465,Moldova,MDA,2024,16393.863,Europe
4466,Moldova,MDA,2025,17087.188,Europe
4467,Mongolia,MNG,1990,6637.8193,Asia
4468,Mongolia,MNG,1991,5874.2554,Asia
4469,Mongolia,MNG,1992,5324.488,Asia
4470,Mongolia,MNG,1993,5162.1,Asia
4471,Mongolia,MNG,1994,5213.846,Asia
4472,Mongolia,MNG,1995,5457.685,Asia
4473,Mongolia,MNG,1996,5494.3213,Asia
4474,Mongolia,MNG,1997,5628.1064,Asia
4475,Mongolia,MNG,1998,5735.8438,Asia
4476,Mongolia,MNG,1999,5829.1665,Asia
4477,Mongolia,MNG,2000,5818.243,Asia
4478,Mongolia,MNG,2001,5917.071,Asia
4479,Mongolia,MNG,2002,6117.9824,Asia
4480,Mongolia,MNG,2003,6463.7896,Asia
4481,Mongolia,MNG,2004,7070.667,Asia
4482,Mongolia,MNG,2005,7499.848,Asia
4483,Mongolia,MNG,2006,8043.9966,Asia
4484,Mongolia,MNG,2007,8750.134,Asia
4485,Mongolia,MNG,2008,9379.8545,Asia
4486,Mongolia,MNG,2009,9095.977,Asia
4487,Mongolia,MNG,2010,9507.119,Asia
4488,Mongolia,MNG,2011,10960.096,Asia
4489,Mongolia,MNG,2012,12078.919,Asia
4490,Mongolia,MNG,2013,13210.095,Asia
4491,Mongolia,MNG,2014,13943.428,Asia
4492,Mongolia,MNG,2015,13974.597,Asia
4493,Mongolia,MNG,2016,13898.1455,Asia
4494,Mongolia,MNG,2017,14401.537,Asia
4495,Mongolia,MNG,2018,15230.241,Asia
4496,Mongolia,MNG,2019,15790.696,Asia
4497,Mongolia,MNG,2020,14801.342,Asia
4498,Mongolia,MNG,2021,14792.251,Asia
4499,Mongolia,MNG,2022,15310.435,Asia
4500,Mongolia,MNG,2023,16222.864,Asia
4501,Mongolia,MNG,2024,16842.65,Asia
4502,Mongolia,MNG,2025,17772.535,Asia
4503,Montenegro,MNE,1997,14638.736,Europe
4504,Montenegro,MNE,1998,15402.988,Europe
4505,Montenegro,MNE,1999,13993.357,Europe
4506,Montenegro,MNE,2000,14452.216,Europe
4507,Montenegro,MNE,2001,14552.496,Europe
4508,Montenegro,MNE,2002,14770.255,Europe
4509,Montenegro,MNE,2003,15076.651,Europe
4510,Montenegro,MNE,2004,15716.075,Europe
4511,Montenegro,MNE,2005,16348.899,Europe
4512,Montenegro,MNE,2006,17727.365,Europe
4513,Montenegro,MNE,2007,18966.453,Europe
4514,Montenegro,MNE,2008,20238.922,Europe
4515,Montenegro,MNE,2009,18984.938,Europe
4516,Montenegro,MNE,2010,19476.162,Europe
4517,Montenegro,MNE,2011,20110.486,Europe
4518,Montenegro,MNE,2012,19576.412,Europe
4519,Montenegro,MNE,2013,20201.291,Europe
4520,Montenegro,MNE,2014,20641.764,Europe
4521,Montenegro,MNE,2015,21131.842,Europe
4522,Montenegro,MNE,2016,21834.092,Europe
4523,Montenegro,MNE,2017,22513.781,Europe
4524,Montenegro,MNE,2018,23562.176,Europe
4525,Montenegro,MNE,2019,24585.115,Europe
4526,Montenegro,MNE,2020,20904.6,Europe
4527,Montenegro,MNE,2021,23689.979,Europe
4528,Montenegro,MNE,2022,25583.316,Europe
4529,Montenegro,MNE,2023,27243.404,Europe
4530,Montenegro,MNE,2024,28105.592,Europe
4531,Montenegro,MNE,2025,28895.316,Europe
4532,Morocco,MAR,1990,4418.66,Africa
4533,Morocco,MAR,1991,4656.126,Africa
4534,Morocco,MAR,1992,4483.2495,Africa
4535,Morocco,MAR,1993,4379.764,Africa
4536,Morocco,MAR,1994,4771.093,Africa
4537,Morocco,MAR,1995,4444.2285,Africa
4538,Morocco,MAR,1996,4916.48,Africa
4539,Morocco,MAR,1997,4766.1104,Africa
4540,Morocco,MAR,1998,5033.9233,Africa
4541,Morocco,MAR,1999,5043.665,Africa
4542,Morocco,MAR,2000,5100.1157,Africa
4543,Morocco,MAR,2001,5417.5786,Africa
4544,Morocco,MAR,2002,5544.072,Africa
4545,Morocco,MAR,2003,5810.053,Africa
4546,Morocco,MAR,2004,5996.39,Africa
4547,Morocco,MAR,2005,6103.4224,Africa
4548,Morocco,MAR,2006,6488.674,Africa
4549,Morocco,MAR,2007,6620.5903,Africa
4550,Morocco,MAR,2008,6901.9507,Africa
4551,Morocco,MAR,2009,7063.727,Africa
4552,Morocco,MAR,2010,7210.6367,Africa
4553,Morocco,MAR,2011,7503.793,Africa
4554,Morocco,MAR,2012,7628.644,Africa
4555,Morocco,MAR,2013,7839.032,Africa
4556,Morocco,MAR,2014,7951.7983,Africa
4557,Morocco,MAR,2015,8198.809,Africa
4558,Morocco,MAR,2016,8141.9404,Africa
4559,Morocco,MAR,2017,8450.009,Africa
4560,Morocco,MAR,2018,8611.75,Africa
4561,Morocco,MAR,2019,8768.176,Africa
4562,Morocco,MAR,2020,8054.563,Africa
4563,Morocco,MAR,2021,8623.266,Africa
4564,Morocco,MAR,2022,8690.448,Africa
4565,Morocco,MAR,2023,8915.352,Africa
4566,Morocco,MAR,2024,9162.747,Africa
4567,Morocco,MAR,2025,9495.405,Africa
4568,Mozambique,MOZ,1990,547.6228,Africa
4569,Mozambique,MOZ,1991,563.5121,Africa
4570,Mozambique,MOZ,1992,510.8228,Africa
4571,Mozambique,MOZ,1993,549.04877,Africa
4572,Mozambique,MOZ,1994,546.2097,Africa
4573,Mozambique,MOZ,1995,525.4187,Africa
4574,Mozambique,MOZ,1996,562.8575,Africa
4575,Mozambique,MOZ,1997,612.3715,Africa
4576,Mozambique,MOZ,1998,660.6502,Africa
4577,Mozambique,MOZ,1999,722.30554,Africa
4578,Mozambique,MOZ,2000,711.9764,Africa
4579,Mozambique,MOZ,2001,785.79016,Africa
4580,Mozambique,MOZ,2002,842.64526,Africa
4581,Mozambique,MOZ,2003,883.23914,Africa
4582,Mozambique,MOZ,2004,934.134,Africa
4583,Mozambique,MOZ,2005,970.38995,Africa
4584,Mozambique,MOZ,2006,1041.8047,Africa
4585,Mozambique,MOZ,2007,1095.1257,Africa
4586,Mozambique,MOZ,2008,1141.9425,Africa
4587,Mozambique,MOZ,2009,1178.7091,Africa
4588,Mozambique,MOZ,2010,1224.2302,Africa
4589,Mozambique,MOZ,2011,1275.5295,Africa
4590,Mozambique,MOZ,2012,1338.516,Africa
4591,Mozambique,MOZ,2013,1385.8325,Africa
4592,Mozambique,MOZ,2014,1449.9293,Africa
4593,Mozambique,MOZ,2015,1512.5997,Africa
4594,Mozambique,MOZ,2016,1537.9086,Africa
4595,Mozambique,MOZ,2017,1532.0073,Africa
4596,Mozambique,MOZ,2018,1538.8351,Africa
4597,Mozambique,MOZ,2019,1528.8899,Africa
4598,Mozambique,MOZ,2020,1466.1248,Africa
4599,Mozambique,MOZ,2021,1457.2354,Africa
4600,Mozambique,MOZ,2022,1476.7344,Africa
4601,Mozambique,MOZ,2023,1512.6672,Africa
4602,Mozambique,MOZ,2024,1500.7076,Africa
4603,Mozambique,MOZ,2025,1450.9596,Africa
4604,Myanmar,MMR,1990,775.32825,Asia
4605,Myanmar,MMR,1991,759.2828,Asia
4606,Myanmar,MMR,1992,821.32776,Asia
4607,Myanmar,MMR,1993,859.3455,Asia
4608,Myanmar,MMR,1994,911.46844,Asia
4609,Myanmar,MMR,1995,962.2094,Asia
4610,Myanmar,MMR,1996,1011.1599,Asia
4611,Myanmar,MMR,1997,1054.7675,Asia
4612,Myanmar,MMR,1998,1102.791,Asia
4613,Myanmar,MMR,1999,1209.0165,Asia
4614,Myanmar,MMR,2000,1359.9304,Asia
4615,Myanmar,MMR,2001,1498.3116,Asia
4616,Myanmar,MMR,2002,1661.7358,Asia
4617,Myanmar,MMR,2003,1874.1713,Asia
4618,Myanmar,MMR,2004,2110.2373,Asia
4619,Myanmar,MMR,2005,2377.9026,Asia
4620,Myanmar,MMR,2006,2669.327,Asia
4621,Myanmar,MMR,2007,2968.3032,Asia
4622,Myanmar,MMR,2008,3254.739,Asia
4623,Myanmar,MMR,2009,3578.1743,Asia
4624,Myanmar,MMR,2010,3893.7903,Asia
4625,Myanmar,MMR,2011,4078.6123,Asia
4626,Myanmar,MMR,2012,4340.9995,Asia
4627,Myanmar,MMR,2013,4666.9536,Asia
4628,Myanmar,MMR,2014,5006.507,Asia
4629,Myanmar,MMR,2015,5313.886,Asia
4630,Myanmar,MMR,2016,5580.9897,Asia
4631,Myanmar,MMR,2017,5877.8745,Asia
4632,Myanmar,MMR,2018,6201.263,Asia
4633,Myanmar,MMR,2019,6562.989,Asia
4634,Myanmar,MMR,2020,5926.8345,Asia
4635,Myanmar,MMR,2021,5178.4473,Asia
4636,Myanmar,MMR,2022,5350.4766,Asia
4637,Myanmar,MMR,2023,5364.138,Asia
4638,Myanmar,MMR,2024,5276.2944,Asia
4639,Myanmar,MMR,2025,5137.1006,Asia
4640,Namibia,NAM,1990,7281.779,Africa
4641,Namibia,NAM,1991,7618.333,Africa
4642,Namibia,NAM,1992,7911.0103,Africa
4643,Namibia,NAM,1993,7541.561,Africa
4644,Namibia,NAM,1994,7437.3354,Africa
4645,Namibia,NAM,1995,7506.105,Africa
4646,Namibia,NAM,1996,7538.925,Africa
4647,Namibia,NAM,1997,7656.325,Africa
4648,Namibia,NAM,1998,7709.89,Africa
4649,Namibia,NAM,1999,7773.9434,Africa
4650,Namibia,NAM,2000,7858.3877,Africa
4651,Namibia,NAM,2001,7786.5415,Africa
4652,Namibia,NAM,2002,8017.2812,Africa
4653,Namibia,NAM,2003,8237.366,Africa
4654,Namibia,NAM,2004,9130.824,Africa
4655,Namibia,NAM,2005,9245.137,Africa
4656,Namibia,NAM,2006,9773.298,Africa
4657,Namibia,NAM,2007,10162.24,Africa
4658,Namibia,NAM,2008,10286.513,Africa
4659,Namibia,NAM,2009,10166.29,Africa
4660,Namibia,NAM,2010,10614.62,Africa
4661,Namibia,NAM,2011,10965.273,Africa
4662,Namibia,NAM,2012,11266.609,Africa
4663,Namibia,NAM,2013,11593.575,Africa
4664,Namibia,NAM,2014,11982.696,Africa
4665,Namibia,NAM,2015,12166.565,Africa
4666,Namibia,NAM,2016,11846.788,Africa
4667,Namibia,NAM,2017,11408.726,Africa
4668,Namibia,NAM,2018,11214.386,Africa
4669,Namibia,NAM,2019,10813.305,Africa
4670,Namibia,NAM,2020,9652.248,Africa
4671,Namibia,NAM,2021,9709.1,Africa
4672,Namibia,NAM,2022,9953.098,Africa
4673,Namibia,NAM,2023,10126.236,Africa
4674,Namibia,NAM,2024,10276.368,Africa
4675,Namibia,NAM,2025,10242.284,Africa
4676,Nauru,NRU,1990,30127.227,Oceania
4677,Nauru,NRU,1991,23840.014,Oceania
4678,Nauru,NRU,1992,19622.902,Oceania
4679,Nauru,NRU,1993,16328.227,Oceania
4680,Nauru,NRU,1994,15642.762,Oceania
4681,Nauru,NRU,1995,14363.641,Oceania
4682,Nauru,NRU,1996,12637.795,Oceania
4683,Nauru,NRU,1997,11490.462,Oceania
4684,Nauru,NRU,1998,10134.974,Oceania
4685,Nauru,NRU,1999,9479.513,Oceania
4686,Nauru,NRU,2000,8846.081,Oceania
4687,Nauru,NRU,2001,8278.926,Oceania
4688,Nauru,NRU,2002,7488.8916,Oceania
4689,Nauru,NRU,2003,7527.3755,Oceania
4690,Nauru,NRU,2004,7201.871,Oceania
4691,Nauru,NRU,2005,7209.7544,Oceania
4692,Nauru,NRU,2006,7830.7183,Oceania
4693,Nauru,NRU,2007,6110.384,Oceania
4694,Nauru,NRU,2008,7340.519,Oceania
4695,Nauru,NRU,2009,6927.867,Oceania
4696,Nauru,NRU,2010,6909.242,Oceania
4697,Nauru,NRU,2011,7882.141,Oceania
4698,Nauru,NRU,2012,9640.802,Oceania
4699,Nauru,NRU,2013,9799.738,Oceania
4700,Nauru,NRU,2014,11114.392,Oceania
4701,Nauru,NRU,2015,11271.912,Oceania
4702,Nauru,NRU,2016,11531.363,Oceania
4703,Nauru,NRU,2017,10633.276,Oceania
4704,Nauru,NRU,2018,10402.613,Oceania
4705,Nauru,NRU,2019,11184.528,Oceania
4706,Nauru,NRU,2020,11306.0205,Oceania
4707,Nauru,NRU,2021,12113.788,Oceania
4708,Nauru,NRU,2022,12019.35,Oceania
4709,Nauru,NRU,2023,11858.519,Oceania
4710,Nauru,NRU,2024,11957.879,Oceania
4711,Nauru,NRU,2025,12134.892,Oceania
4712,Nepal,NPL,1990,1808.2649,Asia
4713,Nepal,NPL,1991,1874.2751,Asia
4714,Nepal,NPL,1992,1896.9717,Asia
4715,Nepal,NPL,1993,1916.9435,Asia
4716,Nepal,NPL,1994,2023.1152,Asia
4717,Nepal,NPL,1995,2043.6052,Asia
4718,Nepal,NPL,1996,2105.5083,Asia
4719,Nepal,NPL,1997,2166.3127,Asia
4720,Nepal,NPL,1998,2188.222,Asia
4721,Nepal,NPL,1999,2242.6501,Asia
4722,Nepal,NPL,2000,2340.8157,Asia
4723,Nepal,NPL,2001,2413.8142,Asia
4724,Nepal,NPL,2002,2380.2441,Asia
4725,Nepal,NPL,2003,2439.4949,Asia
4726,Nepal,NPL,2004,2521.541,Asia
4727,Nepal,NPL,2005,2580.231,Asia
4728,Nepal,NPL,2006,2641.348,Asia
4729,Nepal,NPL,2007,2708.7144,Asia
4730,Nepal,NPL,2008,2852.6099,Asia
4731,Nepal,NPL,2009,2961.839,Asia
4732,Nepal,NPL,2010,3085.314,Asia
4733,Nepal,NPL,2011,3176.6504,Asia
4734,Nepal,NPL,2012,3316.5007,Asia
4735,Nepal,NPL,2013,3426.5579,Asia
4736,Nepal,NPL,2014,3621.7317,Asia
4737,Nepal,NPL,2015,3745.2617,Asia
4738,Nepal,NPL,2016,3743.7446,Asia
4739,Nepal,NPL,2017,4071.7043,Asia
4740,Nepal,NPL,2018,4371.3857,Asia
4741,Nepal,NPL,2019,4607.5244,Asia
4742,Nepal,NPL,2020,4412.542,Asia
4743,Nepal,NPL,2021,4546.2295,Asia
4744,Nepal,NPL,2022,4763.3877,Asia
4745,Nepal,NPL,2023,4861.2305,Asia
4746,Nepal,NPL,2024,5047.4243,Asia
4747,Nepal,NPL,2025,5276.924,Asia
4748,Netherlands,NLD,1990,43128.31,Europe
4749,Netherlands,NLD,1991,43833.477,Europe
4750,Netherlands,NLD,1992,44245.52,Europe
4751,Netherlands,NLD,1993,44490.75,Europe
4752,Netherlands,NLD,1994,45532.797,Europe
4753,Netherlands,NLD,1995,46720.28,Europe
4754,Netherlands,NLD,1996,48095.99,Europe
4755,Netherlands,NLD,1997,49881.895,Europe
4756,Netherlands,NLD,1998,51879.36,Europe
4757,Netherlands,NLD,1999,54134.35,Europe
4758,Netherlands,NLD,2000,56016.832,Europe
4759,Netherlands,NLD,2001,56887.4,Europe
4760,Netherlands,NLD,2002,56664.402,Europe
4761,Netherlands,NLD,2003,56452.87,Europe
4762,Netherlands,NLD,2004,57391.35,Europe
4763,Netherlands,NLD,2005,58422.03,Europe
4764,Netherlands,NLD,2006,60391.516,Europe
4765,Netherlands,NLD,2007,62601.66,Europe
4766,Netherlands,NLD,2008,63678.402,Europe
4767,Netherlands,NLD,2009,61029.734,Europe
4768,Netherlands,NLD,2010,61518.58,Europe
4769,Netherlands,NLD,2011,62318.14,Europe
4770,Netherlands,NLD,2012,61480.84,Europe
4771,Netherlands,NLD,2013,61281.312,Europe
4772,Netherlands,NLD,2014,62045.848,Europe
4773,Netherlands,NLD,2015,63081.41,Europe
4774,Netherlands,NLD,2016,64267.746,Europe
4775,Netherlands,NLD,2017,65665.99,Europe
4776,Netherlands,NLD,2018,66758.24,Europe
4777,Netherlands,NLD,2019,67847.88,Europe
4778,Netherlands,NLD,2020,64862.188,Europe
4779,Netherlands,NLD,2021,68573.56,Europe
4780,Netherlands,NLD,2022,71324.04,Europe
4781,Netherlands,NLD,2023,70198.95,Europe
4782,Netherlands,NLD,2024,70493.91,Europe
4783,Netherlands,NLD,2025,71378.484,Europe
4784,New Zealand,NZL,1990,30785.701,Oceania
4785,New Zealand,NZL,1991,29014.15,Oceania
4786,New Zealand,NZL,1992,29029.582,Oceania
4787,New Zealand,NZL,1993,30532.588,Oceania
4788,New Zealand,NZL,1994,31669.541,Oceania
4789,New Zealand,NZL,1995,32687.465,Oceania
4790,New Zealand,NZL,1996,33329.53,Oceania
4791,New Zealand,NZL,1997,33577.727,Oceania
4792,New Zealand,NZL,1998,33565.73,Oceania
4793,New Zealand,NZL,1999,35187.234,Oceania
4794,New Zealand,NZL,2000,35984.63,Oceania
4795,New Zealand,NZL,2001,36995.06,Oceania
4796,New Zealand,NZL,2002,38072.27,Oceania
4797,New Zealand,NZL,2003,39092.344,Oceania
4798,New Zealand,NZL,2004,40091.14,Oceania
4799,New Zealand,NZL,2005,40970.297,Oceania
4800,New Zealand,NZL,2006,41596.832,Oceania
4801,New Zealand,NZL,2007,42473.117,Oceania
4802,New Zealand,NZL,2008,41682.246,Oceania
4803,New Zealand,NZL,2009,41251.0,Oceania
4804,New Zealand,NZL,2010,41395.37,Oceania
4805,New Zealand,NZL,2011,41961.92,Oceania
4806,New Zealand,NZL,2012,42693.42,Oceania
4807,New Zealand,NZL,2013,43453.28,Oceania
4808,New Zealand,NZL,2014,44369.766,Oceania
4809,New Zealand,NZL,2015,45097.016,Oceania
4810,New Zealand,NZL,2016,45746.137,Oceania
4811,New Zealand,NZL,2017,46285.98,Oceania
4812,New Zealand,NZL,2018,46974.684,Oceania
4813,New Zealand,NZL,2019,47392.19,Oceania
4814,New Zealand,NZL,2020,46326.38,Oceania
4815,New Zealand,NZL,2021,48202.09,Oceania
4816,New Zealand,NZL,2022,49842.984,Oceania
4817,New Zealand,NZL,2023,49592.586,Oceania
4818,New Zealand,NZL,2024,48325.363,Oceania
4819,New Zealand,NZL,2025,48232.664,Oceania
4820,Nicaragua,NIC,1990,4217.6084,North America
4821,Nicaragua,NIC,1991,4113.687,North America
4822,Nicaragua,NIC,1992,4037.2751,North America
4823,Nicaragua,NIC,1993,3934.0925,North America
4824,Nicaragua,NIC,1994,3979.985,North America
4825,Nicaragua,NIC,1995,4130.2856,North America
4826,Nicaragua,NIC,1996,4311.4927,North America
4827,Nicaragua,NIC,1997,4408.3286,North America
4828,Nicaragua,NIC,1998,4502.598,North America
4829,Nicaragua,NIC,1999,4750.9487,North America
4830,Nicaragua,NIC,2000,4878.2476,North America
4831,Nicaragua,NIC,2001,4958.3276,North America
4832,Nicaragua,NIC,2002,4935.485,North America
4833,Nicaragua,NIC,2003,5000.6113,North America
4834,Nicaragua,NIC,2004,5204.382,North America
4835,Nicaragua,NIC,2005,5356.958,North America
4836,Nicaragua,NIC,2006,5500.4053,North America
4837,Nicaragua,NIC,2007,5697.211,North America
4838,Nicaragua,NIC,2008,5809.099,North America
4839,Nicaragua,NIC,2009,5538.3657,North America
4840,Nicaragua,NIC,2010,5701.1274,North America
4841,Nicaragua,NIC,2011,5976.2524,North America
4842,Nicaragua,NIC,2012,6275.787,North America
4843,Nicaragua,NIC,2013,6494.1494,North America
4844,Nicaragua,NIC,2014,6712.2173,North America
4845,Nicaragua,NIC,2015,6939.032,North America
4846,Nicaragua,NIC,2016,7158.7573,North America
4847,Nicaragua,NIC,2017,7391.1963,North America
4848,Nicaragua,NIC,2018,7049.027,North America
4849,Nicaragua,NIC,2019,6756.5933,North America
4850,Nicaragua,NIC,2020,6523.3696,North America
4851,Nicaragua,NIC,2021,7119.169,North America
4852,Nicaragua,NIC,2022,7277.8203,North America
4853,Nicaragua,NIC,2023,7496.531,North America
4854,Nicaragua,NIC,2024,7661.094,North America
4855,Nicaragua,NIC,2025,7933.489,North America
4856,Niger,NER,1990,1420.2306,Africa
4857,Niger,NER,1991,1370.8357,Africa
4858,Niger,NER,1992,1355.3309,Africa
4859,Niger,NER,1993,1317.386,Africa
4860,Niger,NER,1994,1299.35,Africa
4861,Niger,NER,1995,1287.9364,Africa
4862,Niger,NER,1996,1246.8351,Africa
4863,Niger,NER,1997,1224.5393,Africa
4864,Niger,NER,1998,1301.845,Africa
4865,Niger,NER,1999,1255.0541,Africa
4866,Niger,NER,2000,1197.6348,Africa
4867,Niger,NER,2001,1240.3855,Africa
4868,Niger,NER,2002,1256.237,Africa
4869,Niger,NER,2003,1238.5878,Africa
4870,Niger,NER,2004,1199.1594,Africa
4871,Niger,NER,2005,1241.2007,Africa
4872,Niger,NER,2006,1267.6014,Africa
4873,Niger,NER,2007,1260.1854,Africa
4874,Niger,NER,2008,1308.2751,Africa
4875,Niger,NER,2009,1285.2776,Africa
4876,Niger,NER,2010,1344.4989,Africa
4877,Niger,NER,2011,1325.9265,Africa
4878,Niger,NER,2012,1411.52,Africa
4879,Niger,NER,2013,1431.7112,Africa
4880,Niger,NER,2014,1471.5055,Africa
4881,Niger,NER,2015,1480.3982,Africa
4882,Niger,NER,2016,1488.0864,Africa
4883,Niger,NER,2017,1515.483,Africa
4884,Niger,NER,2018,1565.0197,Africa
4885,Niger,NER,2019,1605.1948,Africa
4886,Niger,NER,2020,1622.2787,Africa
4887,Niger,NER,2021,1587.8479,Africa
4888,Niger,NER,2022,1724.897,Africa
4889,Niger,NER,2023,1712.9703,Africa
4890,Niger,NER,2024,1795.6527,Africa
4891,Niger,NER,2025,1860.5486,Africa
4892,Nigeria,NGA,1990,5423.807,Africa
4893,Nigeria,NGA,1991,5301.3633,Africa
4894,Nigeria,NGA,1992,5403.1533,Africa
4895,Nigeria,NGA,1993,5154.758,Africa
4896,Nigeria,NGA,1994,4929.268,Africa
4897,Nigeria,NGA,1995,4797.5117,Africa
4898,Nigeria,NGA,1996,4869.8213,Africa
4899,Nigeria,NGA,1997,4884.0474,Africa
4900,Nigeria,NGA,1998,4880.88,Africa
4901,Nigeria,NGA,1999,4781.6733,Africa
4902,Nigeria,NGA,2000,4889.0034,Africa
4903,Nigeria,NGA,2001,5039.549,Africa
4904,Nigeria,NGA,2002,5654.897,Africa
4905,Nigeria,NGA,2003,5905.315,Africa
4906,Nigeria,NGA,2004,6275.299,Africa
4907,Nigeria,NGA,2005,6496.932,Africa
4908,Nigeria,NGA,2006,6702.9453,Africa
4909,Nigeria,NGA,2007,6949.4263,Africa
4910,Nigeria,NGA,2008,7215.7695,Africa
4911,Nigeria,NGA,2009,7581.406,Africa
4912,Nigeria,NGA,2010,7962.6396,Africa
4913,Nigeria,NGA,2011,8153.5317,Africa
4914,Nigeria,NGA,2012,8265.905,Africa
4915,Nigeria,NGA,2013,8581.208,Africa
4916,Nigeria,NGA,2014,8884.774,Africa
4917,Nigeria,NGA,2015,8892.058,Africa
4918,Nigeria,NGA,2016,8534.692,Africa
4919,Nigeria,NGA,2017,8396.784,Africa
4920,Nigeria,NGA,2018,8362.623,Africa
4921,Nigeria,NGA,2019,8361.787,Africa
4922,Nigeria,NGA,2020,7664.211,Africa
4923,Nigeria,NGA,2021,7588.479,Africa
4924,Nigeria,NGA,2022,7752.262,Africa
4925,Nigeria,NGA,2023,7843.004,Africa
4926,Nigeria,NGA,2024,7994.0376,Africa
4927,Nigeria,NGA,2025,8145.148,Africa
4928,North America (WB),WB_NA,1990,44001.285,
4929,North America (WB),WB_NA,1991,43294.68,
4930,North America (WB),WB_NA,1992,44109.516,
4931,North America (WB),WB_NA,1993,44735.84,
4932,North America (WB),WB_NA,1994,45994.637,
4933,North America (WB),WB_NA,1995,46677.727,
4934,North America (WB),WB_NA,1996,47799.004,
4935,North America (WB),WB_NA,1997,49330.715,
4936,North America (WB),WB_NA,1998,50936.816,
4937,North America (WB),WB_NA,1999,52798.977,
4938,North America (WB),WB_NA,2000,54402.344,
4939,North America (WB),WB_NA,2001,54420.586,
4940,North America (WB),WB_NA,2002,54887.402,
4941,North America (WB),WB_NA,2003,55889.062,
4942,North America (WB),WB_NA,2004,57467.363,
4943,North America (WB),WB_NA,2005,58908.258,
4944,North America (WB),WB_NA,2006,59957.82,
4945,North America (WB),WB_NA,2007,60581.977,
4946,North America (WB),WB_NA,2008,60117.48,
4947,North America (WB),WB_NA,2009,58023.637,
4948,North America (WB),WB_NA,2010,59088.918,
4949,North America (WB),WB_NA,2011,59609.086,
4950,North America (WB),WB_NA,2012,60442.125,
4951,North America (WB),WB_NA,2013,61249.65,
4952,North America (WB),WB_NA,2014,62302.766,
4953,North America (WB),WB_NA,2015,63503.58,
4954,North America (WB),WB_NA,2016,64087.453,
4955,North America (WB),WB_NA,2017,65208.285,
4956,North America (WB),WB_NA,2018,66679.836,
4957,North America (WB),WB_NA,2019,67946.34,
4958,North America (WB),WB_NA,2020,66040.875,
4959,North America (WB),WB_NA,2021,69953.484,
4960,North America (WB),WB_NA,2022,71345.56,
4961,North America (WB),WB_NA,2023,72628.195,
4962,North America (WB),WB_NA,2024,73737.56,
4963,North America (WB),WB_NA,2025,74879.07,
4964,North Macedonia,MKD,1990,12904.487,Europe
4965,North Macedonia,MKD,1991,12153.498,Europe
4966,North Macedonia,MKD,1992,11486.729,Europe
4967,North Macedonia,MKD,1993,10764.702,Europe
4968,North Macedonia,MKD,1994,10650.739,Europe
4969,North Macedonia,MKD,1995,10501.089,Europe
4970,North Macedonia,MKD,1996,10551.522,Europe
4971,North Macedonia,MKD,1997,10787.53,Europe
4972,North Macedonia,MKD,1998,11092.829,Europe
4973,North Macedonia,MKD,1999,11518.957,Europe
4974,North Macedonia,MKD,2000,11988.245,Europe
4975,North Macedonia,MKD,2001,11571.812,Europe
4976,North Macedonia,MKD,2002,11830.263,Europe
4977,North Macedonia,MKD,2003,12077.849,Europe
4978,North Macedonia,MKD,2004,12683.381,Europe
4979,North Macedonia,MKD,2005,13354.461,Europe
4980,North Macedonia,MKD,2006,14118.2295,Europe
4981,North Macedonia,MKD,2007,15118.244,Europe
4982,North Macedonia,MKD,2008,16038.041,Europe
4983,North Macedonia,MKD,2009,16084.228,Europe
4984,North Macedonia,MKD,2010,16731.09,Europe
4985,North Macedonia,MKD,2011,17201.236,Europe
4986,North Macedonia,MKD,2012,17189.996,Europe
4987,North Macedonia,MKD,2013,17758.229,Europe
4988,North Macedonia,MKD,2014,18452.207,Europe
4989,North Macedonia,MKD,2015,19215.074,Europe
4990,North Macedonia,MKD,2016,19825.773,Europe
4991,North Macedonia,MKD,2017,20121.05,Europe
4992,North Macedonia,MKD,2018,20805.922,Europe
4993,North Macedonia,MKD,2019,21766.885,Europe
4994,North Macedonia,MKD,2020,20971.441,Europe
4995,North Macedonia,MKD,2021,22144.193,Europe
4996,North Macedonia,MKD,2022,22822.234,Europe
4997,North Macedonia,MKD,2023,23455.223,Europe
4998,North Macedonia,MKD,2024,24203.186,Europe
4999,North Macedonia,MKD,2025,25094.623,Europe
5000,Norway,NOR,1990,56608.254,Europe
5001,Norway,NOR,1991,57949.7,Europe
5002,Norway,NOR,1992,59669.758,Europe
5003,Norway,NOR,1993,61019.816,Europe
5004,Norway,NOR,1994,63730.895,Europe
5005,Norway,NOR,1995,66033.88,Europe
5006,Norway,NOR,1996,68964.98,Europe
5007,Norway,NOR,1997,72084.81,Europe
5008,Norway,NOR,1998,73610.19,Europe
5009,Norway,NOR,1999,74703.52,Europe
5010,Norway,NOR,2000,76775.945,Europe
5011,Norway,NOR,2001,78041.016,Europe
5012,Norway,NOR,2002,78752.59,Europe
5013,Norway,NOR,2003,79150.4,Europe
5014,Norway,NOR,2004,82091.195,Europe
5015,Norway,NOR,2005,83955.336,Europe
5016,Norway,NOR,2006,85653.14,Europe
5017,Norway,NOR,2007,87670.86,Europe
5018,Norway,NOR,2008,87297.4,Europe
5019,Norway,NOR,2009,84812.69,Europe
5020,Norway,NOR,2010,84604.516,Europe
5021,Norway,NOR,2011,84670.836,Europe
5022,Norway,NOR,2012,85925.875,Europe
5023,Norway,NOR,2013,85973.766,Europe
5024,Norway,NOR,2014,86790.79,Europe
5025,Norway,NOR,2015,87688.12,Europe
5026,Norway,NOR,2016,88041.64,Europe
5027,Norway,NOR,2017,89664.91,Europe
5028,Norway,NOR,2018,90064.07,Europe
5029,Norway,NOR,2019,90772.9,Europe
5030,Norway,NOR,2020,89012.27,Europe
5031,Norway,NOR,2021,92205.77,Europe
5032,Norway,NOR,2022,95109.82,Europe
5033,Norway,NOR,2023,94364.96,Europe
5034,Norway,NOR,2024,94803.67,Europe
5035,Norway,NOR,2025,95173.43,Europe
5036,Oman,OMN,1990,35201.55,Asia
5037,Oman,OMN,1991,35574.676,Asia
5038,Oman,OMN,1992,36841.402,Asia
5039,Oman,OMN,1993,37455.34,Asia
5040,Oman,OMN,1994,37782.723,Asia
5041,Oman,OMN,1995,38946.773,Asia
5042,Oman,OMN,1996,39455.83,Asia
5043,Oman,OMN,1997,41191.03,Asia
5044,Oman,OMN,1998,40574.676,Asia
5045,Oman,OMN,1999,40145.93,Asia
5046,Oman,OMN,2000,42086.043,Asia
5047,Oman,OMN,2001,43492.285,Asia
5048,Oman,OMN,2002,42654.15,Asia
5049,Oman,OMN,2003,41247.586,Asia
5050,Oman,OMN,2004,41351.77,Asia
5051,Oman,OMN,2005,41551.14,Asia
5052,Oman,OMN,2006,42540.44,Asia
5053,Oman,OMN,2007,43696.97,Asia
5054,Oman,OMN,2008,46586.395,Asia
5055,Oman,OMN,2009,48304.117,Asia
5056,Oman,OMN,2010,48191.613,Asia
5057,Oman,OMN,2011,44440.31,Asia
5058,Oman,OMN,2012,41964.082,Asia
5059,Oman,OMN,2013,40854.484,Asia
5060,Oman,OMN,2014,39639.99,Asia
5061,Oman,OMN,2015,39813.79,Asia
5062,Oman,OMN,2016,39860.99,Asia
5063,Oman,OMN,2017,38691.11,Asia
5064,Oman,OMN,2018,38673.605,Asia
5065,Oman,OMN,2019,38292.387,Asia
5066,Oman,OMN,2020,37560.6,Asia
5067,Oman,OMN,2021,38719.457,Asia
5068,Oman,OMN,2022,39780.21,Asia
5069,Oman,OMN,2023,37793.617,Asia
5070,Oman,OMN,2024,36721.082,Asia
5071,Oman,OMN,2025,36142.945,Asia
5072,Pakistan,PAK,1990,3199.7297,Asia
5073,Pakistan,PAK,1991,3252.351,Asia
5074,Pakistan,PAK,1992,3404.1213,Asia
5075,Pakistan,PAK,1993,3369.238,Asia
5076,Pakistan,PAK,1994,3395.5044,Asia
5077,Pakistan,PAK,1995,3462.4734,Asia
5078,Pakistan,PAK,1996,3526.1416,Asia
5079,Pakistan,PAK,1997,3462.5815,Asia
5080,Pakistan,PAK,1998,3454.1768,Asia
5081,Pakistan,PAK,1999,3484.4568,Asia
5082,Pakistan,PAK,2000,3531.713,Asia
5083,Pakistan,PAK,2001,3559.7278,Asia
5084,Pakistan,PAK,2002,3563.6785,Asia
5085,Pakistan,PAK,2003,3668.7793,Asia
5086,Pakistan,PAK,2004,3859.646,Asia
5087,Pakistan,PAK,2005,4042.1545,Asia
5088,Pakistan,PAK,2006,4185.8667,Asia
5089,Pakistan,PAK,2007,4257.926,Asia
5090,Pakistan,PAK,2008,4233.348,Asia
5091,Pakistan,PAK,2009,4270.439,Asia
5092,Pakistan,PAK,2010,4228.7817,Asia
5093,Pakistan,PAK,2011,4246.067,Asia
5094,Pakistan,PAK,2012,4292.021,Asia
5095,Pakistan,PAK,2013,4407.147,Asia
5096,Pakistan,PAK,2014,4520.235,Asia
5097,Pakistan,PAK,2015,4645.286,Asia
5098,Pakistan,PAK,2016,4886.6123,Asia
5099,Pakistan,PAK,2017,5031.5605,Asia
5100,Pakistan,PAK,2018,5255.0635,Asia
5101,Pakistan,PAK,2019,5295.953,Asia
5102,Pakistan,PAK,2020,5135.0146,Asia
5103,Pakistan,PAK,2021,5367.2734,Asia
5104,Pakistan,PAK,2022,5526.2793,Asia
5105,Pakistan,PAK,2023,5418.7695,Asia
5106,Pakistan,PAK,2024,5502.0737,Asia
5107,Pakistan,PAK,2025,5617.251,Asia
5108,Palau,PLW,1990,17807.53,Oceania
5109,Palau,PLW,1991,18256.299,Oceania
5110,Palau,PLW,1992,16687.117,Oceania
5111,Palau,PLW,1993,14292.238,Oceania
5112,Palau,PLW,1994,14971.62,Oceania
5113,Palau,PLW,1995,16193.145,Oceania
5114,Palau,PLW,1996,17412.428,Oceania
5115,Palau,PLW,1997,17366.312,Oceania
5116,Palau,PLW,1998,17315.834,Oceania
5117,Palau,PLW,1999,16054.051,Oceania
5118,Palau,PLW,2000,15410.174,Oceania
5119,Palau,PLW,2001,16393.451,Oceania
5120,Palau,PLW,2002,17033.49,Oceania
5121,Palau,PLW,2003,16538.77,Oceania
5122,Palau,PLW,2004,16974.068,Oceania
5123,Palau,PLW,2005,17464.621,Oceania
5124,Palau,PLW,2006,17706.367,Oceania
5125,Palau,PLW,2007,18096.799,Oceania
5126,Palau,PLW,2008,17355.242,Oceania
5127,Palau,PLW,2009,16541.121,Oceania
5128,Palau,PLW,2010,16313.429,Oceania
5129,Palau,PLW,2011,17354.934,Oceania
5130,Palau,PLW,2012,18024.754,Oceania
5131,Palau,PLW,2013,17891.379,Oceania
5132,Palau,PLW,2014,18574.79,Oceania
5133,Palau,PLW,2015,20104.232,Oceania
5134,Palau,PLW,2016,20408.262,Oceania
5135,Palau,PLW,2017,19693.408,Oceania
5136,Palau,PLW,2018,19608.96,Oceania
5137,Palau,PLW,2019,19685.604,Oceania
5138,Palau,PLW,2020,18509.25,Oceania
5139,Palau,PLW,2021,16312.19,Oceania
5140,Palau,PLW,2022,16258.627,Oceania
5141,Palau,PLW,2023,16487.154,Oceania
5142,Palau,PLW,2024,18499.992,Oceania
5143,Palau,PLW,2025,19698.594,Oceania
5144,Palestine,PSE,1994,3966.6887,Asia
5145,Palestine,PSE,1995,4062.963,Asia
5146,Palestine,PSE,1996,3932.227,Asia
5147,Palestine,PSE,1997,4311.5386,Asia
5148,Palestine,PSE,1998,4805.1914,Asia
5149,Palestine,PSE,1999,5071.8213,Asia
5150,Palestine,PSE,2000,4520.89,Asia
5151,Palestine,PSE,2001,3996.5088,Asia
5152,Palestine,PSE,2002,3409.1729,Asia
5153,Palestine,PSE,2003,3788.9265,Asia
5154,Palestine,PSE,2004,4503.0806,Asia
5155,Palestine,PSE,2005,4885.0728,Asia
5156,Palestine,PSE,2006,4714.3735,Asia
5157,Palestine,PSE,2007,4769.5234,Asia
5158,Palestine,PSE,2008,4984.8057,Asia
5159,Palestine,PSE,2009,5270.663,Asia
5160,Palestine,PSE,2010,5432.2437,Asia
5161,Palestine,PSE,2011,5805.3213,Asia
5162,Palestine,PSE,2012,6009.1094,Asia
5163,Palestine,PSE,2013,6142.202,Asia
5164,Palestine,PSE,2014,5990.427,Asia
5165,Palestine,PSE,2015,6072.6504,Asia
5166,Palestine,PSE,2016,6464.1333,Asia
5167,Palestine,PSE,2017,6426.7954,Asia
5168,Palestine,PSE,2018,6342.9375,Asia
5169,Palestine,PSE,2019,6269.891,Asia
5170,Palestine,PSE,2020,5423.6826,Asia
5171,Palestine,PSE,2021,5663.1216,Asia
5172,Palestine,PSE,2022,5753.084,Asia
5173,Palestine,PSE,2023,5562.4243,Asia
5174,Palestine,PSE,2024,4190.909,Asia
5175,Palestine,PSE,2025,4272.4575,Asia
5176,Panama,PAN,1990,10263.692,North America
5177,Panama,PAN,1991,10994.554,North America
5178,Panama,PAN,1992,11649.8,North America
5179,Panama,PAN,1993,12032.8125,North America
5180,Panama,PAN,1994,12123.354,North America
5181,Panama,PAN,1995,12086.648,North America
5182,Panama,PAN,1996,12327.856,North America
5183,Panama,PAN,1997,13013.8955,North America
5184,Panama,PAN,1998,13826.538,North America
5185,Panama,PAN,1999,14261.746,North America
5186,Panama,PAN,2000,14572.98,North America
5187,Panama,PAN,2001,14427.836,North America
5188,Panama,PAN,2002,14507.149,North America
5189,Panama,PAN,2003,14957.559,North America
5190,Panama,PAN,2004,15875.119,North America
5191,Panama,PAN,2005,16867.967,North America
5192,Panama,PAN,2006,18190.281,North America
5193,Panama,PAN,2007,20208.83,North America
5194,Panama,PAN,2008,21867.828,North America
5195,Panama,PAN,2009,21822.996,North America
5196,Panama,PAN,2010,22739.12,North America
5197,Panama,PAN,2011,24999.47,North America
5198,Panama,PAN,2012,26926.896,North America
5199,Panama,PAN,2013,28135.338,North America
5200,Panama,PAN,2014,28931.816,North America
5201,Panama,PAN,2015,29933.168,North America
5202,Panama,PAN,2016,30765.25,North America
5203,Panama,PAN,2017,31979.824,North America
5204,Panama,PAN,2018,32681.473,North America
5205,Panama,PAN,2019,33163.72,North America
5206,Panama,PAN,2020,26881.828,North America
5207,Panama,PAN,2021,30932.764,North America
5208,Panama,PAN,2022,33915.168,North America
5209,Panama,PAN,2023,35872.973,North America
5210,Panama,PAN,2024,36394.92,North America
5211,Panama,PAN,2025,37516.18,North America
5212,Papua New Guinea,PNG,1990,3164.5542,Oceania
5213,Papua New Guinea,PNG,1991,3358.619,Oceania
5214,Papua New Guinea,PNG,1992,3690.8179,Oceania
5215,Papua New Guinea,PNG,1993,4206.9683,Oceania
5216,Papua New Guinea,PNG,1994,4298.442,Oceania
5217,Papua New Guinea,PNG,1995,4009.2356,Oceania
5218,Papua New Guinea,PNG,1996,4167.5703,Oceania
5219,Papua New Guinea,PNG,1997,3864.7253,Oceania
5220,Papua New Guinea,PNG,1998,3590.56,Oceania
5221,Papua New Guinea,PNG,1999,3532.112,Oceania
5222,Papua New Guinea,PNG,2000,3327.2249,Oceania
5223,Papua New Guinea,PNG,2001,3212.171,Oceania
5224,Papua New Guinea,PNG,2002,3101.1924,Oceania
5225,Papua New Guinea,PNG,2003,3064.8367,Oceania
5226,Papua New Guinea,PNG,2004,3046.7231,Oceania
5227,Papua New Guinea,PNG,2005,3136.9875,Oceania
5228,Papua New Guinea,PNG,2006,3202.8977,Oceania
5229,Papua New Guinea,PNG,2007,3346.279,Oceania
5230,Papua New Guinea,PNG,2008,3234.3325,Oceania
5231,Papua New Guinea,PNG,2009,3350.0728,Oceania
5232,Papua New Guinea,PNG,2010,3579.6301,Oceania
5233,Papua New Guinea,PNG,2011,3515.2832,Oceania
5234,Papua New Guinea,PNG,2012,3577.9102,Oceania
5235,Papua New Guinea,PNG,2013,3615.7466,Oceania
5236,Papua New Guinea,PNG,2014,3999.1304,Oceania
5237,Papua New Guinea,PNG,2015,4155.0557,Oceania
5238,Papua New Guinea,PNG,2016,4276.2964,Oceania
5239,Papua New Guinea,PNG,2017,4322.777,Oceania
5240,Papua New Guinea,PNG,2018,4211.685,Oceania
5241,Papua New Guinea,PNG,2019,4302.1626,Oceania
5242,Papua New Guinea,PNG,2020,4078.1538,Oceania
5243,Papua New Guinea,PNG,2021,3977.4429,Oceania
5244,Papua New Guinea,PNG,2022,4126.0303,Oceania
5245,Papua New Guinea,PNG,2023,4206.3784,Oceania
5246,Papua New Guinea,PNG,2024,4292.712,Oceania
5247,Papua New Guinea,PNG,2025,4456.231,Oceania
5248,Paraguay,PRY,1990,9961.222,South America
5249,Paraguay,PRY,1991,10039.044,South America
5250,Paraguay,PRY,1992,9947.164,South America
5251,Paraguay,PRY,1993,10177.169,South America
5252,Paraguay,PRY,1994,10457.769,South America
5253,Paraguay,PRY,1995,10906.895,South America
5254,Paraguay,PRY,1996,10823.92,South America
5255,Paraguay,PRY,1997,11031.622,South America
5256,Paraguay,PRY,1998,10801.195,South America
5257,Paraguay,PRY,1999,10434.08,South America
5258,Paraguay,PRY,2000,9997.33,South America
5259,Paraguay,PRY,2001,9748.027,South America
5260,Paraguay,PRY,2002,9609.533,South America
5261,Paraguay,PRY,2003,9902.199,South America
5262,Paraguay,PRY,2004,10185.907,South America
5263,Paraguay,PRY,2005,10288.801,South America
5264,Paraguay,PRY,2006,10671.645,South America
5265,Paraguay,PRY,2007,11140.463,South America
5266,Paraguay,PRY,2008,11749.654,South America
5267,Paraguay,PRY,2009,11599.82,South America
5268,Paraguay,PRY,2010,12736.968,South America
5269,Paraguay,PRY,2011,13107.811,South America
5270,Paraguay,PRY,2012,12833.18,South America
5271,Paraguay,PRY,2013,13698.973,South America
5272,Paraguay,PRY,2014,14217.558,South America
5273,Paraguay,PRY,2015,14425.777,South America
5274,Paraguay,PRY,2016,14824.791,South America
5275,Paraguay,PRY,2017,15318.401,South America
5276,Paraguay,PRY,2018,15591.015,South America
5277,Paraguay,PRY,2019,15319.389,South America
5278,Paraguay,PRY,2020,14989.767,South America
5279,Paraguay,PRY,2021,15400.944,South America
5280,Paraguay,PRY,2022,15222.892,South America
5281,Paraguay,PRY,2023,15831.585,South America
5282,Paraguay,PRY,2024,16367.494,South America
5283,Paraguay,PRY,2025,17245.846,South America
5284,Peru,PER,1990,6316.227,South America
5285,Peru,PER,1991,6321.722,South America
5286,Peru,PER,1992,6160.8047,South America
5287,Peru,PER,1993,6354.405,South America
5288,Peru,PER,1994,6996.7617,South America
5289,Peru,PER,1995,7371.048,South America
5290,Peru,PER,1996,7436.1895,South America
5291,Peru,PER,1997,7772.7783,South America
5292,Peru,PER,1998,7602.7837,South America
5293,Peru,PER,1999,7584.3047,South America
5294,Peru,PER,2000,7668.0605,South America
5295,Peru,PER,2001,7610.6396,South America
5296,Peru,PER,2002,7930.51,South America
5297,Peru,PER,2003,8173.277,South America
5298,Peru,PER,2004,8494.84,South America
5299,Peru,PER,2005,8948.747,South America
5300,Peru,PER,2006,9546.625,South America
5301,Peru,PER,2007,10284.967,South America
5302,Peru,PER,2008,11150.026,South America
5303,Peru,PER,2009,11202.865,South America
5304,Peru,PER,2010,12057.392,South America
5305,Peru,PER,2011,12724.883,South America
5306,Peru,PER,2012,13393.593,South America
5307,Peru,PER,2013,14050.242,South America
5308,Peru,PER,2014,14242.645,South America
5309,Peru,PER,2015,14540.831,South America
5310,Peru,PER,2016,14915.437,South America
5311,Peru,PER,2017,15067.489,South America
5312,Peru,PER,2018,15384.185,South America
5313,Peru,PER,2019,15461.457,South America
5314,Peru,PER,2020,13607.764,South America
5315,Peru,PER,2021,15285.7705,South America
5316,Peru,PER,2022,15566.524,South America
5317,Peru,PER,2023,15342.274,South America
5318,Peru,PER,2024,15708.833,South America
5319,Peru,PER,2025,16079.125,South America
5320,Philippines,PHL,1990,4504.4624,Asia
5321,Philippines,PHL,1991,4378.3955,Asia
5322,Philippines,PHL,1992,4293.7183,Asia
5323,Philippines,PHL,1993,4283.1597,Asia
5324,Philippines,PHL,1994,4374.0674,Asia
5325,Philippines,PHL,1995,4477.323,Asia
5326,Philippines,PHL,1996,4631.772,Asia
5327,Philippines,PHL,1997,4758.7085,Asia
5328,Philippines,PHL,1998,4616.673,Asia
5329,Philippines,PHL,1999,4650.7593,Asia
5330,Philippines,PHL,2000,4740.439,Asia
5331,Philippines,PHL,2001,4778.401,Asia
5332,Philippines,PHL,2002,4856.4995,Asia
5333,Philippines,PHL,2003,5003.3833,Asia
5334,Philippines,PHL,2004,5229.4507,Asia
5335,Philippines,PHL,2005,5386.8164,Asia
5336,Philippines,PHL,2006,5578.5723,Asia
5337,Philippines,PHL,2007,5840.068,Asia
5338,Philippines,PHL,2008,5987.0376,Asia
5339,Philippines,PHL,2009,5965.307,Asia
5340,Philippines,PHL,2010,6273.039,Asia
5341,Philippines,PHL,2011,6388.313,Asia
5342,Philippines,PHL,2012,6697.556,Asia
5343,Philippines,PHL,2013,7016.5386,Asia
5344,Philippines,PHL,2014,7340.362,Asia
5345,Philippines,PHL,2015,7691.763,Asia
5346,Philippines,PHL,2016,8131.825,Asia
5347,Philippines,PHL,2017,8584.136,Asia
5348,Philippines,PHL,2018,9016.286,Asia
5349,Philippines,PHL,2019,9452.294,Asia
5350,Philippines,PHL,2020,8455.185,Asia
5351,Philippines,PHL,2021,8857.79,Asia
5352,Philippines,PHL,2022,9457.104,Asia
5353,Philippines,PHL,2023,9898.533,Asia
5354,Philippines,PHL,2024,10378.172,Asia
5355,Philippines,PHL,2025,10747.546,Asia
5356,Poland,POL,1990,12821.464,Europe
5357,Poland,POL,1991,11879.754,Europe
5358,Poland,POL,1992,12141.235,Europe
5359,Poland,POL,1993,12563.1045,Europe
5360,Poland,POL,1994,13200.161,Europe
5361,Poland,POL,1995,14227.566,Europe
5362,Poland,POL,1996,15083.098,Europe
5363,Poland,POL,1997,16031.721,Europe
5364,Poland,POL,1998,16766.648,Europe
5365,Poland,POL,1999,17556.002,Europe
5366,Poland,POL,2000,18566.355,Europe
5367,Poland,POL,2001,18800.602,Europe
5368,Poland,POL,2002,19166.914,Europe
5369,Poland,POL,2003,19855.63,Europe
5370,Poland,POL,2004,20878.654,Europe
5371,Poland,POL,2005,21568.947,Europe
5372,Poland,POL,2006,22921.197,Europe
5373,Poland,POL,2007,24484.066,Europe
5374,Poland,POL,2008,25553.906,Europe
5375,Poland,POL,2009,26204.41,Europe
5376,Poland,POL,2010,27112.133,Europe
5377,Poland,POL,2011,28521.662,Europe
5378,Poland,POL,2012,28952.916,Europe
5379,Poland,POL,2013,29168.625,Europe
5380,Poland,POL,2014,30334.879,Europe
5381,Poland,POL,2015,31700.37,Europe
5382,Poland,POL,2016,32675.305,Europe
5383,Poland,POL,2017,34354.598,Europe
5384,Poland,POL,2018,36500.41,Europe
5385,Poland,POL,2019,38181.62,Europe
5386,Poland,POL,2020,37852.8,Europe
5387,Poland,POL,2021,41059.586,Europe
5388,Poland,POL,2022,43405.023,Europe
5389,Poland,POL,2023,43672.766,Europe
5390,Poland,POL,2024,45153.043,Europe
5391,Poland,POL,2025,46924.59,Europe
5392,Portugal,PRT,1990,27190.572,Europe
5393,Portugal,PRT,1991,28443.795,Europe
5394,Portugal,PRT,1992,28776.047,Europe
5395,Portugal,PRT,1993,28153.615,Europe
5396,Portugal,PRT,1994,28348.865,Europe
5397,Portugal,PRT,1995,29460.814,Europe
5398,Portugal,PRT,1996,30378.756,Europe
5399,Portugal,PRT,1997,31574.402,Europe
5400,Portugal,PRT,1998,32925.664,Europe
5401,Portugal,PRT,1999,34018.965,Europe
5402,Portugal,PRT,2000,35069.83,Europe
5403,Portugal,PRT,2001,35500.227,Europe
5404,Portugal,PRT,2002,35578.52,Europe
5405,Portugal,PRT,2003,35115.38,Europe
5406,Portugal,PRT,2004,35658.13,Europe
5407,Portugal,PRT,2005,35870.31,Europe
5408,Portugal,PRT,2006,36387.535,Europe
5409,Portugal,PRT,2007,37226.47,Europe
5410,Portugal,PRT,2008,37291.504,Europe
5411,Portugal,PRT,2009,36092.812,Europe
5412,Portugal,PRT,2010,36703.113,Europe
5413,Portugal,PRT,2011,36127.297,Europe
5414,Portugal,PRT,2012,34804.633,Europe
5415,Portugal,PRT,2013,34651.773,Europe
5416,Portugal,PRT,2014,35097.41,Europe
5417,Portugal,PRT,2015,35803.36,Europe
5418,Portugal,PRT,2016,36636.297,Europe
5419,Portugal,PRT,2017,37943.113,Europe
5420,Portugal,PRT,2018,39123.613,Europe
5421,Portugal,PRT,2019,40188.285,Europe
5422,Portugal,PRT,2020,36852.23,Europe
5423,Portugal,PRT,2021,38657.668,Europe
5424,Portugal,PRT,2022,41070.86,Europe
5425,Portugal,PRT,2023,41768.258,Europe
5426,Portugal,PRT,2024,42228.156,Europe
5427,Portugal,PRT,2025,42576.812,Europe
5428,Puerto Rico,PRI,1990,26738.814,North America
5429,Puerto Rico,PRI,1991,27162.15,North America
5430,Puerto Rico,PRI,1992,28219.115,North America
5431,Puerto Rico,PRI,1993,29282.111,North America
5432,Puerto Rico,PRI,1994,30225.781,North America
5433,Puerto Rico,PRI,1995,31310.18,North America
5434,Puerto Rico,PRI,1996,31677.23,North America
5435,Puerto Rico,PRI,1997,32915.79,North America
5436,Puerto Rico,PRI,1998,34537.184,North America
5437,Puerto Rico,PRI,1999,36216.84,North America
5438,Puerto Rico,PRI,2000,37298.547,North America
5439,Puerto Rico,PRI,2001,39568.555,North America
5440,Puerto Rico,PRI,2002,39879.73,North America
5441,Puerto Rico,PRI,2003,39876.066,North America
5442,Puerto Rico,PRI,2004,43355.824,North America
5443,Puerto Rico,PRI,2005,42555.707,North America
5444,Puerto Rico,PRI,2006,42133.97,North America
5445,Puerto Rico,PRI,2007,41888.625,North America
5446,Puerto Rico,PRI,2008,41358.07,North America
5447,Puerto Rico,PRI,2009,40772.35,North America
5448,Puerto Rico,PRI,2010,40777.688,North America
5449,Puerto Rico,PRI,2011,40972.535,North America
5450,Puerto Rico,PRI,2012,41347.453,North America
5451,Puerto Rico,PRI,2013,41556.785,North America
5452,Puerto Rico,PRI,2014,41593.68,North America
5453,Puerto Rico,PRI,2015,41737.605,North America
5454,Puerto Rico,PRI,2016,41858.26,North America
5455,Puerto Rico,PRI,2017,41479.996,North America
5456,Puerto Rico,PRI,2018,41119.31,North America
5457,Puerto Rico,PRI,2019,41656.33,North America
5458,Puerto Rico,PRI,2020,40171.375,North America
5459,Puerto Rico,PRI,2021,40559.227,North America
5460,Puerto Rico,PRI,2022,42310.812,North America
5461,Puerto Rico,PRI,2023,42837.87,North America
5462,Puerto Rico,PRI,2024,44216.434,North America
5463,Puerto Rico,PRI,2025,44603.22,North America
5464,Qatar,QAT,1990,75303.56,Asia
5465,Qatar,QAT,1991,71662.2,Asia
5466,Qatar,QAT,1992,77267.12,Asia
5467,Qatar,QAT,1993,73900.59,Asia
5468,Qatar,QAT,1994,72711.02,Asia
5469,Qatar,QAT,1995,72303.48,Asia
5470,Qatar,QAT,1996,73369.83,Asia
5471,Qatar,QAT,1997,91667.42,Asia
5472,Qatar,QAT,1998,96675.81,Asia
5473,Qatar,QAT,1999,95556.85,Asia
5474,Qatar,QAT,2000,98028.52,Asia
5475,Qatar,QAT,2001,96901.59,Asia
5476,Qatar,QAT,2002,99001.49,Asia
5477,Qatar,QAT,2003,98068.125,Asia
5478,Qatar,QAT,2004,112583.93,Asia
5479,Qatar,QAT,2005,113384.266,Asia
5480,Qatar,QAT,2006,121378.44,Asia
5481,Qatar,QAT,2007,115272.51,Asia
5482,Qatar,QAT,2008,114879.22,Asia
5483,Qatar,QAT,2009,114069.65,Asia
5484,Qatar,QAT,2010,132502.28,Asia
5485,Qatar,QAT,2011,149025.11,Asia
5486,Qatar,QAT,2012,147077.4,Asia
5487,Qatar,QAT,2013,138046.6,Asia
5488,Qatar,QAT,2014,128013.984,Asia
5489,Qatar,QAT,2015,123070.89,Asia
5490,Qatar,QAT,2016,120054.41,Asia
5491,Qatar,QAT,2017,115064.945,Asia
5492,Qatar,QAT,2018,114909.945,Asia
5493,Qatar,QAT,2019,113160.98,Asia
5494,Qatar,QAT,2020,103061.914,Asia
5495,Qatar,QAT,2021,116832.57,Asia
5496,Qatar,QAT,2022,114740.125,Asia
5497,Qatar,QAT,2023,116159.14,Asia
5498,Qatar,QAT,2024,111314.25,Asia
5499,Qatar,QAT,2025,110135.695,Asia
5500,Romania,ROU,1990,16316.845,Europe
5501,Romania,ROU,1991,14332.971,Europe
5502,Romania,ROU,1992,13195.042,Europe
5503,Romania,ROU,1993,13415.019,Europe
5504,Romania,ROU,1994,13962.773,Europe
5505,Romania,ROU,1995,14863.186,Europe
5506,Romania,ROU,1996,15488.558,Europe
5507,Romania,ROU,1997,14779.998,Europe
5508,Romania,ROU,1998,14509.993,Europe
5509,Romania,ROU,1999,14478.05,Europe
5510,Romania,ROU,2000,14853.606,Europe
5511,Romania,ROU,2001,15848.304,Europe
5512,Romania,ROU,2002,17061.629,Europe
5513,Romania,ROU,2003,17587.463,Europe
5514,Romania,ROU,2004,19532.48,Europe
5515,Romania,ROU,2005,20570.926,Europe
5516,Romania,ROU,2006,22354.564,Europe
5517,Romania,ROU,2007,24328.393,Europe
5518,Romania,ROU,2008,27039.6,Europe
5519,Romania,ROU,2009,25761.63,Europe
5520,Romania,ROU,2010,24902.904,Europe
5521,Romania,ROU,2011,26150.748,Europe
5522,Romania,ROU,2012,26767.455,Europe
5523,Romania,ROU,2013,26941.932,Europe
5524,Romania,ROU,2014,28156.13,Europe
5525,Romania,ROU,2015,29181.879,Europe
5526,Romania,ROU,2016,30189.148,Europe
5527,Romania,ROU,2017,32852.637,Europe
5528,Romania,ROU,2018,34828.895,Europe
5529,Romania,ROU,2019,36399.473,Europe
5530,Romania,ROU,2020,35283.605,Europe
5531,Romania,ROU,2021,37534.0,Europe
5532,Romania,ROU,2022,39256.824,Europe
5533,Romania,ROU,2023,40116.688,Europe
5534,Romania,ROU,2024,40503.832,Europe
5535,Romania,ROU,2025,40845.984,Europe
5536,Russia,RUS,1990,29643.596,Europe
5537,Russia,RUS,1991,28066.922,Europe
5538,Russia,RUS,1992,23965.244,Europe
5539,Russia,RUS,1993,21899.518,Europe
5540,Russia,RUS,1994,19153.363,Europe
5541,Russia,RUS,1995,18363.713,Europe
5542,Russia,RUS,1996,17699.87,Europe
5543,Russia,RUS,1997,17977.352,Europe
5544,Russia,RUS,1998,17052.756,Europe
5545,Russia,RUS,1999,18200.32,Europe
5546,Russia,RUS,2000,20104.75,Europe
5547,Russia,RUS,2001,21219.904,Europe
5548,Russia,RUS,2002,22319.678,Europe
5549,Russia,RUS,2003,24057.928,Europe
5550,Russia,RUS,2004,25894.146,Europe
5551,Russia,RUS,2005,27656.658,Europe
5552,Russia,RUS,2006,30022.672,Europe
5553,Russia,RUS,2007,32630.37,Europe
5554,Russia,RUS,2008,34342.227,Europe
5555,Russia,RUS,2009,31654.004,Europe
5556,Russia,RUS,2010,33063.586,Europe
5557,Russia,RUS,2011,34444.645,Europe
5558,Russia,RUS,2012,35740.7,Europe
5559,Russia,RUS,2013,36260.066,Europe
5560,Russia,RUS,2014,35853.246,Europe
5561,Russia,RUS,2015,35037.152,Europe
5562,Russia,RUS,2016,35005.445,Europe
5563,Russia,RUS,2017,35570.703,Europe
5564,Russia,RUS,2018,36536.695,Europe
5565,Russia,RUS,2019,37319.32,Europe
5566,Russia,RUS,2020,36376.336,Europe
5567,Russia,RUS,2021,38638.43,Europe
5568,Russia,RUS,2022,38214.69,Europe
5569,Russia,RUS,2023,39881.45,Europe
5570,Russia,RUS,2024,41891.17,Europe
5571,Russia,RUS,2025,42357.99,Europe
5572,Rwanda,RWA,1990,1165.7261,Africa
5573,Rwanda,RWA,1991,1113.518,Africa
5574,Rwanda,RWA,1992,1154.9293,Africa
5575,Rwanda,RWA,1993,1021.6713,Africa
5576,Rwanda,RWA,1994,597.2628,Africa
5577,Rwanda,RWA,1995,966.8104,Africa
5578,Rwanda,RWA,1996,921.9283,Africa
5579,Rwanda,RWA,1997,907.9807,Africa
5580,Rwanda,RWA,1998,948.49066,Africa
5581,Rwanda,RWA,1999,981.7225,Africa
5582,Rwanda,RWA,2000,1055.3505,Africa
5583,Rwanda,RWA,2001,1134.7845,Africa
5584,Rwanda,RWA,2002,1267.194,Africa
5585,Rwanda,RWA,2003,1266.9445,Africa
5586,Rwanda,RWA,2004,1325.7955,Africa
5587,Rwanda,RWA,2005,1412.061,Africa
5588,Rwanda,RWA,2006,1501.7646,Africa
5589,Rwanda,RWA,2007,1573.9681,Africa
5590,Rwanda,RWA,2008,1704.2545,Africa
5591,Rwanda,RWA,2009,1764.6349,Africa
5592,Rwanda,RWA,2010,1846.8633,Africa
5593,Rwanda,RWA,2011,1945.5371,Africa
5594,Rwanda,RWA,2012,2063.6648,Africa
5595,Rwanda,RWA,2013,2109.7466,Africa
5596,Rwanda,RWA,2014,2176.095,Africa
5597,Rwanda,RWA,2015,2313.0972,Africa
5598,Rwanda,RWA,2016,2386.7483,Africa
5599,Rwanda,RWA,2017,2441.0854,Africa
5600,Rwanda,RWA,2018,2577.6973,Africa
5601,Rwanda,RWA,2019,2753.5396,Africa
5602,Rwanda,RWA,2020,2617.707,Africa
5603,Rwanda,RWA,2021,2776.3928,Africa
5604,Rwanda,RWA,2022,2983.1077,Africa
5605,Rwanda,RWA,2023,3168.0308,Africa
5606,Rwanda,RWA,2024,3325.0078,Africa
5607,Rwanda,RWA,2025,3558.68,Africa
5608,Saint Kitts and Nevis,KNA,1990,14326.041,North America
5609,Saint Kitts and Nevis,KNA,1991,14084.684,North America
5610,Saint Kitts and Nevis,KNA,1992,14557.185,North America
5611,Saint Kitts and Nevis,KNA,1993,15348.688,North America
5612,Saint Kitts and Nevis,KNA,1994,15955.838,North America
5613,Saint Kitts and Nevis,KNA,1995,16596.266,North America
5614,Saint Kitts and Nevis,KNA,1996,17340.223,North America
5615,Saint Kitts and Nevis,KNA,1997,18288.494,North America
5616,Saint Kitts and Nevis,KNA,1998,17963.7,North America
5617,Saint Kitts and Nevis,KNA,1999,18291.424,North America
5618,Saint Kitts and Nevis,KNA,2000,19840.58,North America
5619,Saint Kitts and Nevis,KNA,2001,20648.79,North America
5620,Saint Kitts and Nevis,KNA,2002,20813.404,North America
5621,Saint Kitts and Nevis,KNA,2003,19927.182,North America
5622,Saint Kitts and Nevis,KNA,2004,20661.346,North America
5623,Saint Kitts and Nevis,KNA,2005,22612.713,North America
5624,Saint Kitts and Nevis,KNA,2006,23258.984,North America
5625,Saint Kitts and Nevis,KNA,2007,23330.045,North America
5626,Saint Kitts and Nevis,KNA,2008,25898.783,North America
5627,Saint Kitts and Nevis,KNA,2009,24973.805,North America
5628,Saint Kitts and Nevis,KNA,2010,24997.566,North America
5629,Saint Kitts and Nevis,KNA,2011,25380.008,North America
5630,Saint Kitts and Nevis,KNA,2012,25114.057,North America
5631,Saint Kitts and Nevis,KNA,2013,26532.102,North America
5632,Saint Kitts and Nevis,KNA,2014,28530.307,North America
5633,Saint Kitts and Nevis,KNA,2015,28729.566,North America
5634,Saint Kitts and Nevis,KNA,2016,29867.027,North America
5635,Saint Kitts and Nevis,KNA,2017,29948.92,North America
5636,Saint Kitts and Nevis,KNA,2018,30576.248,North America
5637,Saint Kitts and Nevis,KNA,2019,31512.193,North America
5638,Saint Kitts and Nevis,KNA,2020,26736.928,North America
5639,Saint Kitts and Nevis,KNA,2021,26896.617,North America
5640,Saint Kitts and Nevis,KNA,2022,29749.87,North America
5641,Saint Kitts and Nevis,KNA,2023,30616.578,North America
5642,Saint Kitts and Nevis,KNA,2024,30656.441,North America
5643,Saint Kitts and Nevis,KNA,2025,31427.662,North America
5644,Saint Lucia,LCA,1990,17056.719,North America
5645,Saint Lucia,LCA,1991,16916.727,North America
5646,Saint Lucia,LCA,1992,17991.709,North America
5647,Saint Lucia,LCA,1993,17831.092,North America
5648,Saint Lucia,LCA,1994,17847.414,North America
5649,Saint Lucia,LCA,1995,17875.41,North America
5650,Saint Lucia,LCA,1996,18125.357,North America
5651,Saint Lucia,LCA,1997,17747.9,North America
5652,Saint Lucia,LCA,1998,18606.535,North America
5653,Saint Lucia,LCA,1999,18856.576,North America
5654,Saint Lucia,LCA,2000,18638.117,North America
5655,Saint Lucia,LCA,2001,17820.797,North America
5656,Saint Lucia,LCA,2002,17739.576,North America
5657,Saint Lucia,LCA,2003,18344.592,North America
5658,Saint Lucia,LCA,2004,19526.445,North America
5659,Saint Lucia,LCA,2005,19303.992,North America
5660,Saint Lucia,LCA,2006,20353.654,North America
5661,Saint Lucia,LCA,2007,20559.898,North America
5662,Saint Lucia,LCA,2008,21443.26,North America
5663,Saint Lucia,LCA,2009,20706.506,North America
5664,Saint Lucia,LCA,2010,20648.785,North America
5665,Saint Lucia,LCA,2011,21430.023,North America
5666,Saint Lucia,LCA,2012,21309.225,North America
5667,Saint Lucia,LCA,2013,20827.29,North America
5668,Saint Lucia,LCA,2014,21010.697,North America
5669,Saint Lucia,LCA,2015,20939.88,North America
5670,Saint Lucia,LCA,2016,21566.307,North America
5671,Saint Lucia,LCA,2017,22207.213,North America
5672,Saint Lucia,LCA,2018,22761.162,North America
5673,Saint Lucia,LCA,2019,22445.209,North America
5674,Saint Lucia,LCA,2020,17247.957,North America
5675,Saint Lucia,LCA,2021,19141.328,North America
5676,Saint Lucia,LCA,2022,22811.252,North America
5677,Saint Lucia,LCA,2023,23636.027,North America
5678,Saint Lucia,LCA,2024,24699.969,North America
5679,Saint Lucia,LCA,2025,24502.963,North America
5680,Saint Vincent and the Grenadines,VCT,1990,7467.379,North America
5681,Saint Vincent and the Grenadines,VCT,1991,7524.585,North America
5682,Saint Vincent and the Grenadines,VCT,1992,7984.0796,North America
5683,Saint Vincent and the Grenadines,VCT,1993,8306.775,North America
5684,Saint Vincent and the Grenadines,VCT,1994,8189.8438,North America
5685,Saint Vincent and the Grenadines,VCT,1995,8815.849,North America
5686,Saint Vincent and the Grenadines,VCT,1996,8923.705,North America
5687,Saint Vincent and the Grenadines,VCT,1997,9234.699,North America
5688,Saint Vincent and the Grenadines,VCT,1998,9609.104,North America
5689,Saint Vincent and the Grenadines,VCT,1999,9853.348,North America
5690,Saint Vincent and the Grenadines,VCT,2000,9999.059,North America
5691,Saint Vincent and the Grenadines,VCT,2001,10177.81,North America
5692,Saint Vincent and the Grenadines,VCT,2002,10736.088,North America
5693,Saint Vincent and the Grenadines,VCT,2003,11475.331,North America
5694,Saint Vincent and the Grenadines,VCT,2004,11979.907,North America
5695,Saint Vincent and the Grenadines,VCT,2005,12320.071,North America
5696,Saint Vincent and the Grenadines,VCT,2006,13233.407,North America
5697,Saint Vincent and the Grenadines,VCT,2007,13732.362,North America
5698,Saint Vincent and the Grenadines,VCT,2008,13850.394,North America
5699,Saint Vincent and the Grenadines,VCT,2009,13723.784,North America
5700,Saint Vincent and the Grenadines,VCT,2010,13175.723,North America
5701,Saint Vincent and the Grenadines,VCT,2011,13168.896,North America
5702,Saint Vincent and the Grenadines,VCT,2012,13397.963,North America
5703,Saint Vincent and the Grenadines,VCT,2013,13804.184,North America
5704,Saint Vincent and the Grenadines,VCT,2014,14040.246,North America
5705,Saint Vincent and the Grenadines,VCT,2015,14508.861,North America
5706,Saint Vincent and the Grenadines,VCT,2016,15197.748,North America
5707,Saint Vincent and the Grenadines,VCT,2017,15533.222,North America
5708,Saint Vincent and the Grenadines,VCT,2018,16139.066,North America
5709,Saint Vincent and the Grenadines,VCT,2019,16365.325,North America
5710,Saint Vincent and the Grenadines,VCT,2020,15763.705,North America
5711,Saint Vincent and the Grenadines,VCT,2021,16200.899,North America
5712,Saint Vincent and the Grenadines,VCT,2022,16835.023,North America
5713,Saint Vincent and the Grenadines,VCT,2023,17858.244,North America
5714,Saint Vincent and the Grenadines,VCT,2024,18714.2,North America
5715,Saint Vincent and the Grenadines,VCT,2025,19483.014,North America
5716,Samoa,WSM,1990,3991.438,Oceania
5717,Samoa,WSM,1991,3892.1284,Oceania
5718,Samoa,WSM,1992,3862.3838,Oceania
5719,Samoa,WSM,1993,3986.9646,Oceania
5720,Samoa,WSM,1994,3854.5332,Oceania
5721,Samoa,WSM,1995,4078.5134,Oceania
5722,Samoa,WSM,1996,4334.0684,Oceania
5723,Samoa,WSM,1997,4325.6924,Oceania
5724,Samoa,WSM,1998,4387.081,Oceania
5725,Samoa,WSM,1999,4448.8896,Oceania
5726,Samoa,WSM,2000,4639.189,Oceania
5727,Samoa,WSM,2001,4941.7485,Oceania
5728,Samoa,WSM,2002,5184.1187,Oceania
5729,Samoa,WSM,2003,5426.139,Oceania
5730,Samoa,WSM,2004,5569.061,Oceania
5731,Samoa,WSM,2005,5915.6475,Oceania
5732,Samoa,WSM,2006,6018.248,Oceania
5733,Samoa,WSM,2007,6014.047,Oceania
5734,Samoa,WSM,2008,6183.5557,Oceania
5735,Samoa,WSM,2009,6104.9097,Oceania
5736,Samoa,WSM,2010,6428.1353,Oceania
5737,Samoa,WSM,2011,6617.6187,Oceania
5738,Samoa,WSM,2012,6312.7695,Oceania
5739,Samoa,WSM,2013,6263.126,Oceania
5740,Samoa,WSM,2014,6248.7056,Oceania
5741,Samoa,WSM,2015,6433.184,Oceania
5742,Samoa,WSM,2016,6888.1875,Oceania
5743,Samoa,WSM,2017,6919.9023,Oceania
5744,Samoa,WSM,2018,6805.917,Oceania
5745,Samoa,WSM,2019,7034.4224,Oceania
5746,Samoa,WSM,2020,6746.1567,Oceania
5747,Samoa,WSM,2021,6350.9277,Oceania
5748,Samoa,WSM,2022,6450.1914,Oceania
5749,Samoa,WSM,2023,7384.6914,Oceania
5750,Samoa,WSM,2024,7687.2344,Oceania
5751,Samoa,WSM,2025,7963.4277,Oceania
5752,San Marino,SMR,1997,66923.03,Europe
5753,San Marino,SMR,1998,71024.56,Europe
5754,San Marino,SMR,1999,76474.13,Europe
5755,San Marino,SMR,2000,77149.42,Europe
5756,San Marino,SMR,2001,80420.77,Europe
5757,San Marino,SMR,2002,79649.53,Europe
5758,San Marino,SMR,2003,81688.38,Europe
5759,San Marino,SMR,2004,80724.81,Europe
5760,San Marino,SMR,2005,81632.18,Europe
5761,San Marino,SMR,2006,83781.55,Europe
5762,San Marino,SMR,2007,86785.02,Europe
5763,San Marino,SMR,2008,85120.29,Europe
5764,San Marino,SMR,2009,73093.836,Europe
5765,San Marino,SMR,2010,68669.26,Europe
5766,San Marino,SMR,2011,64214.12,Europe
5767,San Marino,SMR,2012,58176.38,Europe
5768,San Marino,SMR,2013,58467.98,Europe
5769,San Marino,SMR,2014,58743.586,Europe
5770,San Marino,SMR,2015,59647.66,Europe
5771,San Marino,SMR,2016,60669.824,Europe
5772,San Marino,SMR,2017,59524.562,Europe
5773,San Marino,SMR,2018,59194.043,Europe
5774,San Marino,SMR,2019,60171.05,Europe
5775,San Marino,SMR,2020,55998.074,Europe
5776,San Marino,SMR,2021,64745.133,Europe
5777,San Marino,SMR,2022,70887.58,Europe
5778,San Marino,SMR,2023,70951.79,Europe
5779,Sao Tome and Principe,STP,1990,3883.2043,Africa
5780,Sao Tome and Principe,STP,1991,3844.8965,Africa
5781,Sao Tome and Principe,STP,1992,3798.8835,Africa
5782,Sao Tome and Principe,STP,1993,3771.2861,Africa
5783,Sao Tome and Principe,STP,1994,3788.4836,Africa
5784,Sao Tome and Principe,STP,1995,3802.2913,Africa
5785,Sao Tome and Principe,STP,1996,3801.0815,Africa
5786,Sao Tome and Principe,STP,1997,3784.7903,Africa
5787,Sao Tome and Principe,STP,1998,3828.9983,Africa
5788,Sao Tome and Principe,STP,1999,3878.131,Africa
5789,Sao Tome and Principe,STP,2000,3852.8904,Africa
5790,Sao Tome and Principe,STP,2001,3907.0193,Africa
5791,Sao Tome and Principe,STP,2002,3942.7605,Africa
5792,Sao Tome and Principe,STP,2003,4161.638,Africa
5793,Sao Tome and Principe,STP,2004,4202.562,Africa
5794,Sao Tome and Principe,STP,2005,4371.497,Africa
5795,Sao Tome and Principe,STP,2006,4644.1807,Africa
5796,Sao Tome and Principe,STP,2007,4698.084,Africa
5797,Sao Tome and Principe,STP,2008,4873.181,Africa
5798,Sao Tome and Principe,STP,2009,4919.1953,Africa
5799,Sao Tome and Principe,STP,2010,4882.048,Africa
5800,Sao Tome and Principe,STP,2011,4876.473,Africa
5801,Sao Tome and Principe,STP,2012,4919.5527,Africa
5802,Sao Tome and Principe,STP,2013,5072.112,Africa
5803,Sao Tome and Principe,STP,2014,5223.0957,Africa
5804,Sao Tome and Principe,STP,2015,5210.2036,Africa
5805,Sao Tome and Principe,STP,2016,5388.5093,Africa
5806,Sao Tome and Principe,STP,2017,5521.2026,Africa
5807,Sao Tome and Principe,STP,2018,5674.7236,Africa
5808,Sao Tome and Principe,STP,2019,5702.0835,Africa
5809,Sao Tome and Principe,STP,2020,5742.9473,Africa
5810,Sao Tome and Principe,STP,2021,5732.6943,Africa
5811,Sao Tome and Principe,STP,2022,5632.1387,Africa
5812,Sao Tome and Principe,STP,2023,5541.302,Africa
5813,Sao Tome and Principe,STP,2024,5511.878,Africa
5814,Sao Tome and Principe,STP,2025,5459.213,Africa
5815,Saudi Arabia,SAU,1990,65196.574,Asia
5816,Saudi Arabia,SAU,1991,67268.555,Asia
5817,Saudi Arabia,SAU,1992,67183.91,Asia
5818,Saudi Arabia,SAU,1993,64517.664,Asia
5819,Saudi Arabia,SAU,1994,62403.695,Asia
5820,Saudi Arabia,SAU,1995,60058.316,Asia
5821,Saudi Arabia,SAU,1996,59612.812,Asia
5822,Saudi Arabia,SAU,1997,58875.547,Asia
5823,Saudi Arabia,SAU,1998,58306.62,Asia
5824,Saudi Arabia,SAU,1999,55878.17,Asia
5825,Saudi Arabia,SAU,2000,55962.266,Asia
5826,Saudi Arabia,SAU,2001,53309.113,Asia
5827,Saudi Arabia,SAU,2002,50371.977,Asia
5828,Saudi Arabia,SAU,2003,52234.65,Asia
5829,Saudi Arabia,SAU,2004,54196.55,Asia
5830,Saudi Arabia,SAU,2005,54931.793,Asia
5831,Saudi Arabia,SAU,2006,54373.74,Asia
5832,Saudi Arabia,SAU,2007,53318.418,Asia
5833,Saudi Arabia,SAU,2008,54407.707,Asia
5834,Saudi Arabia,SAU,2009,51760.766,Asia
5835,Saudi Arabia,SAU,2010,54911.547,Asia
5836,Saudi Arabia,SAU,2011,58645.445,Asia
5837,Saudi Arabia,SAU,2012,59471.7,Asia
5838,Saudi Arabia,SAU,2013,57998.465,Asia
5839,Saudi Arabia,SAU,2014,58872.266,Asia
5840,Saudi Arabia,SAU,2015,58498.54,Asia
5841,Saudi Arabia,SAU,2016,57308.45,Asia
5842,Saudi Arabia,SAU,2017,57942.547,Asia
5843,Saudi Arabia,SAU,2018,61359.465,Asia
5844,Saudi Arabia,SAU,2019,62647.73,Asia
5845,Saudi Arabia,SAU,2020,57420.734,Asia
5846,Saudi Arabia,SAU,2021,62690.496,Asia
5847,Saudi Arabia,SAU,2022,67178.59,Asia
5848,Saudi Arabia,SAU,2023,64481.844,Asia
5849,Saudi Arabia,SAU,2024,63194.434,Asia
5850,Saudi Arabia,SAU,2025,63051.047,Asia
5851,Senegal,SEN,1990,2923.3442,Africa
5852,Senegal,SEN,1991,2917.0142,Africa
5853,Senegal,SEN,1992,2874.003,Africa
5854,Senegal,SEN,1993,2834.028,Africa
5855,Senegal,SEN,1994,2757.8608,Africa
5856,Senegal,SEN,1995,2835.0327,Africa
5857,Senegal,SEN,1996,2822.4683,Africa
5858,Senegal,SEN,1997,2840.6082,Africa
5859,Senegal,SEN,1998,2938.6917,Africa
5860,Senegal,SEN,1999,3050.178,Africa
5861,Senegal,SEN,2000,3093.2878,Africa
5862,Senegal,SEN,2001,3149.331,Africa
5863,Senegal,SEN,2002,3075.2317,Africa
5864,Senegal,SEN,2003,3170.035,Africa
5865,Senegal,SEN,2004,3240.302,Africa
5866,Senegal,SEN,2005,3301.8208,Africa
5867,Senegal,SEN,2006,3301.0315,Africa
5868,Senegal,SEN,2007,3316.4204,Africa
5869,Senegal,SEN,2008,3359.7056,Africa
5870,Senegal,SEN,2009,3371.4617,Africa
5871,Senegal,SEN,2010,3403.5671,Africa
5872,Senegal,SEN,2011,3362.8794,Africa
5873,Senegal,SEN,2012,3405.1086,Africa
5874,Senegal,SEN,2013,3385.426,Africa
5875,Senegal,SEN,2014,3484.0122,Africa
5876,Senegal,SEN,2015,3593.7947,Africa
5877,Senegal,SEN,2016,3710.0554,Africa
5878,Senegal,SEN,2017,3871.4514,Africa
5879,Senegal,SEN,2018,3998.2864,Africa
5880,Senegal,SEN,2019,4070.6123,Africa
5881,Senegal,SEN,2020,4018.0413,Africa
5882,Senegal,SEN,2021,4173.6772,Africa
5883,Senegal,SEN,2022,4228.734,Africa
5884,Senegal,SEN,2023,4304.7617,Africa
5885,Senegal,SEN,2024,4477.8174,Africa
5886,Senegal,SEN,2025,4668.5415,Africa
5887,Serbia,SRB,1995,9444.752,Europe
5888,Serbia,SRB,1996,10035.014,Europe
5889,Serbia,SRB,1997,10965.482,Europe
5890,Serbia,SRB,1998,11598.331,Europe
5891,Serbia,SRB,1999,10438.461,Europe
5892,Serbia,SRB,2000,11105.949,Europe
5893,Serbia,SRB,2001,11879.177,Europe
5894,Serbia,SRB,2002,12661.939,Europe
5895,Serbia,SRB,2003,13273.69,Europe
5896,Serbia,SRB,2004,14194.365,Europe
5897,Serbia,SRB,2005,15077.559,Europe
5898,Serbia,SRB,2006,15727.403,Europe
5899,Serbia,SRB,2007,17028.086,Europe
5900,Serbia,SRB,2008,17983.281,Europe
5901,Serbia,SRB,2009,17488.123,Europe
5902,Serbia,SRB,2010,17841.432,Europe
5903,Serbia,SRB,2011,17986.584,Europe
5904,Serbia,SRB,2012,17993.814,Europe
5905,Serbia,SRB,2013,18163.205,Europe
5906,Serbia,SRB,2014,17922.436,Europe
5907,Serbia,SRB,2015,18247.809,Europe
5908,Serbia,SRB,2016,18889.38,Europe
5909,Serbia,SRB,2017,19438.992,Europe
5910,Serbia,SRB,2018,20454.227,Europe
5911,Serbia,SRB,2019,21541.127,Europe
5912,Serbia,SRB,2020,21479.078,Europe
5913,Serbia,SRB,2021,23406.307,Europe
5914,Serbia,SRB,2022,24651.848,Europe
5915,Serbia,SRB,2023,25735.133,Europe
5916,Serbia,SRB,2024,26900.742,Europe
5917,Serbia,SRB,2025,27603.393,Europe
5918,Seychelles,SYC,1990,15478.848,Africa
5919,Seychelles,SYC,1991,15695.671,Africa
5920,Seychelles,SYC,1992,16744.508,Africa
5921,Seychelles,SYC,1993,17596.898,Africa
5922,Seychelles,SYC,1994,16716.521,Africa
5923,Seychelles,SYC,1995,16552.455,Africa
5924,Seychelles,SYC,1996,17942.174,Africa
5925,Seychelles,SYC,1997,19895.143,Africa
5926,Seychelles,SYC,1998,19991.229,Africa
5927,Seychelles,SYC,1999,19969.352,Africa
5928,Seychelles,SYC,2000,20633.674,Africa
5929,Seychelles,SYC,2001,20147.418,Africa
5930,Seychelles,SYC,2002,19777.752,Africa
5931,Seychelles,SYC,2003,18825.22,Africa
5932,Seychelles,SYC,2004,18356.47,Africa
5933,Seychelles,SYC,2005,19917.12,Africa
5934,Seychelles,SYC,2006,21341.86,Africa
5935,Seychelles,SYC,2007,23117.855,Africa
5936,Seychelles,SYC,2008,21990.37,Africa
5937,Seychelles,SYC,2009,21361.13,Africa
5938,Seychelles,SYC,2010,21708.756,Africa
5939,Seychelles,SYC,2011,24406.412,Africa
5940,Seychelles,SYC,2012,24919.955,Africa
5941,Seychelles,SYC,2013,24770.652,Africa
5942,Seychelles,SYC,2014,25379.418,Africa
5943,Seychelles,SYC,2015,27032.209,Africa
5944,Seychelles,SYC,2016,29905.135,Africa
5945,Seychelles,SYC,2017,31595.668,Africa
5946,Seychelles,SYC,2018,32841.426,Africa
5947,Seychelles,SYC,2019,34346.07,Africa
5948,Seychelles,SYC,2020,30056.2,Africa
5949,Seychelles,SYC,2021,29979.828,Africa
5950,Seychelles,SYC,2022,27275.688,Africa
5951,Seychelles,SYC,2023,28713.668,Africa
5952,Seychelles,SYC,2024,29288.02,Africa
5953,Seychelles,SYC,2025,30638.723,Africa
5954,Sierra Leone,SLE,1990,2703.599,Africa
5955,Sierra Leone,SLE,1991,2734.9685,Africa
5956,Sierra Leone,SLE,1992,2257.4495,Africa
5957,Sierra Leone,SLE,1993,2293.5635,Africa
5958,Sierra Leone,SLE,1994,2240.29,Africa
5959,Sierra Leone,SLE,1995,2058.077,Africa
5960,Sierra Leone,SLE,1996,2084.1821,Africa
5961,Sierra Leone,SLE,1997,1936.5565,Africa
5962,Sierra Leone,SLE,1998,1951.8209,Africa
5963,Sierra Leone,SLE,1999,1903.3269,Africa
5964,Sierra Leone,SLE,2000,1981.5061,Africa
5965,Sierra Leone,SLE,2001,1749.3508,Africa
5966,Sierra Leone,SLE,2002,2089.2615,Africa
5967,Sierra Leone,SLE,2003,2196.2812,Africa
5968,Sierra Leone,SLE,2004,2260.8381,Africa
5969,Sierra Leone,SLE,2005,2296.6577,Africa
5970,Sierra Leone,SLE,2006,2342.7546,Africa
5971,Sierra Leone,SLE,2007,2377.8054,Africa
5972,Sierra Leone,SLE,2008,2404.652,Africa
5973,Sierra Leone,SLE,2009,2376.5825,Africa
5974,Sierra Leone,SLE,2010,2459.768,Africa
5975,Sierra Leone,SLE,2011,2590.5283,Africa
5976,Sierra Leone,SLE,2012,2792.9263,Africa
5977,Sierra Leone,SLE,2013,3124.7283,Africa
5978,Sierra Leone,SLE,2014,2812.5283,Africa
5979,Sierra Leone,SLE,2015,2628.1707,Africa
5980,Sierra Leone,SLE,2016,2732.261,Africa
5981,Sierra Leone,SLE,2017,2753.4272,Africa
5982,Sierra Leone,SLE,2018,2767.3801,Africa
5983,Sierra Leone,SLE,2019,2852.6626,Africa
5984,Sierra Leone,SLE,2020,2752.6262,Africa
5985,Sierra Leone,SLE,2021,2849.3887,Africa
5986,Sierra Leone,SLE,2022,2934.7332,Africa
5987,Sierra Leone,SLE,2023,3034.946,Africa
5988,Sierra Leone,SLE,2024,3098.763,Africa
5989,Sierra Leone,SLE,2025,3176.2368,Africa
5990,Singapore,SGP,1990,45961.06,Asia
5991,Singapore,SGP,1991,47659.496,Asia
5992,Singapore,SGP,1992,49319.82,Asia
5993,Singapore,SGP,1993,53598.465,Asia
5994,Singapore,SGP,1994,57706.87,Asia
5995,Singapore,SGP,1995,59997.008,Asia
5996,Singapore,SGP,1996,61911.504,Asia
5997,Singapore,SGP,1997,64846.062,Asia
5998,Singapore,SGP,1998,61306.773,Asia
5999,Singapore,SGP,1999,64296.637,Asia
6000,Singapore,SGP,2000,68904.125,Asia
6001,Singapore,SGP,2001,66352.15,Asia
6002,Singapore,SGP,2002,68328.93,Asia
6003,Singapore,SGP,2003,72497.87,Asia
6004,Singapore,SGP,2004,78712.53,Asia
6005,Singapore,SGP,2005,82547.484,Asia
6006,Singapore,SGP,2006,87210.05,Asia
6007,Singapore,SGP,2007,91198.15,Asia
6008,Singapore,SGP,2008,88083.29,Asia
6009,Singapore,SGP,2009,85575.76,Asia
6010,Singapore,SGP,2010,96280.016,Asia
6011,Singapore,SGP,2011,100153.73,Asia
6012,Singapore,SGP,2012,102061.12,Asia
6013,Singapore,SGP,2013,105259.695,Asia
6014,Singapore,SGP,2014,107990.89,Asia
6015,Singapore,SGP,2015,109894.04,Asia
6016,Singapore,SGP,2016,112719.945,Asia
6017,Singapore,SGP,2017,117492.97,Asia
6018,Singapore,SGP,2018,120668.89,Asia
6019,Singapore,SGP,2019,120678.34,Asia
6020,Singapore,SGP,2020,116684.21,Asia
6021,Singapore,SGP,2021,133990.19,Asia
6022,Singapore,SGP,2022,134828.0,Asia
6023,Singapore,SGP,2023,130296.84,Asia
6024,Singapore,SGP,2024,134548.77,Asia
6025,Singapore,SGP,2025,139592.61,Asia
6026,Sint Maarten (Dutch part),SXM,2009,50980.94,North America
6027,Sint Maarten (Dutch part),SXM,2010,52140.6,North America
6028,Sint Maarten (Dutch part),SXM,2011,53786.246,North America
6029,Sint Maarten (Dutch part),SXM,2012,53357.004,North America
6030,Sint Maarten (Dutch part),SXM,2013,52801.402,North America
6031,Sint Maarten (Dutch part),SXM,2014,52439.473,North America
6032,Sint Maarten (Dutch part),SXM,2015,51375.6,North America
6033,Sint Maarten (Dutch part),SXM,2016,50817.68,North America
6034,Sint Maarten (Dutch part),SXM,2017,46088.36,North America
6035,Sint Maarten (Dutch part),SXM,2018,42154.1,North America
6036,Sint Maarten (Dutch part),SXM,2019,45996.793,North America
6037,Sint Maarten (Dutch part),SXM,2020,39265.76,North America
6038,Sint Maarten (Dutch part),SXM,2021,40507.066,North America
6039,Sint Maarten (Dutch part),SXM,2022,45515.652,North America
6040,Sint Maarten (Dutch part),SXM,2023,46571.09,North America
6041,Sint Maarten (Dutch part),SXM,2024,47303.195,North America
6042,Sint Maarten (Dutch part),SXM,2025,48273.426,North America
6043,Slovakia,SVK,1990,17521.025,Europe
6044,Slovakia,SVK,1991,14955.954,Europe
6045,Slovakia,SVK,1992,13946.163,Europe
6046,Slovakia,SVK,1993,14157.182,Europe
6047,Slovakia,SVK,1994,14976.577,Europe
6048,Slovakia,SVK,1995,15805.413,Europe
6049,Slovakia,SVK,1996,16737.172,Europe
6050,Slovakia,SVK,1997,17622.78,Europe
6051,Slovakia,SVK,1998,18272.521,Europe
6052,Slovakia,SVK,1999,18167.496,Europe
6053,Slovakia,SVK,2000,18335.684,Europe
6054,Slovakia,SVK,2001,18906.602,Europe
6055,Slovakia,SVK,2002,19748.932,Europe
6056,Slovakia,SVK,2003,20721.713,Europe
6057,Slovakia,SVK,2004,21842.957,Europe
6058,Slovakia,SVK,2005,23257.176,Europe
6059,Slovakia,SVK,2006,25331.873,Europe
6060,Slovakia,SVK,2007,28064.246,Europe
6061,Slovakia,SVK,2008,29544.09,Europe
6062,Slovakia,SVK,2009,27880.41,Europe
6063,Slovakia,SVK,2010,29745.92,Europe
6064,Slovakia,SVK,2011,30468.826,Europe
6065,Slovakia,SVK,2012,30894.312,Europe
6066,Slovakia,SVK,2013,31078.186,Europe
6067,Slovakia,SVK,2014,31888.805,Europe
6068,Slovakia,SVK,2015,33507.793,Europe
6069,Slovakia,SVK,2016,34116.45,Europe
6070,Slovakia,SVK,2017,35042.785,Europe
6071,Slovakia,SVK,2018,36415.793,Europe
6072,Slovakia,SVK,2019,37194.21,Europe
6073,Slovakia,SVK,2020,36201.49,Europe
6074,Slovakia,SVK,2021,38330.305,Europe
6075,Slovakia,SVK,2022,38648.984,Europe
6076,Slovakia,SVK,2023,39501.95,Europe
6077,Slovakia,SVK,2024,40302.453,Europe
6078,Slovakia,SVK,2025,40689.816,Europe
6079,Slovenia,SVN,1990,25349.797,Europe
6080,Slovenia,SVN,1991,23078.992,Europe
6081,Slovenia,SVN,1992,21850.057,Europe
6082,Slovenia,SVN,1993,22524.959,Europe
6083,Slovenia,SVN,1994,23752.438,Europe
6084,Slovenia,SVN,1995,24722.656,Europe
6085,Slovenia,SVN,1996,25458.896,Europe
6086,Slovenia,SVN,1997,26811.488,Europe
6087,Slovenia,SVN,1998,27693.283,Europe
6088,Slovenia,SVN,1999,29131.352,Europe
6089,Slovenia,SVN,2000,30061.207,Europe
6090,Slovenia,SVN,2001,30862.896,Europe
6091,Slovenia,SVN,2002,31836.521,Europe
6092,Slovenia,SVN,2003,32833.906,Europe
6093,Slovenia,SVN,2004,34304.555,Europe
6094,Slovenia,SVN,2005,35565.043,Europe
6095,Slovenia,SVN,2006,37546.496,Europe
6096,Slovenia,SVN,2007,40002.703,Europe
6097,Slovenia,SVN,2008,41286.348,Europe
6098,Slovenia,SVN,2009,37809.17,Europe
6099,Slovenia,SVN,2010,38063.316,Europe
6100,Slovenia,SVN,2011,38233.29,Europe
6101,Slovenia,SVN,2012,37040.707,Europe
6102,Slovenia,SVN,2013,36685.75,Europe
6103,Slovenia,SVN,2014,37662.258,Europe
6104,Slovenia,SVN,2015,38534.645,Europe
6105,Slovenia,SVN,2016,39674.895,Europe
6106,Slovenia,SVN,2017,41700.652,Europe
6107,Slovenia,SVN,2018,43369.223,Europe
6108,Slovenia,SVN,2019,44577.94,Europe
6109,Slovenia,SVN,2020,42471.523,Europe
6110,Slovenia,SVN,2021,45922.664,Europe
6111,Slovenia,SVN,2022,47058.887,Europe
6112,Slovenia,SVN,2023,47986.418,Europe
6113,Slovenia,SVN,2024,48658.027,Europe
6114,Slovenia,SVN,2025,49091.02,Europe
6115,Solomon Islands,SLB,1990,2352.7007,Oceania
6116,Solomon Islands,SLB,1991,2418.6758,Oceania
6117,Solomon Islands,SLB,1992,2644.8394,Oceania
6118,Solomon Islands,SLB,1993,2670.018,Oceania
6119,Solomon Islands,SLB,1994,2802.5916,Oceania
6120,Solomon Islands,SLB,1995,2996.6555,Oceania
6121,Solomon Islands,SLB,1996,2958.1982,Oceania
6122,Solomon Islands,SLB,1997,2848.6846,Oceania
6123,Solomon Islands,SLB,1998,2805.6257,Oceania
6124,Solomon Islands,SLB,1999,2717.8752,Oceania
6125,Solomon Islands,SLB,2000,2277.1135,Oceania
6126,Solomon Islands,SLB,2001,2055.5376,Oceania
6127,Solomon Islands,SLB,2002,1960.675,Oceania
6128,Solomon Islands,SLB,2003,2050.5713,Oceania
6129,Solomon Islands,SLB,2004,2168.7837,Oceania
6130,Solomon Islands,SLB,2005,2287.5667,Oceania
6131,Solomon Islands,SLB,2006,2340.9514,Oceania
6132,Solomon Islands,SLB,2007,2384.6233,Oceania
6133,Solomon Islands,SLB,2008,2490.102,Oceania
6134,Solomon Islands,SLB,2009,2515.2131,Oceania
6135,Solomon Islands,SLB,2010,2682.629,Oceania
6136,Solomon Islands,SLB,2011,2777.8345,Oceania
6137,Solomon Islands,SLB,2012,2743.81,Oceania
6138,Solomon Islands,SLB,2013,2783.9485,Oceania
6139,Solomon Islands,SLB,2014,2716.77,Oceania
6140,Solomon Islands,SLB,2015,2665.0662,Oceania
6141,Solomon Islands,SLB,2016,2715.5815,Oceania
6142,Solomon Islands,SLB,2017,2704.0098,Oceania
6143,Solomon Islands,SLB,2018,2686.4631,Oceania
6144,Solomon Islands,SLB,2019,2661.9578,Oceania
6145,Solomon Islands,SLB,2020,2515.4636,Oceania
6146,Solomon Islands,SLB,2021,2450.184,Oceania
6147,Solomon Islands,SLB,2022,2330.4016,Oceania
6148,Solomon Islands,SLB,2023,2339.8748,Oceania
6149,Solomon Islands,SLB,2024,2353.5496,Oceania
6150,Solomon Islands,SLB,2025,2382.1313,Oceania
6151,Somalia,SOM,1991,837.267,Africa
6152,Somalia,SOM,1992,803.78705,Africa
6153,Somalia,SOM,1993,812.5573,Africa
6154,Somalia,SOM,1994,634.7277,Africa
6155,Somalia,SOM,1995,636.66205,Africa
6156,Somalia,SOM,1996,663.35114,Africa
6157,Somalia,SOM,1997,648.01715,Africa
6158,Somalia,SOM,1998,662.67487,Africa
6159,Somalia,SOM,1999,682.9791,Africa
6160,Somalia,SOM,2000,702.8501,Africa
6161,Somalia,SOM,2001,723.37976,Africa
6162,Somalia,SOM,2002,749.9136,Africa
6163,Somalia,SOM,2003,777.8846,Africa
6164,Somalia,SOM,2004,803.05975,Africa
6165,Somalia,SOM,2005,830.80725,Africa
6166,Somalia,SOM,2006,857.99365,Africa
6167,Somalia,SOM,2007,887.3693,Africa
6168,Somalia,SOM,2008,919.1321,Africa
6169,Somalia,SOM,2009,956.22034,Africa
6170,Somalia,SOM,2010,995.2256,Africa
6171,Somalia,SOM,2011,1054.3622,Africa
6172,Somalia,SOM,2012,1114.8042,Africa
6173,Somalia,SOM,2013,1197.7217,Africa
6174,Somalia,SOM,2014,1259.2743,Africa
6175,Somalia,SOM,2015,1343.9252,Africa
6176,Somalia,SOM,2016,1384.1552,Africa
6177,Somalia,SOM,2017,1527.6603,Africa
6178,Somalia,SOM,2018,1504.9791,Africa
6179,Somalia,SOM,2019,1491.2949,Africa
6180,Somalia,SOM,2020,1396.0554,Africa
6181,Somalia,SOM,2021,1392.3179,Africa
6182,Somalia,SOM,2022,1387.5475,Africa
6183,Somalia,SOM,2023,1401.6473,Africa
6184,Somalia,SOM,2024,1409.335,Africa
6185,Somalia,SOM,2025,1403.8138,Africa
6186,South Africa,ZAF,1990,10811.151,Africa
6187,South Africa,ZAF,1991,10459.356,Africa
6188,South Africa,ZAF,1992,10053.61,Africa
6189,South Africa,ZAF,1993,9976.965,Africa
6190,South Africa,ZAF,1994,10130.806,Africa
6191,South Africa,ZAF,1995,10318.839,Africa
6192,South Africa,ZAF,1996,10623.86,Africa
6193,South Africa,ZAF,1997,10770.278,Africa
6194,South Africa,ZAF,1998,10693.688,Africa
6195,South Africa,ZAF,1999,10831.659,Africa
6196,South Africa,ZAF,2000,11183.825,Africa
6197,South Africa,ZAF,2001,11387.492,Africa
6198,South Africa,ZAF,2002,11697.565,Africa
6199,South Africa,ZAF,2003,11923.121,Africa
6200,South Africa,ZAF,2004,12341.21,Africa
6201,South Africa,ZAF,2005,12861.563,Africa
6202,South Africa,ZAF,2006,13444.233,Africa
6203,South Africa,ZAF,2007,14016.244,Africa
6204,South Africa,ZAF,2008,14297.688,Africa
6205,South Africa,ZAF,2009,13910.702,Africa
6206,South Africa,ZAF,2010,14164.996,Africa
6207,South Africa,ZAF,2011,14434.261,Africa
6208,South Africa,ZAF,2012,14563.763,Africa
6209,South Africa,ZAF,2013,14681.097,Africa
6210,South Africa,ZAF,2014,14643.339,Africa
6211,South Africa,ZAF,2015,14541.675,Africa
6212,South Africa,ZAF,2016,14501.281,Africa
6213,South Africa,ZAF,2017,14573.598,Africa
6214,South Africa,ZAF,2018,14553.562,Africa
6215,South Africa,ZAF,2019,14352.67,Africa
6216,South Africa,ZAF,2020,13250.566,Africa
6217,South Africa,ZAF,2021,13681.955,Africa
6218,South Africa,ZAF,2022,13767.497,Africa
6219,South Africa,ZAF,2023,13695.376,Africa
6220,South Africa,ZAF,2024,13597.654,Africa
6221,South Africa,ZAF,2025,13592.049,Africa
6222,South Asia (WB),WB_SA,1990,2167.053,
6223,South Asia (WB),WB_SA,1991,2153.6785,
6224,South Asia (WB),WB_SA,1992,2223.065,
6225,South Asia (WB),WB_SA,1993,2281.9836,
6226,South Asia (WB),WB_SA,1994,2378.2986,
6227,South Asia (WB),WB_SA,1995,2498.6833,
6228,South Asia (WB),WB_SA,1996,2622.8962,
6229,South Asia (WB),WB_SA,1997,2679.9915,
6230,South Asia (WB),WB_SA,1998,2786.0156,
6231,South Asia (WB),WB_SA,1999,2957.7979,
6232,South Asia (WB),WB_SA,2000,3021.6328,
6233,South Asia (WB),WB_SA,2001,3103.923,
6234,South Asia (WB),WB_SA,2002,3164.4211,
6235,South Asia (WB),WB_SA,2003,3343.1794,
6236,South Asia (WB),WB_SA,2004,3536.635,
6237,South Asia (WB),WB_SA,2005,3748.3584,
6238,South Asia (WB),WB_SA,2006,3983.2502,
6239,South Asia (WB),WB_SA,2007,4222.241,
6240,South Asia (WB),WB_SA,2008,4309.948,
6241,South Asia (WB),WB_SA,2009,4566.507,
6242,South Asia (WB),WB_SA,2010,4872.7104,
6243,South Asia (WB),WB_SA,2011,5069.454,
6244,South Asia (WB),WB_SA,2012,5285.9067,
6245,South Asia (WB),WB_SA,2013,5548.161,
6246,South Asia (WB),WB_SA,2014,5878.675,
6247,South Asia (WB),WB_SA,2015,6259.3174,
6248,South Asia (WB),WB_SA,2016,6681.446,
6249,South Asia (WB),WB_SA,2017,7055.8345,
6250,South Asia (WB),WB_SA,2018,7430.464,
6251,South Asia (WB),WB_SA,2019,7660.419,
6252,South Asia (WB),WB_SA,2020,7215.2075,
6253,South Asia (WB),WB_SA,2021,7815.213,
6254,South Asia (WB),WB_SA,2022,8308.38,
6255,South Asia (WB),WB_SA,2023,8796.7295,
6256,South Asia (WB),WB_SA,2024,9307.067,
6257,South Asia (WB),WB_SA,2025,9880.356,
6258,South Korea,KOR,1990,14377.884,Asia
6259,South Korea,KOR,1991,15784.467,Asia
6260,South Korea,KOR,1992,16613.49,Asia
6261,South Korea,KOR,1993,17595.904,Asia
6262,South Korea,KOR,1994,19052.299,Asia
6263,South Korea,KOR,1995,20697.896,Asia
6264,South Korea,KOR,1996,22139.797,Asia
6265,South Korea,KOR,1997,23311.043,Asia
6266,South Korea,KOR,1998,22000.338,Asia
6267,South Korea,KOR,1999,24382.25,Asia
6268,South Korea,KOR,2000,26404.158,Asia
6269,South Korea,KOR,2001,27440.656,Asia
6270,South Korea,KOR,2002,29395.277,Asia
6271,South Korea,KOR,2003,30142.46,Asia
6272,South Korea,KOR,2004,31579.527,Asia
6273,South Korea,KOR,2005,32886.047,Asia
6274,South Korea,KOR,2006,34429.62,Asia
6275,South Korea,KOR,2007,36257.34,Asia
6276,South Korea,KOR,2008,37064.152,Asia
6277,South Korea,KOR,2009,37176.195,Asia
6278,South Korea,KOR,2010,39574.05,Asia
6279,South Korea,KOR,2011,40719.227,Asia
6280,South Korea,KOR,2012,41537.67,Asia
6281,South Korea,KOR,2013,42709.977,Asia
6282,South Korea,KOR,2014,43806.926,Asia
6283,South Korea,KOR,2015,44849.105,Asia
6284,South Korea,KOR,2016,46088.242,Asia
6285,South Korea,KOR,2017,47536.79,Asia
6286,South Korea,KOR,2018,48834.445,Asia
6287,South Korea,KOR,2019,49790.867,Asia
6288,South Korea,KOR,2020,49374.094,Asia
6289,South Korea,KOR,2021,51718.25,Asia
6290,South Korea,KOR,2022,53228.605,Asia
6291,South Korea,KOR,2023,54029.344,Asia
6292,South Korea,KOR,2024,55070.938,Asia
6293,South Korea,KOR,2025,55697.086,Asia
6294,Spain,ESP,1990,31773.227,Europe
6295,Spain,ESP,1991,32499.348,Europe
6296,Spain,ESP,1992,32641.082,Europe
6297,Spain,ESP,1993,32137.314,Europe
6298,Spain,ESP,1994,32746.93,Europe
6299,Spain,ESP,1995,33501.73,Europe
6300,Spain,ESP,1996,34232.38,Europe
6301,Spain,ESP,1997,35312.086,Europe
6302,Spain,ESP,1998,36679.094,Europe
6303,Spain,ESP,1999,38141.316,Europe
6304,Spain,ESP,2000,39945.9,Europe
6305,Spain,ESP,2001,41224.293,Europe
6306,Spain,ESP,2002,41766.04,Europe
6307,Spain,ESP,2003,42223.13,Europe
6308,Spain,ESP,2004,42793.39,Europe
6309,Spain,ESP,2005,43570.766,Europe
6310,Spain,ESP,2006,44572.68,Europe
6311,Spain,ESP,2007,45301.285,Europe
6312,Spain,ESP,2008,44926.348,Europe
6313,Spain,ESP,2009,42852.223,Europe
6314,Spain,ESP,2010,42695.527,Europe
6315,Spain,ESP,2011,42271.836,Europe
6316,Spain,ESP,2012,41034.047,Europe
6317,Spain,ESP,2013,40594.914,Europe
6318,Spain,ESP,2014,41339.41,Europe
6319,Spain,ESP,2015,43053.76,Europe
6320,Spain,ESP,2016,44274.668,Europe
6321,Spain,ESP,2017,45446.25,Europe
6322,Spain,ESP,2018,46325.21,Europe
6323,Spain,ESP,2019,46896.418,Europe
6324,Spain,ESP,2020,41553.45,Europe
6325,Spain,ESP,2021,44251.664,Europe
6326,Spain,ESP,2022,46733.48,Europe
6327,Spain,ESP,2023,47322.594,Europe
6328,Spain,ESP,2024,48460.293,Europe
6329,Spain,ESP,2025,49318.105,Europe
6330,Sri Lanka,LKA,1990,4561.579,Asia
6331,Sri Lanka,LKA,1991,4735.8193,Asia
6332,Sri Lanka,LKA,1992,4866.2393,Asia
6333,Sri Lanka,LKA,1993,5114.4365,Asia
6334,Sri Lanka,LKA,1994,5322.7295,Asia
6335,Sri Lanka,LKA,1995,5523.312,Asia
6336,Sri Lanka,LKA,1996,5624.024,Asia
6337,Sri Lanka,LKA,1997,5871.723,Asia
6338,Sri Lanka,LKA,1998,6032.622,Asia
6339,Sri Lanka,LKA,1999,6176.2354,Asia
6340,Sri Lanka,LKA,2000,6428.6133,Asia
6341,Sri Lanka,LKA,2001,6230.031,Asia
6342,Sri Lanka,LKA,2002,6409.863,Asia
6343,Sri Lanka,LKA,2003,6741.0127,Asia
6344,Sri Lanka,LKA,2004,7059.911,Asia
6345,Sri Lanka,LKA,2005,7452.742,Asia
6346,Sri Lanka,LKA,2006,7970.665,Asia
6347,Sri Lanka,LKA,2007,8454.207,Asia
6348,Sri Lanka,LKA,2008,8897.827,Asia
6349,Sri Lanka,LKA,2009,9156.319,Asia
6350,Sri Lanka,LKA,2010,9832.187,Asia
6351,Sri Lanka,LKA,2011,10618.492,Asia
6352,Sri Lanka,LKA,2012,11447.693,Asia
6353,Sri Lanka,LKA,2013,12249.723,Asia
6354,Sri Lanka,LKA,2014,12909.966,Asia
6355,Sri Lanka,LKA,2015,13329.779,Asia
6356,Sri Lanka,LKA,2016,13845.614,Asia
6357,Sri Lanka,LKA,2017,14572.485,Asia
6358,Sri Lanka,LKA,2018,14759.825,Asia
6359,Sri Lanka,LKA,2019,14637.444,Asia
6360,Sri Lanka,LKA,2020,13886.651,Asia
6361,Sri Lanka,LKA,2021,14316.135,Asia
6362,Sri Lanka,LKA,2022,13249.065,Asia
6363,Sri Lanka,LKA,2023,13065.07,Asia
6364,Sri Lanka,LKA,2024,13793.067,Asia
6365,Sri Lanka,LKA,2025,14582.761,Asia
6366,Sub-Saharan Africa (WB),WB_SSA,1990,3778.0627,
6367,Sub-Saharan Africa (WB),WB_SSA,1991,3695.4966,
6368,Sub-Saharan Africa (WB),WB_SSA,1992,3588.3806,
6369,Sub-Saharan Africa (WB),WB_SSA,1993,3448.821,
6370,Sub-Saharan Africa (WB),WB_SSA,1994,3384.9526,
6371,Sub-Saharan Africa (WB),WB_SSA,1995,3402.7827,
6372,Sub-Saharan Africa (WB),WB_SSA,1996,3484.7668,
6373,Sub-Saharan Africa (WB),WB_SSA,1997,3533.196,
6374,Sub-Saharan Africa (WB),WB_SSA,1998,3531.5183,
6375,Sub-Saharan Africa (WB),WB_SSA,1999,3511.4539,
6376,Sub-Saharan Africa (WB),WB_SSA,2000,3536.7417,
6377,Sub-Saharan Africa (WB),WB_SSA,2001,3594.4927,
6378,Sub-Saharan Africa (WB),WB_SSA,2002,3734.548,
6379,Sub-Saharan Africa (WB),WB_SSA,2003,3789.7021,
6380,Sub-Saharan Africa (WB),WB_SSA,2004,3941.1428,
6381,Sub-Saharan Africa (WB),WB_SSA,2005,4067.5469,
6382,Sub-Saharan Africa (WB),WB_SSA,2006,4198.8594,
6383,Sub-Saharan Africa (WB),WB_SSA,2007,4337.7983,
6384,Sub-Saharan Africa (WB),WB_SSA,2008,4445.5273,
6385,Sub-Saharan Africa (WB),WB_SSA,2009,4479.1406,
6386,Sub-Saharan Africa (WB),WB_SSA,2010,4632.844,
6387,Sub-Saharan Africa (WB),WB_SSA,2011,4713.4224,
6388,Sub-Saharan Africa (WB),WB_SSA,2012,4775.874,
6389,Sub-Saharan Africa (WB),WB_SSA,2013,4896.325,
6390,Sub-Saharan Africa (WB),WB_SSA,2014,5002.967,
6391,Sub-Saharan Africa (WB),WB_SSA,2015,5019.95,
6392,Sub-Saharan Africa (WB),WB_SSA,2016,4956.585,
6393,Sub-Saharan Africa (WB),WB_SSA,2017,4953.2646,
6394,Sub-Saharan Africa (WB),WB_SSA,2018,4963.209,
6395,Sub-Saharan Africa (WB),WB_SSA,2019,4962.5527,
6396,Sub-Saharan Africa (WB),WB_SSA,2020,4677.9224,
6397,Sub-Saharan Africa (WB),WB_SSA,2021,4720.484,
6398,Sub-Saharan Africa (WB),WB_SSA,2022,4795.247,
6399,Sub-Saharan Africa (WB),WB_SSA,2023,4809.4844,
6400,Sub-Saharan Africa (WB),WB_SSA,2024,4872.9155,
6401,Sub-Saharan Africa (WB),WB_SSA,2025,4963.376,
6402,Sudan,SDN,1990,2460.1887,Africa
6403,Sudan,SDN,1991,2591.8691,Africa
6404,Sudan,SDN,1992,2709.79,Africa
6405,Sudan,SDN,1993,2777.275,Africa
6406,Sudan,SDN,1994,2736.472,Africa
6407,Sudan,SDN,1995,2824.632,Africa
6408,Sudan,SDN,1996,2924.2908,Africa
6409,Sudan,SDN,1997,3380.1868,Africa
6410,Sudan,SDN,1998,3441.1792,Africa
6411,Sudan,SDN,1999,3459.23,Africa
6412,Sudan,SDN,2000,3575.852,Africa
6413,Sudan,SDN,2001,3701.5488,Africa
6414,Sudan,SDN,2002,3814.3132,Africa
6415,Sudan,SDN,2003,3946.9226,Africa
6416,Sudan,SDN,2004,4041.0571,Africa
6417,Sudan,SDN,2005,4152.3228,Africa
6418,Sudan,SDN,2006,4299.974,Africa
6419,Sudan,SDN,2007,4415.785,Africa
6420,Sudan,SDN,2008,4446.4097,Africa
6421,Sudan,SDN,2009,4188.0547,Africa
6422,Sudan,SDN,2010,4219.837,Africa
6423,Sudan,SDN,2011,4467.626,Africa
6424,Sudan,SDN,2012,4145.9316,Africa
6425,Sudan,SDN,2013,4130.486,Africa
6426,Sudan,SDN,2014,4207.5005,Africa
6427,Sudan,SDN,2015,4159.1943,Africa
6428,Sudan,SDN,2016,4174.561,Africa
6429,Sudan,SDN,2017,4061.0183,Africa
6430,Sudan,SDN,2018,3816.66,Africa
6431,Sudan,SDN,2019,3625.5232,Africa
6432,Sudan,SDN,2020,3401.2498,Africa
6433,Sudan,SDN,2021,3248.9756,Africa
6434,Sudan,SDN,2022,3132.0771,Africa
6435,Sudan,SDN,2023,2181.079,Africa
6436,Sudan,SDN,2024,1861.398,Africa
6437,Sudan,SDN,2025,1873.3856,Africa
6438,Suriname,SUR,1990,17137.65,South America
6439,Suriname,SUR,1991,17493.496,South America
6440,Suriname,SUR,1992,17455.125,South America
6441,Suriname,SUR,1993,16217.166,South America
6442,Suriname,SUR,1994,16648.535,South America
6443,Suriname,SUR,1995,16368.312,South America
6444,Suriname,SUR,1996,16184.5,South America
6445,Suriname,SUR,1997,16754.352,South America
6446,Suriname,SUR,1998,16789.756,South America
6447,Suriname,SUR,1999,16217.518,South America
6448,Suriname,SUR,2000,16220.179,South America
6449,Suriname,SUR,2001,16556.943,South America
6450,Suriname,SUR,2002,16678.072,South America
6451,Suriname,SUR,2003,17383.502,South America
6452,Suriname,SUR,2004,18585.518,South America
6453,Suriname,SUR,2005,19220.283,South America
6454,Suriname,SUR,2006,20113.67,South America
6455,Suriname,SUR,2007,20902.139,South America
6456,Suriname,SUR,2008,21515.812,South America
6457,Suriname,SUR,2009,21906.41,South America
6458,Suriname,SUR,2010,22772.475,South America
6459,Suriname,SUR,2011,23829.533,South America
6460,Suriname,SUR,2012,24193.842,South America
6461,Suriname,SUR,2013,24624.021,South America
6462,Suriname,SUR,2014,24414.355,South America
6463,Suriname,SUR,2015,23327.525,South America
6464,Suriname,SUR,2016,21950.412,South America
6465,Suriname,SUR,2017,22070.514,South America
6466,Suriname,SUR,2018,22938.535,South America
6467,Suriname,SUR,2019,22966.74,South America
6468,Suriname,SUR,2020,19091.361,South America
6469,Suriname,SUR,2021,18458.234,South America
6470,Suriname,SUR,2022,18742.588,South America
6471,Suriname,SUR,2023,19020.867,South America
6472,Suriname,SUR,2024,19179.102,South America
6473,Suriname,SUR,2025,19357.39,South America
6474,Sweden,SWE,1990,40199.707,Europe
6475,Sweden,SWE,1991,39469.07,Europe
6476,Sweden,SWE,1992,38783.64,Europe
6477,Sweden,SWE,1993,37762.54,Europe
6478,Sweden,SWE,1994,39000.83,Europe
6479,Sweden,SWE,1995,40385.215,Europe
6480,Sweden,SWE,1996,41008.35,Europe
6481,Sweden,SWE,1997,42241.062,Europe
6482,Sweden,SWE,1998,44010.11,Europe
6483,Sweden,SWE,1999,45823.3,Europe
6484,Sweden,SWE,2000,47868.508,Europe
6485,Sweden,SWE,2001,48389.82,Europe
6486,Sweden,SWE,2002,49331.203,Europe
6487,Sweden,SWE,2003,50072.473,Europe
6488,Sweden,SWE,2004,51960.53,Europe
6489,Sweden,SWE,2005,53198.67,Europe
6490,Sweden,SWE,2006,55373.934,Europe
6491,Sweden,SWE,2007,56737.367,Europe
6492,Sweden,SWE,2008,55777.4,Europe
6493,Sweden,SWE,2009,52950.71,Europe
6494,Sweden,SWE,2010,55520.434,Europe
6495,Sweden,SWE,2011,56846.137,Europe
6496,Sweden,SWE,2012,56193.33,Europe
6497,Sweden,SWE,2013,56353.086,Europe
6498,Sweden,SWE,2014,57077.668,Europe
6499,Sweden,SWE,2015,58955.64,Europe
6500,Sweden,SWE,2016,59460.29,Europe
6501,Sweden,SWE,2017,59769.01,Europe
6502,Sweden,SWE,2018,60124.57,Europe
6503,Sweden,SWE,2019,61070.523,Europe
6504,Sweden,SWE,2020,59458.28,Europe
6505,Sweden,SWE,2021,62190.85,Europe
6506,Sweden,SWE,2022,62544.5,Europe
6507,Sweden,SWE,2023,62122.51,Europe
6508,Sweden,SWE,2024,62558.406,Europe
6509,Sweden,SWE,2025,63362.46,Europe
6510,Switzerland,CHE,1990,63921.42,Europe
6511,Switzerland,CHE,1991,62404.062,Europe
6512,Switzerland,CHE,1992,61004.742,Europe
6513,Switzerland,CHE,1993,59202.984,Europe
6514,Switzerland,CHE,1994,61091.496,Europe
6515,Switzerland,CHE,1995,63169.28,Europe
6516,Switzerland,CHE,1996,63243.215,Europe
6517,Switzerland,CHE,1997,64414.457,Europe
6518,Switzerland,CHE,1998,66006.26,Europe
6519,Switzerland,CHE,1999,66795.89,Europe
6520,Switzerland,CHE,2000,68834.82,Europe
6521,Switzerland,CHE,2001,69489.7,Europe
6522,Switzerland,CHE,2002,69228.37,Europe
6523,Switzerland,CHE,2003,68521.34,Europe
6524,Switzerland,CHE,2004,69812.375,Europe
6525,Switzerland,CHE,2005,71414.35,Europe
6526,Switzerland,CHE,2006,73901.62,Europe
6527,Switzerland,CHE,2007,76161.56,Europe
6528,Switzerland,CHE,2008,77103.72,Europe
6529,Switzerland,CHE,2009,74672.95,Europe
6530,Switzerland,CHE,2010,76308.805,Europe
6531,Switzerland,CHE,2011,76527.336,Europe
6532,Switzerland,CHE,2012,76570.234,Europe
6533,Switzerland,CHE,2013,77084.664,Europe
6534,Switzerland,CHE,2014,78086.68,Europe
6535,Switzerland,CHE,2015,78325.75,Europe
6536,Switzerland,CHE,2016,78956.07,Europe
6537,Switzerland,CHE,2017,79333.74,Europe
6538,Switzerland,CHE,2018,81371.89,Europe
6539,Switzerland,CHE,2019,81694.63,Europe
6540,Switzerland,CHE,2020,79270.875,Europe
6541,Switzerland,CHE,2021,83524.984,Europe
6542,Switzerland,CHE,2022,85762.28,Europe
6543,Switzerland,CHE,2023,85383.36,Europe
6544,Switzerland,CHE,2024,85448.055,Europe
6545,Switzerland,CHE,2025,85732.11,Europe
6546,Syria,SYR,1990,5952.3584,Asia
6547,Syria,SYR,1991,6210.4155,Asia
6548,Syria,SYR,1992,6803.929,Asia
6549,Syria,SYR,1993,7007.725,Asia
6550,Syria,SYR,1994,7294.8633,Asia
6551,Syria,SYR,1995,7589.397,Asia
6552,Syria,SYR,1996,8112.374,Asia
6553,Syria,SYR,1997,8299.189,Asia
6554,Syria,SYR,1998,8636.634,Asia
6555,Syria,SYR,1999,8120.4927,Asia
6556,Syria,SYR,2000,7973.9814,Asia
6557,Syria,SYR,2001,8075.784,Asia
6558,Syria,SYR,2002,8502.493,Asia
6559,Syria,SYR,2003,8351.465,Asia
6560,Syria,SYR,2004,8710.009,Asia
6561,Syria,SYR,2005,9016.721,Asia
6562,Syria,SYR,2006,9074.772,Asia
6563,Syria,SYR,2007,9017.087,Asia
6564,Syria,SYR,2008,9093.13,Asia
6565,Syria,SYR,2009,9481.57,Asia
6566,Syria,SYR,2010,9749.574,Asia
6567,Syria,SYR,2011,9854.034,Asia
6568,Syria,SYR,2012,7296.329,Asia
6569,Syria,SYR,2013,5648.602,Asia
6570,Syria,SYR,2014,5414.375,Asia
6571,Syria,SYR,2015,5414.839,Asia
6572,Syria,SYR,2016,5128.9185,Asia
6573,Syria,SYR,2017,5083.652,Asia
6574,Syria,SYR,2018,5061.494,Asia
6575,Syria,SYR,2019,4928.029,Asia
6576,Syria,SYR,2020,4810.611,Asia
6577,Syria,SYR,2021,4765.5293,Asia
6578,Syria,SYR,2022,4579.44,Asia
6579,Tajikistan,TJK,1990,4173.046,Asia
6580,Tajikistan,TJK,1991,3777.1074,Asia
6581,Tajikistan,TJK,1992,2630.3865,Asia
6582,Tajikistan,TJK,1993,2169.9675,Asia
6583,Tajikistan,TJK,1994,1678.3385,Asia
6584,Tajikistan,TJK,1995,1439.5028,Asia
6585,Tajikistan,TJK,1996,1175.7941,Asia
6586,Tajikistan,TJK,1997,1181.2811,Asia
6587,Tajikistan,TJK,1998,1236.6755,Asia
6588,Tajikistan,TJK,1999,1275.8225,Asia
6589,Tajikistan,TJK,2000,1365.2333,Asia
6590,Tajikistan,TJK,2001,1467.3988,Asia
6591,Tajikistan,TJK,2002,1594.939,Asia
6592,Tajikistan,TJK,2003,1736.6404,Asia
6593,Tajikistan,TJK,2004,1878.287,Asia
6594,Tajikistan,TJK,2005,1965.3002,Asia
6595,Tajikistan,TJK,2006,2063.2886,Asia
6596,Tajikistan,TJK,2007,2181.898,Asia
6597,Tajikistan,TJK,2008,2308.0942,Asia
6598,Tajikistan,TJK,2009,2349.5002,Asia
6599,Tajikistan,TJK,2010,2449.2737,Asia
6600,Tajikistan,TJK,2011,2572.4807,Asia
6601,Tajikistan,TJK,2012,2700.0955,Asia
6602,Tajikistan,TJK,2013,2828.3855,Asia
6603,Tajikistan,TJK,2014,2943.0886,Asia
6604,Tajikistan,TJK,2015,3041.4448,Asia
6605,Tajikistan,TJK,2016,3169.9668,Asia
6606,Tajikistan,TJK,2017,3312.712,Asia
6607,Tajikistan,TJK,2018,3479.6924,Asia
6608,Tajikistan,TJK,2019,3649.8838,Asia
6609,Tajikistan,TJK,2020,3724.749,Asia
6610,Tajikistan,TJK,2021,3985.9126,Asia
6611,Tajikistan,TJK,2022,4213.7563,Asia
6612,Tajikistan,TJK,2023,4472.324,Asia
6613,Tajikistan,TJK,2024,4755.933,Asia
6614,Tajikistan,TJK,2025,5061.847,Asia
6615,Tanzania,TZA,1990,1794.2046,Africa
6616,Tanzania,TZA,1991,1785.664,Africa
6617,Tanzania,TZA,1992,1751.9185,Africa
6618,Tanzania,TZA,1993,1718.3931,Africa
6619,Tanzania,TZA,1994,1679.6624,Africa
6620,Tanzania,TZA,1995,1685.8511,Africa
6621,Tanzania,TZA,1996,1730.5546,Africa
6622,Tanzania,TZA,1997,1755.8037,Africa
6623,Tanzania,TZA,1998,1773.7242,Africa
6624,Tanzania,TZA,1999,1810.9716,Africa
6625,Tanzania,TZA,2000,1839.9366,Africa
6626,Tanzania,TZA,2001,1899.7454,Africa
6627,Tanzania,TZA,2002,1982.6443,Africa
6628,Tanzania,TZA,2003,2059.8374,Africa
6629,Tanzania,TZA,2004,2155.2415,Africa
6630,Tanzania,TZA,2005,2253.0933,Africa
6631,Tanzania,TZA,2006,2334.1045,Africa
6632,Tanzania,TZA,2007,2423.616,Africa
6633,Tanzania,TZA,2008,2493.2593,Africa
6634,Tanzania,TZA,2009,2560.811,Africa
6635,Tanzania,TZA,2010,2654.8035,Africa
6636,Tanzania,TZA,2011,2779.7078,Africa
6637,Tanzania,TZA,2012,2822.4854,Africa
6638,Tanzania,TZA,2013,2924.8633,Africa
6639,Tanzania,TZA,2014,3027.569,Africa
6640,Tanzania,TZA,2015,3111.4446,Africa
6641,Tanzania,TZA,2016,3214.2468,Africa
6642,Tanzania,TZA,2017,3318.2883,Africa
6643,Tanzania,TZA,2018,3392.6887,Africa
6644,Tanzania,TZA,2019,3484.6326,Africa
6645,Tanzania,TZA,2020,3449.8215,Africa
6646,Tanzania,TZA,2021,3493.083,Africa
6647,Tanzania,TZA,2022,3546.981,Africa
6648,Tanzania,TZA,2023,3620.7935,Africa
6649,Tanzania,TZA,2024,3713.263,Africa
6650,Tanzania,TZA,2025,3820.6118,Africa
6651,Thailand,THA,1990,8702.899,Asia
6652,Thailand,THA,1991,9295.041,Asia
6653,Thailand,THA,1992,9887.974,Asia
6654,Thailand,THA,1993,10539.961,Asia
6655,Thailand,THA,1994,11216.255,Asia
6656,Thailand,THA,1995,11955.219,Asia
6657,Thailand,THA,1996,12457.682,Asia
6658,Thailand,THA,1997,11954.147,Asia
6659,Thailand,THA,1998,10898.337,Asia
6660,Thailand,THA,1999,11254.609,Asia
6661,Thailand,THA,2000,11623.787,Asia
6662,Thailand,THA,2001,11902.611,Asia
6663,Thailand,THA,2002,12513.542,Asia
6664,Thailand,THA,2003,13288.748,Asia
6665,Thailand,THA,2004,13998.521,Asia
6666,Thailand,THA,2005,14459.825,Asia
6667,Thailand,THA,2006,15052.695,Asia
6668,Thailand,THA,2007,15744.365,Asia
6669,Thailand,THA,2008,15893.509,Asia
6670,Thailand,THA,2009,15667.6045,Asia
6671,Thailand,THA,2010,16732.188,Asia
6672,Thailand,THA,2011,16768.168,Asia
6673,Thailand,THA,2012,17871.578,Asia
6674,Thailand,THA,2013,18244.406,Asia
6675,Thailand,THA,2014,18326.605,Asia
6676,Thailand,THA,2015,18814.041,Asia
6677,Thailand,THA,2016,19372.713,Asia
6678,Thailand,THA,2017,20096.861,Asia
6679,Thailand,THA,2018,20882.17,Asia
6680,Thailand,THA,2019,21280.15,Asia
6681,Thailand,THA,2020,19950.285,Asia
6682,Thailand,THA,2021,20236.977,Asia
6683,Thailand,THA,2022,20768.48,Asia
6684,Thailand,THA,2023,21245.271,Asia
6685,Thailand,THA,2024,21882.215,Asia
6686,Thailand,THA,2025,22431.752,Asia
6687,Togo,TGO,1990,2409.1482,Africa
6688,Togo,TGO,1991,2324.3115,Africa
6689,Togo,TGO,1992,2169.3928,Africa
6690,Togo,TGO,1993,1863.0372,Africa
6691,Togo,TGO,1994,2133.2715,Africa
6692,Togo,TGO,1995,2185.1956,Africa
6693,Togo,TGO,1996,2278.142,Africa
6694,Togo,TGO,1997,2519.0005,Africa
6695,Togo,TGO,1998,2400.0535,Africa
6696,Togo,TGO,1999,2399.4575,Africa
6697,Togo,TGO,2000,2321.9504,Africa
6698,Togo,TGO,2001,2283.585,Africa
6699,Togo,TGO,2002,2312.9646,Africa
6700,Togo,TGO,2003,2407.5857,Africa
6701,Togo,TGO,2004,2326.601,Africa
6702,Togo,TGO,2005,2164.016,Africa
6703,Togo,TGO,2006,2158.9438,Africa
6704,Togo,TGO,2007,2067.2183,Africa
6705,Togo,TGO,2008,2082.642,Africa
6706,Togo,TGO,2009,2126.4414,Africa
6707,Togo,TGO,2010,2181.5989,Africa
6708,Togo,TGO,2011,2246.562,Africa
6709,Togo,TGO,2012,2333.1929,Africa
6710,Togo,TGO,2013,2416.378,Africa
6711,Togo,TGO,2014,2501.4326,Africa
6712,Togo,TGO,2015,2588.2727,Africa
6713,Togo,TGO,2016,2648.901,Africa
6714,Togo,TGO,2017,2708.6113,Africa
6715,Togo,TGO,2018,2787.564,Africa
6716,Togo,TGO,2019,2862.6267,Africa
6717,Togo,TGO,2020,2861.2979,Africa
6718,Togo,TGO,2021,2952.0974,Africa
6719,Togo,TGO,2022,3086.4087,Africa
6720,Togo,TGO,2023,3215.823,Africa
6721,Togo,TGO,2024,3351.25,Africa
6722,Togo,TGO,2025,3485.982,Africa
6723,Tonga,TON,1990,4488.394,Oceania
6724,Tonga,TON,1991,4766.999,Oceania
6725,Tonga,TON,1992,4772.9424,Oceania
6726,Tonga,TON,1993,4947.3516,Oceania
6727,Tonga,TON,1994,5189.1045,Oceania
6728,Tonga,TON,1995,5509.045,Oceania
6729,Tonga,TON,1996,5511.4146,Oceania
6730,Tonga,TON,1997,5456.604,Oceania
6731,Tonga,TON,1998,5542.393,Oceania
6732,Tonga,TON,1999,5633.4443,Oceania
6733,Tonga,TON,2000,5809.0093,Oceania
6734,Tonga,TON,2001,5860.8315,Oceania
6735,Tonga,TON,2002,6085.893,Oceania
6736,Tonga,TON,2003,6054.656,Oceania
6737,Tonga,TON,2004,5901.2134,Oceania
6738,Tonga,TON,2005,5829.117,Oceania
6739,Tonga,TON,2006,5671.6406,Oceania
6740,Tonga,TON,2007,5507.3574,Oceania
6741,Tonga,TON,2008,5759.306,Oceania
6742,Tonga,TON,2009,5454.5737,Oceania
6743,Tonga,TON,2010,5489.4536,Oceania
6744,Tonga,TON,2011,5848.1934,Oceania
6745,Tonga,TON,2012,5908.024,Oceania
6746,Tonga,TON,2013,5952.457,Oceania
6747,Tonga,TON,2014,6097.6504,Oceania
6748,Tonga,TON,2015,6195.433,Oceania
6749,Tonga,TON,2016,6639.9873,Oceania
6750,Tonga,TON,2017,6863.548,Oceania
6751,Tonga,TON,2018,6885.985,Oceania
6752,Tonga,TON,2019,6859.7173,Oceania
6753,Tonga,TON,2020,6981.304,Oceania
6754,Tonga,TON,2021,6930.065,Oceania
6755,Tonga,TON,2022,6811.4824,Oceania
6756,Tonga,TON,2023,7031.3203,Oceania
6757,Tonga,TON,2024,7180.9873,Oceania
6758,Tonga,TON,2025,7412.866,Oceania
6759,Trinidad and Tobago,TTO,1990,11869.528,North America
6760,Trinidad and Tobago,TTO,1991,12142.349,North America
6761,Trinidad and Tobago,TTO,1992,13267.978,North America
6762,Trinidad and Tobago,TTO,1993,13088.707,North America
6763,Trinidad and Tobago,TTO,1994,13472.746,North America
6764,Trinidad and Tobago,TTO,1995,13912.313,North America
6765,Trinidad and Tobago,TTO,1996,14838.902,North America
6766,Trinidad and Tobago,TTO,1997,15895.244,North America
6767,Trinidad and Tobago,TTO,1998,17129.092,North America
6768,Trinidad and Tobago,TTO,1999,18440.574,North America
6769,Trinidad and Tobago,TTO,2000,19637.555,North America
6770,Trinidad and Tobago,TTO,2001,20366.754,North America
6771,Trinidad and Tobago,TTO,2002,21876.854,North America
6772,Trinidad and Tobago,TTO,2003,24910.822,North America
6773,Trinidad and Tobago,TTO,2004,26757.908,North America
6774,Trinidad and Tobago,TTO,2005,29536.44,North America
6775,Trinidad and Tobago,TTO,2006,33348.75,North America
6776,Trinidad and Tobago,TTO,2007,34793.645,North America
6777,Trinidad and Tobago,TTO,2008,35825.332,North America
6778,Trinidad and Tobago,TTO,2009,34212.27,North America
6779,Trinidad and Tobago,TTO,2010,35145.125,North America
6780,Trinidad and Tobago,TTO,2011,34769.76,North America
6781,Trinidad and Tobago,TTO,2012,36903.69,North America
6782,Trinidad and Tobago,TTO,2013,37994.07,North America
6783,Trinidad and Tobago,TTO,2014,39248.656,North America
6784,Trinidad and Tobago,TTO,2015,38963.965,North America
6785,Trinidad and Tobago,TTO,2016,35914.99,North America
6786,Trinidad and Tobago,TTO,2017,34095.99,North America
6787,Trinidad and Tobago,TTO,2018,33710.02,North America
6788,Trinidad and Tobago,TTO,2019,33748.707,North America
6789,Trinidad and Tobago,TTO,2020,30720.887,North America
6790,Trinidad and Tobago,TTO,2021,30482.121,North America
6791,Trinidad and Tobago,TTO,2022,30784.111,North America
6792,Trinidad and Tobago,TTO,2023,31196.604,North America
6793,Trinidad and Tobago,TTO,2024,31960.156,North America
6794,Trinidad and Tobago,TTO,2025,31721.576,North America
6795,Tunisia,TUN,1990,6742.5845,Africa
6796,Tunisia,TUN,1991,6859.7344,Africa
6797,Tunisia,TUN,1992,7241.291,Africa
6798,Tunisia,TUN,1993,7253.336,Africa
6799,Tunisia,TUN,1994,7350.656,Africa
6800,Tunisia,TUN,1995,7406.239,Africa
6801,Tunisia,TUN,1996,7821.792,Africa
6802,Tunisia,TUN,1997,8136.3374,Africa
6803,Tunisia,TUN,1998,8417.985,Africa
6804,Tunisia,TUN,1999,8821.988,Africa
6805,Tunisia,TUN,2000,9134.415,Africa
6806,Tunisia,TUN,2001,9380.563,Africa
6807,Tunisia,TUN,2002,9407.557,Africa
6808,Tunisia,TUN,2003,9752.024,Africa
6809,Tunisia,TUN,2004,10263.806,Africa
6810,Tunisia,TUN,2005,10529.16,Africa
6811,Tunisia,TUN,2006,10983.922,Africa
6812,Tunisia,TUN,2007,11613.925,Africa
6813,Tunisia,TUN,2008,11990.196,Africa
6814,Tunisia,TUN,2009,12229.775,Africa
6815,Tunisia,TUN,2010,12458.271,Africa
6816,Tunisia,TUN,2011,12068.714,Africa
6817,Tunisia,TUN,2012,12436.3955,Africa
6818,Tunisia,TUN,2013,12587.995,Africa
6819,Tunisia,TUN,2014,12824.003,Africa
6820,Tunisia,TUN,2015,12802.792,Africa
6821,Tunisia,TUN,2016,12803.88,Africa
6822,Tunisia,TUN,2017,12955.401,Africa
6823,Tunisia,TUN,2018,13163.195,Africa
6824,Tunisia,TUN,2019,13243.902,Africa
6825,Tunisia,TUN,2020,11955.599,Africa
6826,Tunisia,TUN,2021,12444.326,Africa
6827,Tunisia,TUN,2022,12712.224,Africa
6828,Tunisia,TUN,2023,12650.962,Africa
6829,Tunisia,TUN,2024,12774.916,Africa
6830,Tunisia,TUN,2025,13017.634,Africa
6831,Turkey,TUR,1990,12184.199,Asia
6832,Turkey,TUR,1991,12057.936,Asia
6833,Turkey,TUR,1992,12451.045,Asia
6834,Turkey,TUR,1993,13174.467,Asia
6835,Turkey,TUR,1994,12343.004,Asia
6836,Turkey,TUR,1995,13099.258,Asia
6837,Turkey,TUR,1996,13826.92,Asia
6838,Turkey,TUR,1997,14631.296,Asia
6839,Turkey,TUR,1998,14704.339,Asia
6840,Turkey,TUR,1999,14066.189,Asia
6841,Turkey,TUR,2000,14856.915,Asia
6842,Turkey,TUR,2001,13872.129,Asia
6843,Turkey,TUR,2002,14587.895,Asia
6844,Turkey,TUR,2003,15255.718,Asia
6845,Turkey,TUR,2004,16583.883,Asia
6846,Turkey,TUR,2005,17902.596,Asia
6847,Turkey,TUR,2006,18972.01,Asia
6848,Turkey,TUR,2007,19909.084,Asia
6849,Turkey,TUR,2008,19839.584,Asia
6850,Turkey,TUR,2009,18612.193,Asia
6851,Turkey,TUR,2010,19897.447,Asia
6852,Turkey,TUR,2011,21760.43,Asia
6853,Turkey,TUR,2012,22517.715,Asia
6854,Turkey,TUR,2013,24117.312,Asia
6855,Turkey,TUR,2014,24888.852,Asia
6856,Turkey,TUR,2015,25984.803,Asia
6857,Turkey,TUR,2016,26489.645,Asia
6858,Turkey,TUR,2017,28194.688,Asia
6859,Turkey,TUR,2018,28780.303,Asia
6860,Turkey,TUR,2019,28741.053,Asia
6861,Turkey,TUR,2020,28976.719,Asia
6862,Turkey,TUR,2021,32105.547,Asia
6863,Turkey,TUR,2022,33520.812,Asia
6864,Turkey,TUR,2023,35069.17,Asia
6865,Turkey,TUR,2024,36154.492,Asia
6866,Turkey,TUR,2025,37300.75,Asia
6867,Turkmenistan,TKM,1990,7850.7134,Asia
6868,Turkmenistan,TKM,1991,7304.0073,Asia
6869,Turkmenistan,TKM,1992,6071.0835,Asia
6870,Turkmenistan,TKM,1993,6028.1025,Asia
6871,Turkmenistan,TKM,1994,4883.2173,Asia
6872,Turkmenistan,TKM,1995,4451.0283,Asia
6873,Turkmenistan,TKM,1996,4668.3633,Asia
6874,Turkmenistan,TKM,1997,4066.6309,Asia
6875,Turkmenistan,TKM,1998,4282.5073,Asia
6876,Turkmenistan,TKM,1999,4898.424,Asia
6877,Turkmenistan,TKM,2000,5064.2876,Asia
6878,Turkmenistan,TKM,2001,5179.4644,Asia
6879,Turkmenistan,TKM,2002,5090.381,Asia
6880,Turkmenistan,TKM,2003,5154.751,Asia
6881,Turkmenistan,TKM,2004,5309.6455,Asia
6882,Turkmenistan,TKM,2005,5889.8467,Asia
6883,Turkmenistan,TKM,2006,6415.713,Asia
6884,Turkmenistan,TKM,2007,6993.5293,Asia
6885,Turkmenistan,TKM,2008,7870.0273,Asia
6886,Turkmenistan,TKM,2009,8186.8784,Asia
6887,Turkmenistan,TKM,2010,8758.896,Asia
6888,Turkmenistan,TKM,2011,9837.563,Asia
6889,Turkmenistan,TKM,2012,10689.354,Asia
6890,Turkmenistan,TKM,2013,11516.374,Asia
6891,Turkmenistan,TKM,2014,12423.925,Asia
6892,Turkmenistan,TKM,2015,12926.664,Asia
6893,Turkmenistan,TKM,2016,13420.385,Asia
6894,Turkmenistan,TKM,2017,13963.404,Asia
6895,Turkmenistan,TKM,2018,14499.168,Asia
6896,Turkmenistan,TKM,2019,15080.903,Asia
6897,Turkmenistan,TKM,2020,15630.914,Asia
6898,Turkmenistan,TKM,2021,16259.87,Asia
6899,Turkmenistan,TKM,2022,16943.605,Asia
6900,Turkmenistan,TKM,2023,17685.86,Asia
6901,Turkmenistan,TKM,2024,18470.744,Asia
6902,Turkmenistan,TKM,2025,19313.943,Asia
6903,Turks and Caicos Islands,TCA,2007,21878.82,North America
6904,Turks and Caicos Islands,TCA,2008,22689.316,North America
6905,Turks and Caicos Islands,TCA,2009,17512.197,North America
6906,Turks and Caicos Islands,TCA,2010,17000.223,North America
6907,Turks and Caicos Islands,TCA,2011,17147.424,North America
6908,Turks and Caicos Islands,TCA,2012,16024.691,North America
6909,Turks and Caicos Islands,TCA,2013,15461.873,North America
6910,Turks and Caicos Islands,TCA,2014,16138.849,North America
6911,Turks and Caicos Islands,TCA,2015,17201.771,North America
6912,Turks and Caicos Islands,TCA,2016,17625.72,North America
6913,Turks and Caicos Islands,TCA,2017,29540.354,North America
6914,Turks and Caicos Islands,TCA,2018,30286.12,North America
6915,Turks and Caicos Islands,TCA,2019,30611.213,North America
6916,Turks and Caicos Islands,TCA,2020,19702.537,North America
6917,Turks and Caicos Islands,TCA,2021,25056.488,North America
6918,Turks and Caicos Islands,TCA,2022,28209.625,North America
6919,Turks and Caicos Islands,TCA,2023,31839.371,North America
6920,Turks and Caicos Islands,TCA,2024,33390.527,North America
6921,Tuvalu,TUV,1990,3120.2812,Oceania
6922,Tuvalu,TUV,1991,3185.8237,Oceania
6923,Tuvalu,TUV,1992,3234.8142,Oceania
6924,Tuvalu,TUV,1993,3335.317,Oceania
6925,Tuvalu,TUV,1994,3645.9397,Oceania
6926,Tuvalu,TUV,1995,3436.2354,Oceania
6927,Tuvalu,TUV,1996,3209.9429,Oceania
6928,Tuvalu,TUV,1997,3509.2559,Oceania
6929,Tuvalu,TUV,1998,4031.3591,Oceania
6930,Tuvalu,TUV,1999,3949.5088,Oceania
6931,Tuvalu,TUV,2000,3893.2969,Oceania
6932,Tuvalu,TUV,2001,3903.2031,Oceania
6933,Tuvalu,TUV,2002,4211.59,Oceania
6934,Tuvalu,TUV,2003,3998.436,Oceania
6935,Tuvalu,TUV,2004,3874.5828,Oceania
6936,Tuvalu,TUV,2005,3682.8918,Oceania
6937,Tuvalu,TUV,2006,3687.7712,Oceania
6938,Tuvalu,TUV,2007,3893.6426,Oceania
6939,Tuvalu,TUV,2008,4093.9248,Oceania
6940,Tuvalu,TUV,2009,3812.1394,Oceania
6941,Tuvalu,TUV,2010,3664.4504,Oceania
6942,Tuvalu,TUV,2011,3879.349,Oceania
6943,Tuvalu,TUV,2012,3715.6006,Oceania
6944,Tuvalu,TUV,2013,3833.4895,Oceania
6945,Tuvalu,TUV,2014,3903.4346,Oceania
6946,Tuvalu,TUV,2015,4277.715,Oceania
6947,Tuvalu,TUV,2016,4495.5723,Oceania
6948,Tuvalu,TUV,2017,4668.544,Oceania
6949,Tuvalu,TUV,2018,4785.233,Oceania
6950,Tuvalu,TUV,2019,5515.8994,Oceania
6951,Tuvalu,TUV,2020,5442.3633,Oceania
6952,Tuvalu,TUV,2021,5551.8086,Oceania
6953,Tuvalu,TUV,2022,5044.54,Oceania
6954,Tuvalu,TUV,2023,5315.163,Oceania
6955,Tuvalu,TUV,2024,5592.187,Oceania
6956,Tuvalu,TUV,2025,5776.0786,Oceania
6957,Uganda,UGA,1990,1080.0383,Africa
6958,Uganda,UGA,1991,1103.229,Africa
6959,Uganda,UGA,1992,1102.73,Africa
6960,Uganda,UGA,1993,1153.9937,Africa
6961,Uganda,UGA,1994,1187.3678,Africa
6962,Uganda,UGA,1995,1288.5089,Africa
6963,Uganda,UGA,1996,1367.9457,Africa
6964,Uganda,UGA,1997,1396.6311,Africa
6965,Uganda,UGA,1998,1422.2079,Africa
6966,Uganda,UGA,1999,1487.7579,Africa
6967,Uganda,UGA,2000,1487.005,Africa
6968,Uganda,UGA,2001,1516.9642,Africa
6969,Uganda,UGA,2002,1598.5829,Africa
6970,Uganda,UGA,2003,1649.1483,Africa
6971,Uganda,UGA,2004,1709.3616,Africa
6972,Uganda,UGA,2005,1765.0378,Africa
6973,Uganda,UGA,2006,1898.9791,Africa
6974,Uganda,UGA,2007,1999.0625,Africa
6975,Uganda,UGA,2008,2110.1006,Africa
6976,Uganda,UGA,2009,2188.299,Africa
6977,Uganda,UGA,2010,2244.606,Africa
6978,Uganda,UGA,2011,2384.4653,Africa
6979,Uganda,UGA,2012,2405.0945,Africa
6980,Uganda,UGA,2013,2420.8882,Africa
6981,Uganda,UGA,2014,2470.504,Africa
6982,Uganda,UGA,2015,2520.02,Africa
6983,Uganda,UGA,2016,2554.2278,Africa
6984,Uganda,UGA,2017,2543.8477,Africa
6985,Uganda,UGA,2018,2613.88,Africa
6986,Uganda,UGA,2019,2689.4102,Africa
6987,Uganda,UGA,2020,2678.009,Africa
6988,Uganda,UGA,2021,2684.9204,Africa
6989,Uganda,UGA,2022,2724.906,Africa
6990,Uganda,UGA,2023,2791.0557,Africa
6991,Uganda,UGA,2024,2879.6702,Africa
6992,Uganda,UGA,2025,2980.3794,Africa
6993,Ukraine,UKR,1990,22815.799,Europe
6994,Ukraine,UKR,1991,20784.16,Europe
6995,Ukraine,UKR,1992,18671.873,Europe
6996,Ukraine,UKR,1993,16012.372,Europe
6997,Ukraine,UKR,1994,12410.525,Europe
6998,Ukraine,UKR,1995,10983.009,Europe
6999,Ukraine,UKR,1996,9969.501,Europe
7000,Ukraine,UKR,1997,9754.05,Europe
7001,Ukraine,UKR,1998,9646.055,Europe
7002,Ukraine,UKR,1999,9704.445,Europe
7003,Ukraine,UKR,2000,10364.0625,Europe
7004,Ukraine,UKR,2001,11379.386,Europe
7005,Ukraine,UKR,2002,12092.789,Europe
7006,Ukraine,UKR,2003,13342.88,Europe
7007,Ukraine,UKR,2004,15021.066,Europe
7008,Ukraine,UKR,2005,15610.573,Europe
7009,Ukraine,UKR,2006,16901.508,Europe
7010,Ukraine,UKR,2007,18374.014,Europe
7011,Ukraine,UKR,2008,18883.986,Europe
7012,Ukraine,UKR,2009,16092.796,Europe
7013,Ukraine,UKR,2010,16811.795,Europe
7014,Ukraine,UKR,2011,17783.957,Europe
7015,Ukraine,UKR,2012,17848.74,Europe
7016,Ukraine,UKR,2013,17889.092,Europe
7017,Ukraine,UKR,2014,16978.812,Europe
7018,Ukraine,UKR,2015,15403.71,Europe
7019,Ukraine,UKR,2016,15856.8125,Europe
7020,Ukraine,UKR,2017,16310.36,Europe
7021,Ukraine,UKR,2018,16978.984,Europe
7022,Ukraine,UKR,2019,17636.555,Europe
7023,Ukraine,UKR,2020,17092.54,Europe
7024,Ukraine,UKR,2021,17846.408,Europe
7025,Ukraine,UKR,2022,13787.121,Europe
7026,Ukraine,UKR,2023,15916.958,Europe
7027,Ukraine,UKR,2024,16371.441,Europe
7028,Ukraine,UKR,2025,16155.073,Europe
7029,United Arab Emirates,ARE,1990,111376.984,Asia
7030,United Arab Emirates,ARE,1991,106266.16,Asia
7031,United Arab Emirates,ARE,1992,104207.06,Asia
7032,United Arab Emirates,ARE,1993,100422.836,Asia
7033,United Arab Emirates,ARE,1994,102456.24,Asia
7034,United Arab Emirates,ARE,1995,104527.85,Asia
7035,United Arab Emirates,ARE,1996,103653.54,Asia
7036,United Arab Emirates,ARE,1997,103392.38,Asia
7037,United Arab Emirates,ARE,1998,96088.66,Asia
7038,United Arab Emirates,ARE,1999,92047.61,Asia
7039,United Arab Emirates,ARE,2000,95390.836,Asia
7040,United Arab Emirates,ARE,2001,90750.33,Asia
7041,United Arab Emirates,ARE,2002,87479.16,Asia
7042,United Arab Emirates,ARE,2003,89828.49,Asia
7043,United Arab Emirates,ARE,2004,93166.16,Asia
7044,United Arab Emirates,ARE,2005,92750.92,Asia
7045,United Arab Emirates,ARE,2006,94872.516,Asia
7046,United Arab Emirates,ARE,2007,87180.6,Asia
7047,United Arab Emirates,ARE,2008,80285.164,Asia
7048,United Arab Emirates,ARE,2009,71488.97,Asia
7049,United Arab Emirates,ARE,2010,70913.76,Asia
7050,United Arab Emirates,ARE,2011,73190.41,Asia
7051,United Arab Emirates,ARE,2012,73644.055,Asia
7052,United Arab Emirates,ARE,2013,74237.2,Asia
7053,United Arab Emirates,ARE,2014,74145.12,Asia
7054,United Arab Emirates,ARE,2015,75238.555,Asia
7055,United Arab Emirates,ARE,2016,75671.04,Asia
7056,United Arab Emirates,ARE,2017,72529.04,Asia
7057,United Arab Emirates,ARE,2018,72671.08,Asia
7058,United Arab Emirates,ARE,2019,72822.945,Asia
7059,United Arab Emirates,ARE,2020,66808.62,Asia
7060,United Arab Emirates,ARE,2021,68580.13,Asia
7061,United Arab Emirates,ARE,2022,70075.64,Asia
7062,United Arab Emirates,ARE,2023,70239.836,Asia
7063,United Arab Emirates,ARE,2024,69701.79,Asia
7064,United Kingdom,GBR,1990,33530.957,Europe
7065,United Kingdom,GBR,1991,32995.395,Europe
7066,United Kingdom,GBR,1992,33332.332,Europe
7067,United Kingdom,GBR,1993,34413.19,Europe
7068,United Kingdom,GBR,1994,36025.984,Europe
7069,United Kingdom,GBR,1995,37200.38,Europe
7070,United Kingdom,GBR,1996,38076.062,Europe
7071,United Kingdom,GBR,1997,39831.45,Europe
7072,United Kingdom,GBR,1998,41004.84,Europe
7073,United Kingdom,GBR,1999,42071.707,Europe
7074,United Kingdom,GBR,2000,43818.348,Europe
7075,United Kingdom,GBR,2001,44693.66,Europe
7076,United Kingdom,GBR,2002,45265.457,Europe
7077,United Kingdom,GBR,2003,46505.28,Europe
7078,United Kingdom,GBR,2004,47317.027,Europe
7079,United Kingdom,GBR,2005,48304.676,Europe
7080,United Kingdom,GBR,2006,49000.953,Europe
7081,United Kingdom,GBR,2007,50045.918,Europe
7082,United Kingdom,GBR,2008,49629.05,Europe
7083,United Kingdom,GBR,2009,46995.547,Europe
7084,United Kingdom,GBR,2010,47682.652,Europe
7085,United Kingdom,GBR,2011,47714.29,Europe
7086,United Kingdom,GBR,2012,48099.66,Europe
7087,United Kingdom,GBR,2013,48600.51,Europe
7088,United Kingdom,GBR,2014,49763.176,Europe
7089,United Kingdom,GBR,2015,50462.832,Europe
7090,United Kingdom,GBR,2016,51168.293,Europe
7091,United Kingdom,GBR,2017,52429.13,Europe
7092,United Kingdom,GBR,2018,52983.04,Europe
7093,United Kingdom,GBR,2019,53374.094,Europe
7094,United Kingdom,GBR,2020,47930.55,Europe
7095,United Kingdom,GBR,2021,51840.44,Europe
7096,United Kingdom,GBR,2022,53979.77,Europe
7097,United Kingdom,GBR,2023,53423.42,Europe
7098,United Kingdom,GBR,2024,53412.066,Europe
7099,United Kingdom,GBR,2025,53993.117,Europe
7100,United States,USA,1990,44384.21,North America
7101,United States,USA,1991,43747.63,North America
7102,United States,USA,1992,44664.875,North America
7103,United States,USA,1993,45292.74,North America
7104,United States,USA,1994,46543.32,North America
7105,United States,USA,1995,47227.008,North America
7106,United States,USA,1996,48441.906,North America
7107,United States,USA,1997,49990.676,North America
7108,United States,USA,1998,51626.484,North America
7109,United States,USA,1999,53480.9,North America
7110,United States,USA,2000,55045.676,North America
7111,United States,USA,2001,55024.355,North America
7112,United States,USA,2002,55443.22,North America
7113,United States,USA,2003,56505.445,North America
7114,United States,USA,2004,58139.082,North America
7115,United States,USA,2005,59612.39,North America
7116,United States,USA,2006,60684.34,North America
7117,United States,USA,2007,61314.453,North America
7118,United States,USA,2008,60806.223,North America
7119,United States,USA,2009,58722.496,North America
7120,United States,USA,2010,59797.074,North America
7121,United States,USA,2011,60253.203,North America
7122,United States,USA,2012,61142.363,North America
7123,United States,USA,2013,61966.664,North America
7124,United States,USA,2014,63026.88,North America
7125,United States,USA,2015,64367.72,North America
7126,United States,USA,2016,65025.984,North America
7127,United States,USA,2017,66164.03,North America
7128,United States,USA,2018,67728.445,North America
7129,United States,USA,2019,69121.46,North America
7130,United States,USA,2020,67406.83,North America
7131,United States,USA,2021,71441.234,North America
7132,United States,USA,2022,72828.74,North America
7133,United States,USA,2023,74351.67,North America
7134,United States,USA,2024,75698.18,North America
7135,United States,USA,2025,76931.31,North America
7136,United States Virgin Islands,VIR,2002,54299.23,North America
7137,United States Virgin Islands,VIR,2003,54086.156,North America
7138,United States Virgin Islands,VIR,2004,55883.453,North America
7139,United States Virgin Islands,VIR,2005,57838.098,North America
7140,United States Virgin Islands,VIR,2006,59911.723,North America
7141,United States Virgin Islands,VIR,2007,62332.945,North America
7142,United States Virgin Islands,VIR,2008,63057.625,North America
7143,United States Virgin Islands,VIR,2009,58895.305,North America
7144,United States Virgin Islands,VIR,2010,59272.246,North America
7145,United States Virgin Islands,VIR,2011,54443.07,North America
7146,United States Virgin Islands,VIR,2012,46422.414,North America
7147,United States Virgin Islands,VIR,2013,43563.887,North America
7148,United States Virgin Islands,VIR,2014,42853.9,North America
7149,United States Virgin Islands,VIR,2015,42739.082,North America
7150,United States Virgin Islands,VIR,2016,43502.434,North America
7151,United States Virgin Islands,VIR,2017,43277.156,North America
7152,United States Virgin Islands,VIR,2018,44205.406,North America
7153,United States Virgin Islands,VIR,2019,45632.637,North America
7154,United States Virgin Islands,VIR,2020,45055.78,North America
7155,United States Virgin Islands,VIR,2021,46893.55,North America
7156,United States Virgin Islands,VIR,2022,46479.3,North America
7157,Upper-middle-income countries,OWID_UMC,1990,5810.4194,
7158,Upper-middle-income countries,OWID_UMC,1991,5832.2627,
7159,Upper-middle-income countries,OWID_UMC,1992,5937.927,
7160,Upper-middle-income countries,OWID_UMC,1993,6118.062,
7161,Upper-middle-income countries,OWID_UMC,1994,6270.839,
7162,Upper-middle-income countries,OWID_UMC,1995,6432.6855,
7163,Upper-middle-income countries,OWID_UMC,1996,6714.8086,
7164,Upper-middle-income countries,OWID_UMC,1997,7003.1357,
7165,Upper-middle-income countries,OWID_UMC,1998,7065.4097,
7166,Upper-middle-income countries,OWID_UMC,1999,7193.227,
7167,Upper-middle-income countries,OWID_UMC,2000,7534.466,
7168,Upper-middle-income countries,OWID_UMC,2001,7707.8335,
7169,Upper-middle-income countries,OWID_UMC,2002,7995.269,
7170,Upper-middle-income countries,OWID_UMC,2003,8370.322,
7171,Upper-middle-income countries,OWID_UMC,2004,8939.432,
7172,Upper-middle-income countries,OWID_UMC,2005,9482.474,
7173,Upper-middle-income countries,OWID_UMC,2006,10156.828,
7174,Upper-middle-income countries,OWID_UMC,2007,10958.714,
7175,Upper-middle-income countries,OWID_UMC,2008,11494.891,
7176,Upper-middle-income countries,OWID_UMC,2009,11694.222,
7177,Upper-middle-income countries,OWID_UMC,2010,12531.09,
7178,Upper-middle-income countries,OWID_UMC,2011,13236.516,
7179,Upper-middle-income countries,OWID_UMC,2012,13822.305,
7180,Upper-middle-income countries,OWID_UMC,2013,14423.829,
7181,Upper-middle-income countries,OWID_UMC,2014,14947.24,
7182,Upper-middle-income countries,OWID_UMC,2015,15424.562,
7183,Upper-middle-income countries,OWID_UMC,2016,15979.554,
7184,Upper-middle-income countries,OWID_UMC,2017,16662.428,
7185,Upper-middle-income countries,OWID_UMC,2018,17308.086,
7186,Upper-middle-income countries,OWID_UMC,2019,17882.205,
7187,Upper-middle-income countries,OWID_UMC,2020,17611.744,
7188,Upper-middle-income countries,OWID_UMC,2021,18796.441,
7189,Upper-middle-income countries,OWID_UMC,2022,19378.709,
7190,Upper-middle-income countries,OWID_UMC,2023,20194.443,
7191,Upper-middle-income countries,OWID_UMC,2024,20967.36,
7192,Upper-middle-income countries,OWID_UMC,2025,21748.879,
7193,Uruguay,URY,1990,14060.84,South America
7194,Uruguay,URY,1991,14474.728,South America
7195,Uruguay,URY,1992,15536.481,South America
7196,Uruguay,URY,1993,15865.271,South America
7197,Uruguay,URY,1994,16932.021,South America
7198,Uruguay,URY,1995,16600.033,South America
7199,Uruguay,URY,1996,17433.688,South America
7200,Uruguay,URY,1997,18823.936,South America
7201,Uruguay,URY,1998,19577.783,South America
7202,Uruguay,URY,1999,19192.71,South America
7203,Uruguay,URY,2000,18752.05,South America
7204,Uruguay,URY,2001,17986.895,South America
7205,Uruguay,URY,2002,16572.781,South America
7206,Uruguay,URY,2003,16694.432,South America
7207,Uruguay,URY,2004,17519.373,South America
7208,Uruguay,URY,2005,18811.312,South America
7209,Uruguay,URY,2006,19560.074,South America
7210,Uruguay,URY,2007,20803.885,South America
7211,Uruguay,URY,2008,22249.375,South America
7212,Uruguay,URY,2009,23138.074,South America
7213,Uruguay,URY,2010,24879.826,South America
7214,Uruguay,URY,2011,26099.312,South America
7215,Uruguay,URY,2012,26953.271,South America
7216,Uruguay,URY,2013,28119.473,South America
7217,Uruguay,URY,2014,28935.086,South America
7218,Uruguay,URY,2015,28941.62,South America
7219,Uruguay,URY,2016,29332.557,South America
7220,Uruguay,URY,2017,29762.422,South America
7221,Uruguay,URY,2018,29757.928,South America
7222,Uruguay,URY,2019,30010.562,South America
7223,Uruguay,URY,2020,27788.176,South America
7224,Uruguay,URY,2021,29431.873,South America
7225,Uruguay,URY,2022,30840.07,South America
7226,Uruguay,URY,2023,31100.969,South America
7227,Uruguay,URY,2024,32149.48,South America
7228,Uruguay,URY,2025,32741.625,South America
7229,Uzbekistan,UZB,1990,4239.5864,Asia
7230,Uzbekistan,UZB,1991,4118.5156,Asia
7231,Uzbekistan,UZB,1992,3568.3555,Asia
7232,Uzbekistan,UZB,1993,3406.5518,Asia
7233,Uzbekistan,UZB,1994,3161.075,Asia
7234,Uzbekistan,UZB,1995,3070.5269,Asia
7235,Uzbekistan,UZB,1996,3064.6372,Asia
7236,Uzbekistan,UZB,1997,3168.7727,Asia
7237,Uzbekistan,UZB,1998,3253.545,Asia
7238,Uzbekistan,UZB,1999,3346.159,Asia
7239,Uzbekistan,UZB,2000,3430.8838,Asia
7240,Uzbekistan,UZB,2001,3530.5496,Asia
7241,Uzbekistan,UZB,2002,3626.078,Asia
7242,Uzbekistan,UZB,2003,3733.798,Asia
7243,Uzbekistan,UZB,2004,3962.9011,Asia
7244,Uzbekistan,UZB,2005,4185.6396,Asia
7245,Uzbekistan,UZB,2006,4439.9067,Asia
7246,Uzbekistan,UZB,2007,4792.829,Asia
7247,Uzbekistan,UZB,2008,5145.9917,Asia
7248,Uzbekistan,UZB,2009,5471.8203,Asia
7249,Uzbekistan,UZB,2010,5794.9805,Asia
7250,Uzbekistan,UZB,2011,6170.8413,Asia
7251,Uzbekistan,UZB,2012,6525.497,Asia
7252,Uzbekistan,UZB,2013,6932.9336,Asia
7253,Uzbekistan,UZB,2014,7344.443,Asia
7254,Uzbekistan,UZB,2015,7792.236,Asia
7255,Uzbekistan,UZB,2016,8172.922,Asia
7256,Uzbekistan,UZB,2017,8413.3,Asia
7257,Uzbekistan,UZB,2018,8742.549,Asia
7258,Uzbekistan,UZB,2019,9169.012,Asia
7259,Uzbekistan,UZB,2020,9145.231,Asia
7260,Uzbekistan,UZB,2021,9705.601,Asia
7261,Uzbekistan,UZB,2022,10091.388,Asia
7262,Uzbekistan,UZB,2023,10514.096,Asia
7263,Uzbekistan,UZB,2024,10997.171,Asia
7264,Uzbekistan,UZB,2025,11622.855,Asia
7265,Vanuatu,VUT,1990,3531.7876,Oceania
7266,Vanuatu,VUT,1991,3553.4373,Oceania
7267,Vanuatu,VUT,1992,3555.9373,Oceania
7268,Vanuatu,VUT,1993,3495.4927,Oceania
7269,Vanuatu,VUT,1994,3723.0244,Oceania
7270,Vanuatu,VUT,1995,3674.3882,Oceania
7271,Vanuatu,VUT,1996,3676.8787,Oceania
7272,Vanuatu,VUT,1997,3775.2358,Oceania
7273,Vanuatu,VUT,1998,3740.6853,Oceania
7274,Vanuatu,VUT,1999,3676.2974,Oceania
7275,Vanuatu,VUT,2000,3805.6223,Oceania
7276,Vanuatu,VUT,2001,3584.9111,Oceania
7277,Vanuatu,VUT,2002,3314.7126,Oceania
7278,Vanuatu,VUT,2003,3372.773,Oceania
7279,Vanuatu,VUT,2004,3422.6082,Oceania
7280,Vanuatu,VUT,2005,3517.8462,Oceania
7281,Vanuatu,VUT,2006,3724.2473,Oceania
7282,Vanuatu,VUT,2007,3738.6665,Oceania
7283,Vanuatu,VUT,2008,3850.279,Oceania
7284,Vanuatu,VUT,2009,3867.758,Oceania
7285,Vanuatu,VUT,2010,3825.7566,Oceania
7286,Vanuatu,VUT,2011,3861.1821,Oceania
7287,Vanuatu,VUT,2012,3815.419,Oceania
7288,Vanuatu,VUT,2013,3748.7651,Oceania
7289,Vanuatu,VUT,2014,3779.6494,Oceania
7290,Vanuatu,VUT,2015,3825.8123,Oceania
7291,Vanuatu,VUT,2016,3877.0835,Oceania
7292,Vanuatu,VUT,2017,3947.6782,Oceania
7293,Vanuatu,VUT,2018,3951.1846,Oceania
7294,Vanuatu,VUT,2019,3986.6562,Oceania
7295,Vanuatu,VUT,2020,3671.9739,Oceania
7296,Vanuatu,VUT,2021,3546.0803,Oceania
7297,Vanuatu,VUT,2022,3658.5188,Oceania
7298,Vanuatu,VUT,2023,3782.8264,Oceania
7299,Vanuatu,VUT,2024,3837.0393,Oceania
7300,Vanuatu,VUT,2025,3866.998,Oceania
7301,Vietnam,VNM,1990,2467.9646,Asia
7302,Vietnam,VNM,1991,2560.8438,Asia
7303,Vietnam,VNM,1992,2726.4736,Asia
7304,Vietnam,VNM,1993,2890.4243,Asia
7305,Vietnam,VNM,1994,3089.6094,Asia
7306,Vietnam,VNM,1995,3328.2148,Asia
7307,Vietnam,VNM,1996,3584.029,Asia
7308,Vietnam,VNM,1997,3820.3025,Asia
7309,Vietnam,VNM,1998,3982.958,Asia
7310,Vietnam,VNM,1999,4119.0537,Asia
7311,Vietnam,VNM,2000,4349.2236,Asia
7312,Vietnam,VNM,2001,4570.2686,Asia
7313,Vietnam,VNM,2002,4809.6216,Asia
7314,Vietnam,VNM,2003,5090.29,Asia
7315,Vietnam,VNM,2004,5421.097,Asia
7316,Vietnam,VNM,2005,5776.3633,Asia
7317,Vietnam,VNM,2006,6098.245,Asia
7318,Vietnam,VNM,2007,6418.544,Asia
7319,Vietnam,VNM,2008,6659.1357,Asia
7320,Vietnam,VNM,2009,6914.339,Asia
7321,Vietnam,VNM,2010,7274.733,Asia
7322,Vietnam,VNM,2011,7652.619,Asia
7323,Vietnam,VNM,2012,7979.868,Asia
7324,Vietnam,VNM,2013,8324.198,Asia
7325,Vietnam,VNM,2014,8751.883,Asia
7326,Vietnam,VNM,2015,9248.024,Asia
7327,Vietnam,VNM,2016,9743.188,Asia
7328,Vietnam,VNM,2017,10290.549,Asia
7329,Vietnam,VNM,2018,10936.894,Asia
7330,Vietnam,VNM,2019,11628.614,Asia
7331,Vietnam,VNM,2020,11851.396,Asia
7332,Vietnam,VNM,2021,12048.902,Asia
7333,Vietnam,VNM,2022,12979.764,Asia
7334,Vietnam,VNM,2023,13534.8,Asia
7335,Vietnam,VNM,2024,14396.422,Asia
7336,Vietnam,VNM,2025,15457.35,Asia
7337,World,OWID_WRL,1990,11275.134,
7338,World,OWID_WRL,1991,11183.411,
7339,World,OWID_WRL,1992,11147.558,
7340,World,OWID_WRL,1993,11138.332,
7341,World,OWID_WRL,1994,11264.777,
7342,World,OWID_WRL,1995,11442.804,
7343,World,OWID_WRL,1996,11691.708,
7344,World,OWID_WRL,1997,11979.724,
7345,World,OWID_WRL,1998,12098.403,
7346,World,OWID_WRL,1999,12360.743,
7347,World,OWID_WRL,2000,12780.638,
7348,World,OWID_WRL,2001,12915.056,
7349,World,OWID_WRL,2002,13104.347,
7350,World,OWID_WRL,2003,13410.598,
7351,World,OWID_WRL,2004,13921.34,
7352,World,OWID_WRL,2005,14377.205,
7353,World,OWID_WRL,2006,14934.693,
7354,World,OWID_WRL,2007,15519.537,
7355,World,OWID_WRL,2008,15756.197,
7356,World,OWID_WRL,2009,15456.593,
7357,World,OWID_WRL,2010,16050.853,
7358,World,OWID_WRL,2011,16478.65,
7359,World,OWID_WRL,2012,16785.055,
7360,World,OWID_WRL,2013,17121.723,
7361,World,OWID_WRL,2014,17502.781,
7362,World,OWID_WRL,2015,17870.98,
7363,World,OWID_WRL,2016,18234.02,
7364,World,OWID_WRL,2017,18714.574,
7365,World,OWID_WRL,2018,19189.492,
7366,World,OWID_WRL,2019,19551.086,
7367,World,OWID_WRL,2020,18812.492,
7368,World,OWID_WRL,2021,19875.566,
7369,World,OWID_WRL,2022,20421.734,
7370,World,OWID_WRL,2023,20894.867,
7371,World,OWID_WRL,2024,21393.184,
7372,World,OWID_WRL,2025,21913.51,
7373,Zambia,ZMB,1990,2425.1113,Africa
7374,Zambia,ZMB,1991,2364.8623,Africa
7375,Zambia,ZMB,1992,2268.498,Africa
7376,Zambia,ZMB,1993,2365.6296,Africa
7377,Zambia,ZMB,1994,2110.5833,Africa
7378,Zambia,ZMB,1995,2119.9565,Africa
7379,Zambia,ZMB,1996,2197.1956,Africa
7380,Zambia,ZMB,1997,2223.4575,Africa
7381,Zambia,ZMB,1998,2157.5735,Africa
7382,Zambia,ZMB,1999,2198.1892,Africa
7383,Zambia,ZMB,2000,2220.5654,Africa
7384,Zambia,ZMB,2001,2268.9697,Africa
7385,Zambia,ZMB,2002,2299.333,Africa
7386,Zambia,ZMB,2003,2383.8762,Africa
7387,Zambia,ZMB,2004,2471.7207,Africa
7388,Zambia,ZMB,2005,2564.4756,Africa
7389,Zambia,ZMB,2006,2673.4614,Africa
7390,Zambia,ZMB,2007,2796.353,Africa
7391,Zambia,ZMB,2008,2908.1436,Africa
7392,Zambia,ZMB,2009,3065.8442,Africa
7393,Zambia,ZMB,2010,3266.5076,Africa
7394,Zambia,ZMB,2011,3335.6433,Africa
7395,Zambia,ZMB,2012,3474.5525,Africa
7396,Zambia,ZMB,2013,3535.2246,Africa
7397,Zambia,ZMB,2014,3585.5774,Africa
7398,Zambia,ZMB,2015,3576.9255,Africa
7399,Zambia,ZMB,2016,3598.1716,Africa
7400,Zambia,ZMB,2017,3612.5059,Africa
7401,Zambia,ZMB,2018,3646.9597,Africa
7402,Zambia,ZMB,2019,3591.5642,Africa
7403,Zambia,ZMB,2020,3391.5955,Africa
7404,Zambia,ZMB,2021,3503.035,Africa
7405,Zambia,ZMB,2022,3585.1238,Africa
7406,Zambia,ZMB,2023,3673.4841,Africa
7407,Zambia,ZMB,2024,3708.069,Africa
7408,Zambia,ZMB,2025,3742.2563,Africa
7409,Zimbabwe,ZWE,1990,6082.8687,Africa
7410,Zimbabwe,ZWE,1991,6254.302,Africa
7411,Zimbabwe,ZWE,1992,5532.0615,Africa
7412,Zimbabwe,ZWE,1993,5509.107,Africa
7413,Zimbabwe,ZWE,1994,6010.7686,Africa
7414,Zimbabwe,ZWE,1995,5964.615,Africa
7415,Zimbabwe,ZWE,1996,6474.188,Africa
7416,Zimbabwe,ZWE,1997,6524.091,Africa
7417,Zimbabwe,ZWE,1998,6582.377,Africa
7418,Zimbabwe,ZWE,1999,6423.737,Africa
7419,Zimbabwe,ZWE,2000,6170.361,Africa
7420,Zimbabwe,ZWE,2001,6217.439,Africa
7421,Zimbabwe,ZWE,2002,5610.216,Africa
7422,Zimbabwe,ZWE,2003,4601.6807,Africa
7423,Zimbabwe,ZWE,2004,4287.6167,Africa
7424,Zimbabwe,ZWE,2005,4004.682,Africa
7425,Zimbabwe,ZWE,2006,3819.25,Africa
7426,Zimbabwe,ZWE,2007,3631.5535,Africa
7427,Zimbabwe,ZWE,2008,2954.112,Africa
7428,Zimbabwe,ZWE,2009,3299.428,Africa
7429,Zimbabwe,ZWE,2010,3885.4106,Africa
7430,Zimbabwe,ZWE,2011,4358.945,Africa
7431,Zimbabwe,ZWE,2012,5003.509,Africa
7432,Zimbabwe,ZWE,2013,5031.7095,Africa
7433,Zimbabwe,ZWE,2014,5081.1343,Africa
7434,Zimbabwe,ZWE,2015,5102.7363,Africa
7435,Zimbabwe,ZWE,2016,5070.4243,Africa
7436,Zimbabwe,ZWE,2017,5234.4067,Africa
7437,Zimbabwe,ZWE,2018,5415.493,Africa
7438,Zimbabwe,ZWE,2019,4993.865,Africa
7439,Zimbabwe,ZWE,2020,4527.7393,Africa
7440,Zimbabwe,ZWE,2021,4827.1094,Africa
7441,Zimbabwe,ZWE,2022,5036.783,Africa
7442,Zimbabwe,ZWE,2023,5218.0454,Africa
7443,Zimbabwe,ZWE,2024,5211.8975,Africa
7444,Zimbabwe,ZWE,2025,5529.233,Africa
